sub_dest_x,sub_dest_y,connection_time,duration,start_x,start_y,end_x,end_y,initial_vel(x),initial_vel(y),x0,y0,x1,y1,x2,y2,x3,y3,x4,y4,x5,y5,x6,y6,x7,y7,x8,y8,x9,y9,x10,y10,x11,y11,x12,y12,x13,y13,x14,y14,x15,y15,x16,y16,x17,y17,x18,y18,x19,y19,x20,y20,circle_obst_x,circle_obst_y,circle_obst_rad,total_cost
-2,0,0,1.72728,-2,0,2,0,3,0,-2,0,-1.72972,0,-1.43706,0,-1.12695,0,-0.815559,0,-0.50417,0,-0.192782,0,0.109217,0,0.388919,0,0.646244,0,0.881194,0,1.09377,0,1.28396,0,1.45178,0,1.59723,0,1.7203,0,1.82099,0,1.89931,0,1.95525,0,1.98881,0,2,0,1.4,0,0.5,6.85386
-1.9,0,0.2,1.82774,-2,0,2,0,3,0,-2,0,-1.73837,0,-1.50179,0,-1.27376,0,-1.02157,0,-0.744331,0,-0.442034,0,-0.117118,0,0.196065,0,0.484193,0,0.747267,0,0.985287,0,1.19825,0,1.38616,0,1.54902,0,1.68682,0,1.79956,0,1.88725,0,1.94989,0,1.98747,0,2,0,1.4,0,0.5,6.85547
-1.9,0,0.4,1.9848,-2,0,2,0,3,0,-2,0,-1.71705,0,-1.46365,0,-1.2398,0,-1.04549,0,-0.852958,0,-0.630912,0,-0.379321,0,-0.0981849,0,0.212495,0,0.522724,0,0.803406,0,1.05454,0,1.27613,0,1.46818,0,1.63068,0,1.76364,0,1.86705,0,1.94091,0,1.98523,0,2,0,1.4,0,0.5,6.70865
-1.9,0,0.6,2.19332,-2,0,2,0,3,0,-2,0,-1.68904,0,-1.41416,0,-1.17536,0,-0.972645,0,-0.806006,0,-0.665355,0,-0.496634,0,-0.291834,0,-0.0509529,0,0.226008,0,0.538767,0,0.845446,0,1.11604,0,1.35056,0,1.549,0,1.71136,0,1.83764,0,1.92784,0,1.98196,0,2,0,1.4,0,0.5,6.93068
-1.9,0,0.8,2.46905,-2,0,2,0,3,0,-2,0,-1.6525,0,-1.35073,0,-1.09467,0,-0.884342,0,-0.719731,0,-0.60084,0,-0.515319,0,-0.394622,0,-0.228203,0,-0.0160636,0,0.241797,0,0.545379,0,0.879832,0,1.17702,0,1.42849,0,1.63423,0,1.79425,0,1.90856,0,1.97714,0,2,0,1.4,0,0.5,3.33809
-1.90865,0.0406737,0.2,1.82774,-2,0,2,0,3,0,-2,0,-1.73837,0.000115299,-1.50179,0.000461194,-1.27376,0.000936449,-1.02157,0.0013403,-0.744326,0.00166728,-0.442027,0.0019174,-0.117111,0.00209065,0.196071,0.00218704,0.484199,0.00220655,0.747272,0.0021492,0.98529,0.00201499,1.19825,0.0018039,1.38616,0.00151595,1.54902,0.00115114,1.68682,0.00076972,1.79956,0.00046416,1.88725,0.000235466,1.94989,8.36391e-05,1.98747,8.67877e-06,2,0,1.4,0,0.5,6.85546
-1.90865,0.0406737,0.4,1.98481,-2,0,2,0,3,0,-2,0,-1.71705,0.000135968,-1.46365,0.000543871,-1.23979,0.00122371,-1.04547,0.00217548,-0.852937,0.00314365,-0.630886,0.00384013,-0.37929,0.00426468,-0.0981487,0.00441729,0.212535,0.00429797,0.522757,0.00390671,0.803433,0.00324352,1.05456,0.00230839,1.27615,0.00132562,1.46819,0.000612492,1.63069,0.000171297,1.76364,2.03788e-06,1.86705,4.33681e-19,1.94091,4.33681e-19,1.98523,4.33681e-19,2,4.33681e-19,1.4,0,0.5,6.70867
-1.90865,0.0406737,0.6,2.4,-2,0,2,0,3,0,-2,0,-1.6616,0.000198801,-1.3664,0.000795204,-1.11439,0.00178921,-0.905585,0.00318082,-0.739977,0.00497003,-0.574369,0.00675924,-0.365562,0.00815085,-0.113558,0.00914485,0.181645,0.00974125,0.520012,0.00994006,0.855996,0.00974125,1.14878,0.00914485,1.39837,0.00815085,1.60476,0.00675924,1.76795,0.00497003,1.88794,0.00318082,1.96474,0.00178921,1.99833,0.000795204,2,0.000198801,2,1.73472e-18,1.4,0,0.5,7.34406
-1.90865,0.0406737,0.8,2.46909,-2,0,2,0,3,0,-2,0,-1.6525,0.000210412,-1.35071,0.00084165,-1.09465,0.00189371,-0.884314,0.0033666,-0.719695,0.00526031,-0.600798,0.00757485,-0.515265,0.0101586,-0.394552,0.0121702,-0.228122,0.0134806,-0.0159737,0.0140895,0.241892,0.0139972,0.545476,0.0132034,0.879914,0.0117083,1.17708,0.00951185,1.42853,0.00662819,1.63426,0.0039297,1.79427,0.00193256,1.90856,0.000636777,1.97714,4.23545e-05,2,-2.60209e-18,1.4,0,0.5,3.33819
-1.93309,0.0743145,0.2,2.7491,-2,0,2,0,3,0,-2,0,-1.61597,0.000434726,-1.27179,0.00158397,-0.882653,0.00266732,-0.436839,0.00357677,0.0490503,0.00431233,0.490992,0.00487399,0.876252,0.00526176,1.20483,0.00547563,1.47673,0.0055156,1.69194,0.00538167,1.85048,0.00507384,1.95233,0.00459212,1.9975,0.0039365,2,0.00310699,2,0.00217371,2,0.00139118,2,0.000782537,2,0.000347794,2,8.69485e-05,2,4.33681e-19,1.4,0,0.5,8.52592
-1.93309,0.0743145,0.4,2.2592,-2,0,2,0,3,0,-2,0,-1.68026,0.00029359,-1.39879,0.00117436,-1.1556,0.00264231,-0.942623,0.00459851,-0.702574,0.00633993,-0.424247,0.00772902,-0.107642,0.0087658,0.246857,0.00945026,0.59407,0.00978241,0.903005,0.00976223,1.17366,0.00938974,1.40604,0.00866494,1.60014,0.00758781,1.75596,0.00615837,1.87351,0.00440396,1.95278,0.00281854,1.99376,0.00158543,2,0.000704634,2,0.000176159,2,1.73472e-18,1.4,0,0.5,7.24225
-1.93309,0.0743145,0.6,2.4,-2,0,2,0,3,0,-2,0,-1.6616,0.000331327,-1.36639,0.00132531,-1.11438,0.00298194,-0.905559,0.00530123,-0.739936,0.00828317,-0.574314,0.0112651,-0.365496,0.0135844,-0.113483,0.015241,0.181725,0.016235,0.520093,0.0165663,0.856055,0.016235,1.14882,0.015241,1.39839,0.0135844,1.60477,0.0112651,1.76795,0.00828317,1.88794,0.00530123,1.96474,0.00298194,1.99833,0.00132531,2,0.000331327,2,0,1.4,0,0.5,7.3441
-1.93309,0.0743145,0.8,2.62342,-2,0,2,0,3,0,-2,0,-1.63229,0.000395886,-1.3162,0.00158354,-1.05171,0.00356297,-0.838839,0.00633417,-0.677578,0.00989715,-0.567927,0.0142519,-0.467984,0.018627,-0.31694,0.0219029,-0.114291,0.0240704,0.139964,0.0251294,0.445825,0.02508,0.798595,0.0239222,1.12493,0.0216559,1.39965,0.0182812,1.62277,0.013798,1.79429,0.00886751,1.9142,0.00498797,1.9825,0.00221688,2,0.000554219,2,0,1.4,0,0.5,3.64684
-1.9691,0.0951057,0.2,1.82775,-2,0,2,0,3,0,-2,0,-1.73836,0.000269016,-1.50177,0.00107606,-1.27374,0.00216805,-1.02154,0.00304309,-0.744281,0.00368753,-0.441972,0.00410138,-0.117055,0.00428462,0.196119,0.00423726,0.484239,0.0039593,0.747305,0.00345075,0.985317,0.00271159,1.19827,0.00177688,1.38618,0.000986918,1.54903,0.000427558,1.68683,9.87975e-05,1.79957,0,1.88726,0,1.94989,0,1.98747,0,2,0,1.4,0,0.5,6.85546
-1.9691,0.0951057,0.4,1.99687,-2,0,2,0,3,0,-2,0,-1.71542,0.000321103,-1.46074,0.00128441,-1.23596,0.00288992,-1.04107,0.00513764,-0.846563,0.00748398,-0.622151,0.00937161,-0.367837,0.0108005,-0.0836202,0.0117707,0.230382,0.0122821,0.540749,0.0123348,0.821214,0.0119287,1.07178,0.0110639,1.29244,0.00974042,1.48319,0.00795817,1.64405,0.00573419,1.775,0.00366988,1.87605,0.00206431,1.9472,0.000917471,1.98844,0.000229368,2,0,1.4,0,0.5,6.72073
-1.9691,0.0951057,0.6,2.19346,-2,0,2,0,3,0,-2,0,-1.68902,0.000387439,-1.41412,0.00154976,-1.17529,0.00348695,-0.972535,0.00619903,-0.805859,0.00968598,-0.665157,0.0136998,-0.496381,0.0169138,-0.291534,0.0191315,-0.0506169,0.0203529,0.226371,0.0205782,0.53914,0.0198072,0.845741,0.0180401,1.11627,0.0152767,1.35073,0.011517,1.54912,0.00728459,1.71144,0.00397296,1.83768,0.00165755,1.92786,0.000338361,1.98196,-3.46945e-18,2,-3.46945e-18,1.4,0,0.5,6.93105
-1.9691,0.0951057,0.8,2.46925,-2,0,2,0,3,0,-2,0,-1.65247,0.000490995,-1.35066,0.00196398,-1.09457,0.00441895,-0.884197,0.00785592,-0.719542,0.0122749,-0.600606,0.0176758,-0.515014,0.023717,-0.394237,0.0285057,-0.227757,0.0317514,-0.0155736,0.0334542,0.242313,0.0336141,0.545902,0.032231,0.880276,0.0293049,1.17735,0.0248359,1.42871,0.018824,1.63438,0.01207,1.79434,0.00673846,1.90859,0.00294987,1.97715,0.000704224,2,0,1.4,0,0.5,3.33851
-2.01045,0.0994522,0.2,1.82775,-2,0,2,0,3,0,-2,0,-1.73836,0.000269016,-1.50177,0.00107606,-1.27374,0.00216805,-1.02154,0.00304309,-0.744281,0.00368753,-0.441972,0.00410138,-0.117055,0.00428462,0.196119,0.00423726,0.484239,0.0039593,0.747305,0.00345075,0.985317,0.00271159,1.19827,0.00177688,1.38618,0.000986918,1.54903,0.000427558,1.68683,9.87975e-05,1.79957,0,1.88726,0,1.94989,0,1.98747,0,2,0,1.4,0,0.5,6.85546
-2.01045,0.0994522,0.4,1.99687,-2,0,2,0,3,0,-2,0,-1.71542,0.000321103,-1.46074,0.00128441,-1.23596,0.00288992,-1.04107,0.00513764,-0.846563,0.00748398,-0.622151,0.00937161,-0.367837,0.0108005,-0.0836202,0.0117707,0.230382,0.0122821,0.540749,0.0123348,0.821214,0.0119287,1.07178,0.0110639,1.29244,0.00974042,1.48319,0.00795817,1.64405,0.00573419,1.775,0.00366988,1.87605,0.00206431,1.9472,0.000917471,1.98844,0.000229368,2,0,1.4,0,0.5,6.72073
-2.01045,0.0994522,0.6,2.19346,-2,0,2,0,3,0,-2,0,-1.68902,0.000387439,-1.41412,0.00154976,-1.17529,0.00348695,-0.972535,0.00619903,-0.805859,0.00968598,-0.665157,0.0136998,-0.496381,0.0169138,-0.291534,0.0191315,-0.0506169,0.0203529,0.226371,0.0205782,0.53914,0.0198072,0.845741,0.0180401,1.11627,0.0152767,1.35073,0.011517,1.54912,0.00728459,1.71144,0.00397296,1.83768,0.00165755,1.92786,0.000338361,1.98196,-3.46945e-18,2,-3.46945e-18,1.4,0,0.5,6.93105
-2.01045,0.0994522,0.8,2.46925,-2,0,2,0,3,0,-2,0,-1.65247,0.000490995,-1.35066,0.00196398,-1.09457,0.00441895,-0.884197,0.00785592,-0.719542,0.0122749,-0.600606,0.0176758,-0.515014,0.023717,-0.394237,0.0285057,-0.227757,0.0317514,-0.0155736,0.0334542,0.242313,0.0336141,0.545902,0.032231,0.880276,0.0293049,1.17735,0.0248359,1.42871,0.018824,1.63438,0.01207,1.79434,0.00673846,1.90859,0.00294987,1.97715,0.000704224,2,0,1.4,0,0.5,3.33851
-2.05,0.0866025,0.2,1.82775,-2,0,2,0,3,0,-2,0,-1.73836,0.000269016,-1.50177,0.00107606,-1.27374,0.00216805,-1.02154,0.00304309,-0.744281,0.00368753,-0.441972,0.00410138,-0.117055,0.00428462,0.196119,0.00423726,0.484239,0.0039593,0.747305,0.00345075,0.985317,0.00271159,1.19827,0.00177688,1.38618,0.000986918,1.54903,0.000427558,1.68683,9.87975e-05,1.79957,0,1.88726,0,1.94989,0,1.98747,0,2,0,1.4,0,0.5,6.85546
-2.05,0.0866025,0.4,1.99687,-2,0,2,0,3,0,-2,0,-1.71542,0.000321103,-1.46074,0.00128441,-1.23596,0.00288992,-1.04107,0.00513764,-0.846563,0.00748398,-0.622151,0.00937161,-0.367837,0.0108005,-0.0836202,0.0117707,0.230382,0.0122821,0.540749,0.0123348,0.821214,0.0119287,1.07178,0.0110639,1.29244,0.00974042,1.48319,0.00795817,1.64405,0.00573419,1.775,0.00366988,1.87605,0.00206431,1.9472,0.000917471,1.98844,0.000229368,2,0,1.4,0,0.5,6.72073
-2.05,0.0866025,0.6,2.19346,-2,0,2,0,3,0,-2,0,-1.68902,0.000387439,-1.41412,0.00154976,-1.17529,0.00348695,-0.972535,0.00619903,-0.805859,0.00968598,-0.665157,0.0136998,-0.496381,0.0169138,-0.291534,0.0191315,-0.0506169,0.0203529,0.226371,0.0205782,0.53914,0.0198072,0.845741,0.0180401,1.11627,0.0152767,1.35073,0.011517,1.54912,0.00728459,1.71144,0.00397296,1.83768,0.00165755,1.92786,0.000338361,1.98196,-3.46945e-18,2,-3.46945e-18,1.4,0,0.5,6.93105
-2.05,0.0866025,0.8,2.46925,-2,0,2,0,3,0,-2,0,-1.65247,0.000490995,-1.35066,0.00196398,-1.09457,0.00441895,-0.884197,0.00785592,-0.719542,0.0122749,-0.600606,0.0176758,-0.515014,0.023717,-0.394237,0.0285057,-0.227757,0.0317514,-0.0155736,0.0334542,0.242313,0.0336141,0.545902,0.032231,0.880276,0.0293049,1.17735,0.0248359,1.42871,0.018824,1.63438,0.01207,1.79434,0.00673846,1.90859,0.00294987,1.97715,0.000704224,2,0,1.4,0,0.5,3.33851
-2.0809,0.0587785,0.2,2.7491,-2,0,2,0,3,0,-2,0,-1.61597,0.000434726,-1.27179,0.00158397,-0.882653,0.00266732,-0.436839,0.00357677,0.0490503,0.00431233,0.490992,0.00487399,0.876252,0.00526176,1.20483,0.00547563,1.47673,0.0055156,1.69194,0.00538167,1.85048,0.00507384,1.95233,0.00459212,1.9975,0.0039365,2,0.00310699,2,0.00217371,2,0.00139118,2,0.000782537,2,0.000347794,2,8.69485e-05,2,4.33681e-19,1.4,0,0.5,8.52592
-2.0809,0.0587785,0.4,2.2592,-2,0,2,0,3,0,-2,0,-1.68026,0.00029359,-1.39879,0.00117436,-1.1556,0.00264231,-0.942623,0.00459851,-0.702574,0.00633993,-0.424247,0.00772902,-0.107642,0.0087658,0.246857,0.00945026,0.59407,0.00978241,0.903005,0.00976223,1.17366,0.00938974,1.40604,0.00866494,1.60014,0.00758781,1.75596,0.00615837,1.87351,0.00440396,1.95278,0.00281854,1.99376,0.00158543,2,0.000704634,2,0.000176159,2,1.73472e-18,1.4,0,0.5,7.24225
-2.0809,0.0587785,0.6,2.4,-2,0,2,0,3,0,-2,0,-1.6616,0.000331327,-1.36639,0.00132531,-1.11438,0.00298194,-0.905559,0.00530123,-0.739936,0.00828317,-0.574314,0.0112651,-0.365496,0.0135844,-0.113483,0.015241,0.181725,0.016235,0.520093,0.0165663,0.856055,0.016235,1.14882,0.015241,1.39839,0.0135844,1.60477,0.0112651,1.76795,0.00828317,1.88794,0.00530123,1.96474,0.00298194,1.99833,0.00132531,2,0.000331327,2,0,1.4,0,0.5,7.3441
-2.0809,0.0587785,0.8,2.62342,-2,0,2,0,3,0,-2,0,-1.63229,0.000395886,-1.3162,0.00158354,-1.05171,0.00356297,-0.838839,0.00633417,-0.677578,0.00989715,-0.567927,0.0142519,-0.467984,0.018627,-0.31694,0.0219029,-0.114291,0.0240704,0.139964,0.0251294,0.445825,0.02508,0.798595,0.0239222,1.12493,0.0216559,1.39965,0.0182812,1.62277,0.013798,1.79429,0.00886751,1.9142,0.00498797,1.9825,0.00221688,2,0.000554219,2,0,1.4,0,0.5,3.64684
-2.09781,0.0207912,0.2,1.82774,-2,0,2,0,3,0,-2,0,-1.73837,3.84335e-05,-1.50179,0.000153734,-1.27376,0.000295281,-1.02157,0.000362693,-0.744331,0.000353237,-0.442034,0.000266915,-0.117118,0.000118238,0.196065,2.18487e-05,0.484193,2.71051e-20,0.747267,2.71051e-20,0.985287,2.71051e-20,1.19825,2.71051e-20,1.38616,2.71051e-20,1.54902,2.71051e-20,1.68682,2.71051e-20,1.79956,2.71051e-20,1.88725,2.71051e-20,1.94989,2.71051e-20,1.98747,2.71051e-20,2,2.71051e-20,1.4,0,0.5,6.85547
-2.09781,0.0207912,0.4,1.9848,-2,0,2,0,3,0,-2,0,-1.71705,4.53224e-05,-1.46365,0.00018129,-1.2398,0.000407902,-1.04549,0.000725159,-0.852958,0.00104788,-0.630912,0.00128005,-0.379321,0.00142157,-0.0981849,0.00147245,0.212495,0.00143268,0.522724,0.00130227,0.803406,0.00108121,1.05454,0.000769507,1.27613,0.000441908,1.46818,0.000204187,1.63068,5.71115e-05,1.76364,6.80661e-07,1.86705,1.0842e-19,1.94091,1.0842e-19,1.98523,1.0842e-19,2,1.0842e-19,1.4,0,0.5,6.70866
-2.09781,0.0207912,0.6,2.4,-2,0,2,0,3,0,-2,0,-1.6616,6.62679e-05,-1.3664,0.000265071,-1.1144,0.000596411,-0.905598,0.00106029,-0.739997,0.0016567,-0.574397,0.00225311,-0.365596,0.00271698,-0.113595,0.00304832,0.181605,0.00324713,0.519972,0.00331339,0.855966,0.00324713,1.14876,0.00304832,1.39836,0.00271698,1.60475,0.00225311,1.76795,0.0016567,1.88794,0.00106029,1.96474,0.000596411,1.99833,0.000265071,2,6.62679e-05,2,4.33681e-19,1.4,0,0.5,7.34404
-2.09781,0.0207912,0.8,3.2,-2,0,2,0,3,0,-2,0,-1.5584,0.00011781,-1.1936,0.000471238,-0.905598,0.00106029,-0.694397,0.00188495,-0.559995,0.00294524,-0.425594,0.00400552,-0.214393,0.00483019,0.0736083,0.00541924,0.438409,0.00577267,0.867146,0.00589048,1.24589,0.00577267,1.54783,0.00541924,1.77297,0.00483019,1.92131,0.00400552,1.99285,0.00294524,2,0.00188495,2,0.00106029,2,0.000471238,2,0.00011781,2,4.33681e-19,1.4,0,0.5,4.8
-2.09781,-0.0207912,0.2,1.82774,-2,0,2,0,3,0,-2,0,-1.73837,-3.84335e-05,-1.50179,-0.000153734,-1.27376,-0.000295281,-1.02157,-0.000362693,-0.744331,-0.000353237,-0.442034,-0.000266915,-0.117118,-0.000118238,0.196065,-2.18487e-05,0.484193,-2.71051e-20,0.747267,-2.71051e-20,0.985287,-2.71051e-20,1.19825,-2.71051e-20,1.38616,-2.71051e-20,1.54902,-2.71051e-20,1.68682,-2.71051e-20,1.79956,-2.71051e-20,1.88725,-2.71051e-20,1.94989,-2.71051e-20,1.98747,-2.71051e-20,2,-2.71051e-20,1.4,0,0.5,6.85547
-2.09781,-0.0207912,0.4,1.9848,-2,0,2,0,3,0,-2,0,-1.71705,-4.53224e-05,-1.46365,-0.00018129,-1.2398,-0.000407902,-1.04549,-0.000725159,-0.852958,-0.00104788,-0.630912,-0.00128005,-0.379321,-0.00142157,-0.0981849,-0.00147245,0.212495,-0.00143268,0.522724,-0.00130227,0.803406,-0.00108121,1.05454,-0.000769507,1.27613,-0.000441908,1.46818,-0.000204187,1.63068,-5.71115e-05,1.76364,-6.80661e-07,1.86705,-1.0842e-19,1.94091,-1.0842e-19,1.98523,-1.0842e-19,2,-1.0842e-19,1.4,0,0.5,6.70866
-2.09781,-0.0207912,0.6,2.4,-2,0,2,0,3,0,-2,0,-1.6616,-6.62679e-05,-1.3664,-0.000265071,-1.1144,-0.000596411,-0.905598,-0.00106029,-0.739997,-0.0016567,-0.574397,-0.00225311,-0.365596,-0.00271698,-0.113595,-0.00304832,0.181605,-0.00324713,0.519972,-0.00331339,0.855966,-0.00324713,1.14876,-0.00304832,1.39836,-0.00271698,1.60475,-0.00225311,1.76795,-0.0016567,1.88794,-0.00106029,1.96474,-0.000596411,1.99833,-0.000265071,2,-6.62679e-05,2,-4.33681e-19,1.4,0,0.5,7.34404
-2.09781,-0.0207912,0.8,3.2,-2,0,2,0,3,0,-2,0,-1.5584,-0.00011781,-1.1936,-0.000471238,-0.905598,-0.00106029,-0.694397,-0.00188495,-0.559995,-0.00294524,-0.425594,-0.00400552,-0.214393,-0.00483019,0.0736083,-0.00541924,0.438409,-0.00577267,0.867146,-0.00589048,1.24589,-0.00577267,1.54783,-0.00541924,1.77297,-0.00483019,1.92131,-0.00400552,1.99285,-0.00294524,2,-0.00188495,2,-0.00106029,2,-0.000471238,2,-0.00011781,2,-4.33681e-19,1.4,0,0.5,4.8
-2.0809,-0.0587785,0.2,2.7491,-2,0,2,0,3,0,-2,0,-1.61597,-0.000434726,-1.27179,-0.00158397,-0.882653,-0.00266732,-0.436839,-0.00357677,0.0490503,-0.00431233,0.490992,-0.00487399,0.876252,-0.00526176,1.20483,-0.00547563,1.47673,-0.0055156,1.69194,-0.00538167,1.85048,-0.00507384,1.95233,-0.00459212,1.9975,-0.0039365,2,-0.00310699,2,-0.00217371,2,-0.00139118,2,-0.000782537,2,-0.000347794,2,-8.69485e-05,2,-4.33681e-19,1.4,0,0.5,8.52592
-2.0809,-0.0587785,0.4,2.2592,-2,0,2,0,3,0,-2,0,-1.68026,-0.00029359,-1.39879,-0.00117436,-1.1556,-0.00264231,-0.942623,-0.00459851,-0.702574,-0.00633993,-0.424247,-0.00772902,-0.107642,-0.0087658,0.246857,-0.00945026,0.59407,-0.00978241,0.903005,-0.00976223,1.17366,-0.00938974,1.40604,-0.00866494,1.60014,-0.00758781,1.75596,-0.00615837,1.87351,-0.00440396,1.95278,-0.00281854,1.99376,-0.00158543,2,-0.000704634,2,-0.000176159,2,-1.73472e-18,1.4,0,0.5,7.24225
-2.0809,-0.0587785,0.6,2.4,-2,0,2,0,3,0,-2,0,-1.6616,-0.000331327,-1.36639,-0.00132531,-1.11438,-0.00298194,-0.905559,-0.00530123,-0.739936,-0.00828317,-0.574314,-0.0112651,-0.365496,-0.0135844,-0.113483,-0.015241,0.181725,-0.016235,0.520093,-0.0165663,0.856055,-0.016235,1.14882,-0.015241,1.39839,-0.0135844,1.60477,-0.0112651,1.76795,-0.00828317,1.88794,-0.00530123,1.96474,-0.00298194,1.99833,-0.00132531,2,-0.000331327,2,0,1.4,0,0.5,7.3441
-2.0809,-0.0587785,0.8,2.62342,-2,0,2,0,3,0,-2,0,-1.63229,-0.000395886,-1.3162,-0.00158354,-1.05171,-0.00356297,-0.838839,-0.00633417,-0.677578,-0.00989715,-0.567927,-0.0142519,-0.467984,-0.018627,-0.31694,-0.0219029,-0.114291,-0.0240704,0.139964,-0.0251294,0.445825,-0.02508,0.798595,-0.0239222,1.12493,-0.0216559,1.39965,-0.0182812,1.62277,-0.013798,1.79429,-0.00886751,1.9142,-0.00498797,1.9825,-0.00221688,2,-0.000554219,2,0,1.4,0,0.5,3.64684
-2.05,-0.0866025,0.2,1.82775,-2,0,2,0,3,0,-2,0,-1.73836,-0.000269016,-1.50177,-0.00107606,-1.27374,-0.00216805,-1.02154,-0.00304309,-0.744281,-0.00368753,-0.441972,-0.00410138,-0.117055,-0.00428462,0.196119,-0.00423726,0.484239,-0.0039593,0.747305,-0.00345075,0.985317,-0.00271159,1.19827,-0.00177688,1.38618,-0.000986918,1.54903,-0.000427558,1.68683,-9.87975e-05,1.79957,0,1.88726,0,1.94989,0,1.98747,0,2,0,1.4,0,0.5,6.85546
-2.05,-0.0866025,0.4,1.99687,-2,0,2,0,3,0,-2,0,-1.71542,-0.000321103,-1.46074,-0.00128441,-1.23596,-0.00288992,-1.04107,-0.00513764,-0.846563,-0.00748398,-0.622151,-0.00937161,-0.367837,-0.0108005,-0.0836202,-0.0117707,0.230382,-0.0122821,0.540749,-0.0123348,0.821214,-0.0119287,1.07178,-0.0110639,1.29244,-0.00974042,1.48319,-0.00795817,1.64405,-0.00573419,1.775,-0.00366988,1.87605,-0.00206431,1.9472,-0.000917471,1.98844,-0.000229368,2,0,1.4,0,0.5,6.72073
-2.05,-0.0866025,0.6,2.19346,-2,0,2,0,3,0,-2,0,-1.68902,-0.000387439,-1.41412,-0.00154976,-1.17529,-0.00348695,-0.972535,-0.00619903,-0.805859,-0.00968598,-0.665157,-0.0136998,-0.496381,-0.0169138,-0.291534,-0.0191315,-0.0506169,-0.0203529,0.226371,-0.0205782,0.53914,-0.0198072,0.845741,-0.0180401,1.11627,-0.0152767,1.35073,-0.011517,1.54912,-0.00728459,1.71144,-0.00397296,1.83768,-0.00165755,1.92786,-0.000338361,1.98196,3.46945e-18,2,3.46945e-18,1.4,0,0.5,6.93105
-2.05,-0.0866025,0.8,2.46925,-2,0,2,0,3,0,-2,0,-1.65247,-0.000490995,-1.35066,-0.00196398,-1.09457,-0.00441895,-0.884197,-0.00785592,-0.719542,-0.0122749,-0.600606,-0.0176758,-0.515014,-0.023717,-0.394237,-0.0285057,-0.227757,-0.0317514,-0.0155736,-0.0334542,0.242313,-0.0336141,0.545902,-0.032231,0.880276,-0.0293049,1.17735,-0.0248359,1.42871,-0.018824,1.63438,-0.01207,1.79434,-0.00673846,1.90859,-0.00294987,1.97715,-0.000704224,2,0,1.4,0,0.5,3.33851
-2.01045,-0.0994522,0.2,1.82775,-2,0,2,0,3,0,-2,0,-1.73836,-0.000269016,-1.50177,-0.00107606,-1.27374,-0.00216805,-1.02154,-0.00304309,-0.744281,-0.00368753,-0.441972,-0.00410138,-0.117055,-0.00428462,0.196119,-0.00423726,0.484239,-0.0039593,0.747305,-0.00345075,0.985317,-0.00271159,1.19827,-0.00177688,1.38618,-0.000986918,1.54903,-0.000427558,1.68683,-9.87975e-05,1.79957,0,1.88726,0,1.94989,0,1.98747,0,2,0,1.4,0,0.5,6.85546
-2.01045,-0.0994522,0.4,1.99687,-2,0,2,0,3,0,-2,0,-1.71542,-0.000321103,-1.46074,-0.00128441,-1.23596,-0.00288992,-1.04107,-0.00513764,-0.846563,-0.00748398,-0.622151,-0.00937161,-0.367837,-0.0108005,-0.0836202,-0.0117707,0.230382,-0.0122821,0.540749,-0.0123348,0.821214,-0.0119287,1.07178,-0.0110639,1.29244,-0.00974042,1.48319,-0.00795817,1.64405,-0.00573419,1.775,-0.00366988,1.87605,-0.00206431,1.9472,-0.000917471,1.98844,-0.000229368,2,0,1.4,0,0.5,6.72073
-2.01045,-0.0994522,0.6,2.19346,-2,0,2,0,3,0,-2,0,-1.68902,-0.000387439,-1.41412,-0.00154976,-1.17529,-0.00348695,-0.972535,-0.00619903,-0.805859,-0.00968598,-0.665157,-0.0136998,-0.496381,-0.0169138,-0.291534,-0.0191315,-0.0506169,-0.0203529,0.226371,-0.0205782,0.53914,-0.0198072,0.845741,-0.0180401,1.11627,-0.0152767,1.35073,-0.011517,1.54912,-0.00728459,1.71144,-0.00397296,1.83768,-0.00165755,1.92786,-0.000338361,1.98196,3.46945e-18,2,3.46945e-18,1.4,0,0.5,6.93105
-2.01045,-0.0994522,0.8,2.46925,-2,0,2,0,3,0,-2,0,-1.65247,-0.000490995,-1.35066,-0.00196398,-1.09457,-0.00441895,-0.884197,-0.00785592,-0.719542,-0.0122749,-0.600606,-0.0176758,-0.515014,-0.023717,-0.394237,-0.0285057,-0.227757,-0.0317514,-0.0155736,-0.0334542,0.242313,-0.0336141,0.545902,-0.032231,0.880276,-0.0293049,1.17735,-0.0248359,1.42871,-0.018824,1.63438,-0.01207,1.79434,-0.00673846,1.90859,-0.00294987,1.97715,-0.000704224,2,0,1.4,0,0.5,3.33851
-1.9691,-0.0951057,0.2,1.82775,-2,0,2,0,3,0,-2,0,-1.73836,-0.000269016,-1.50177,-0.00107606,-1.27374,-0.00216805,-1.02154,-0.00304309,-0.744281,-0.00368753,-0.441972,-0.00410138,-0.117055,-0.00428462,0.196119,-0.00423726,0.484239,-0.0039593,0.747305,-0.00345075,0.985317,-0.00271159,1.19827,-0.00177688,1.38618,-0.000986918,1.54903,-0.000427558,1.68683,-9.87975e-05,1.79957,0,1.88726,0,1.94989,0,1.98747,0,2,0,1.4,0,0.5,6.85546
-1.9691,-0.0951057,0.4,1.99687,-2,0,2,0,3,0,-2,0,-1.71542,-0.000321103,-1.46074,-0.00128441,-1.23596,-0.00288992,-1.04107,-0.00513764,-0.846563,-0.00748398,-0.622151,-0.00937161,-0.367837,-0.0108005,-0.0836202,-0.0117707,0.230382,-0.0122821,0.540749,-0.0123348,0.821214,-0.0119287,1.07178,-0.0110639,1.29244,-0.00974042,1.48319,-0.00795817,1.64405,-0.00573419,1.775,-0.00366988,1.87605,-0.00206431,1.9472,-0.000917471,1.98844,-0.000229368,2,0,1.4,0,0.5,6.72073
-1.9691,-0.0951057,0.6,2.19346,-2,0,2,0,3,0,-2,0,-1.68902,-0.000387439,-1.41412,-0.00154976,-1.17529,-0.00348695,-0.972535,-0.00619903,-0.805859,-0.00968598,-0.665157,-0.0136998,-0.496381,-0.0169138,-0.291534,-0.0191315,-0.0506169,-0.0203529,0.226371,-0.0205782,0.53914,-0.0198072,0.845741,-0.0180401,1.11627,-0.0152767,1.35073,-0.011517,1.54912,-0.00728459,1.71144,-0.00397296,1.83768,-0.00165755,1.92786,-0.000338361,1.98196,3.46945e-18,2,3.46945e-18,1.4,0,0.5,6.93105
-1.9691,-0.0951057,0.8,2.46925,-2,0,2,0,3,0,-2,0,-1.65247,-0.000490995,-1.35066,-0.00196398,-1.09457,-0.00441895,-0.884197,-0.00785592,-0.719542,-0.0122749,-0.600606,-0.0176758,-0.515014,-0.023717,-0.394237,-0.0285057,-0.227757,-0.0317514,-0.0155736,-0.0334542,0.242313,-0.0336141,0.545902,-0.032231,0.880276,-0.0293049,1.17735,-0.0248359,1.42871,-0.018824,1.63438,-0.01207,1.79434,-0.00673846,1.90859,-0.00294987,1.97715,-0.000704224,2,0,1.4,0,0.5,3.33851
-1.93309,-0.0743145,0.2,2.7491,-2,0,2,0,3,0,-2,0,-1.61597,-0.000434726,-1.27179,-0.00158397,-0.882653,-0.00266732,-0.436839,-0.00357677,0.0490503,-0.00431233,0.490992,-0.00487399,0.876252,-0.00526176,1.20483,-0.00547563,1.47673,-0.0055156,1.69194,-0.00538167,1.85048,-0.00507384,1.95233,-0.00459212,1.9975,-0.0039365,2,-0.00310699,2,-0.00217371,2,-0.00139118,2,-0.000782537,2,-0.000347794,2,-8.69485e-05,2,-4.33681e-19,1.4,0,0.5,8.52592
-1.93309,-0.0743145,0.4,2.2592,-2,0,2,0,3,0,-2,0,-1.68026,-0.00029359,-1.39879,-0.00117436,-1.1556,-0.00264231,-0.942623,-0.00459851,-0.702574,-0.00633993,-0.424247,-0.00772902,-0.107642,-0.0087658,0.246857,-0.00945026,0.59407,-0.00978241,0.903005,-0.00976223,1.17366,-0.00938974,1.40604,-0.00866494,1.60014,-0.00758781,1.75596,-0.00615837,1.87351,-0.00440396,1.95278,-0.00281854,1.99376,-0.00158543,2,-0.000704634,2,-0.000176159,2,-1.73472e-18,1.4,0,0.5,7.24225
-1.93309,-0.0743145,0.6,2.4,-2,0,2,0,3,0,-2,0,-1.6616,-0.000331327,-1.36639,-0.00132531,-1.11438,-0.00298194,-0.905559,-0.00530123,-0.739936,-0.00828317,-0.574314,-0.0112651,-0.365496,-0.0135844,-0.113483,-0.015241,0.181725,-0.016235,0.520093,-0.0165663,0.856055,-0.016235,1.14882,-0.015241,1.39839,-0.0135844,1.60477,-0.0112651,1.76795,-0.00828317,1.88794,-0.00530123,1.96474,-0.00298194,1.99833,-0.00132531,2,-0.000331327,2,0,1.4,0,0.5,7.3441
-1.93309,-0.0743145,0.8,2.62342,-2,0,2,0,3,0,-2,0,-1.63229,-0.000395886,-1.3162,-0.00158354,-1.05171,-0.00356297,-0.838839,-0.00633417,-0.677578,-0.00989715,-0.567927,-0.0142519,-0.467984,-0.018627,-0.31694,-0.0219029,-0.114291,-0.0240704,0.139964,-0.0251294,0.445825,-0.02508,0.798595,-0.0239222,1.12493,-0.0216559,1.39965,-0.0182812,1.62277,-0.013798,1.79429,-0.00886751,1.9142,-0.00498797,1.9825,-0.00221688,2,-0.000554219,2,0,1.4,0,0.5,3.64684
-1.90865,-0.0406737,0.2,1.82774,-2,0,2,0,3,0,-2,0,-1.73837,-0.000115299,-1.50179,-0.000461194,-1.27376,-0.000936449,-1.02157,-0.0013403,-0.744326,-0.00166728,-0.442027,-0.0019174,-0.117111,-0.00209065,0.196071,-0.00218704,0.484199,-0.00220655,0.747272,-0.0021492,0.98529,-0.00201499,1.19825,-0.0018039,1.38616,-0.00151595,1.54902,-0.00115114,1.68682,-0.00076972,1.79956,-0.00046416,1.88725,-0.000235466,1.94989,-8.36391e-05,1.98747,-8.67877e-06,2,0,1.4,0,0.5,6.85546
-1.90865,-0.0406737,0.4,1.98481,-2,0,2,0,3,0,-2,0,-1.71705,-0.000135968,-1.46365,-0.000543871,-1.23979,-0.00122371,-1.04547,-0.00217548,-0.852937,-0.00314365,-0.630886,-0.00384013,-0.37929,-0.00426468,-0.0981487,-0.00441729,0.212535,-0.00429797,0.522757,-0.00390671,0.803433,-0.00324352,1.05456,-0.00230839,1.27615,-0.00132562,1.46819,-0.000612492,1.63069,-0.000171297,1.76364,-2.03788e-06,1.86705,-4.33681e-19,1.94091,-4.33681e-19,1.98523,-4.33681e-19,2,-4.33681e-19,1.4,0,0.5,6.70867
-1.90865,-0.0406737,0.6,2.4,-2,0,2,0,3,0,-2,0,-1.6616,-0.000198801,-1.3664,-0.000795204,-1.11439,-0.00178921,-0.905585,-0.00318082,-0.739977,-0.00497003,-0.574369,-0.00675924,-0.365562,-0.00815085,-0.113558,-0.00914485,0.181645,-0.00974125,0.520012,-0.00994006,0.855996,-0.00974125,1.14878,-0.00914485,1.39837,-0.00815085,1.60476,-0.00675924,1.76795,-0.00497003,1.88794,-0.00318082,1.96474,-0.00178921,1.99833,-0.000795204,2,-0.000198801,2,-1.73472e-18,1.4,0,0.5,7.34406
-1.90865,-0.0406737,0.8,2.46909,-2,0,2,0,3,0,-2,0,-1.6525,-0.000210412,-1.35071,-0.00084165,-1.09465,-0.00189371,-0.884314,-0.0033666,-0.719695,-0.00526031,-0.600798,-0.00757485,-0.515265,-0.0101586,-0.394552,-0.0121702,-0.228122,-0.0134806,-0.0159737,-0.0140895,0.241892,-0.0139972,0.545476,-0.0132034,0.879914,-0.0117083,1.17708,-0.00951185,1.42853,-0.00662819,1.63426,-0.0039297,1.79427,-0.00193256,1.90856,-0.000636777,1.97714,-4.23545e-05,2,2.60209e-18,1.4,0,0.5,3.33819
-1,0,0.2,1.82774,-2,0,2,0,3,0,-2,0,-1.73837,0,-1.50179,0,-1.27376,0,-1.02157,0,-0.744331,0,-0.442034,0,-0.117118,0,0.196065,0,0.484193,0,0.747267,0,0.985287,0,1.19825,0,1.38616,0,1.54902,0,1.68682,0,1.79956,0,1.88725,0,1.94989,0,1.98747,0,2,0,1.4,0,0.5,6.85547
-1,0,0.4,1.9848,-2,0,2,0,3,0,-2,0,-1.71705,0,-1.46365,0,-1.2398,0,-1.04549,0,-0.852958,0,-0.630912,0,-0.379321,0,-0.0981849,0,0.212495,0,0.522724,0,0.803406,0,1.05454,0,1.27613,0,1.46818,0,1.63068,0,1.76364,0,1.86705,0,1.94091,0,1.98523,0,2,0,1.4,0,0.5,6.70865
-1,0,0.6,2.19332,-2,0,2,0,3,0,-2,0,-1.68904,0,-1.41416,0,-1.17536,0,-0.972645,0,-0.806006,0,-0.665355,0,-0.496634,0,-0.291834,0,-0.0509529,0,0.226008,0,0.538767,0,0.845446,0,1.11604,0,1.35056,0,1.549,0,1.71136,0,1.83764,0,1.92784,0,1.98196,0,2,0,1.4,0,0.5,6.93068
-1,0,0.8,2.46905,-2,0,2,0,3,0,-2,0,-1.6525,0,-1.35073,0,-1.09467,0,-0.884342,0,-0.719731,0,-0.60084,0,-0.515319,0,-0.394622,0,-0.228203,0,-0.0160636,0,0.241797,0,0.545379,0,0.879832,0,1.17702,0,1.42849,0,1.63423,0,1.79425,0,1.90856,0,1.97714,0,2,0,1.4,0,0.5,3.33809
-1.08645,0.406737,0.2,1.90387,-2,0,2,0,3,0,-2,0,-1.72786,0.00203571,-1.4826,0.00814284,-1.24238,0.0161707,-0.975274,0.022975,-0.681016,0.0285287,-0.359601,0.0328318,-0.0203582,0.0358843,0.297322,0.0376862,0.587846,0.0382374,0.851213,0.037538,1.08742,0.0355881,1.29648,0.0323875,1.47837,0.0279362,1.63312,0.0222344,1.7607,0.0156327,1.86113,0.0100049,1.9344,0.00562778,1.98051,0.00250124,1.99947,0.000625309,2,-6.93889e-18,1.4,0,0.5,6.93066
-1.08645,0.406737,0.4,1.99437,-2,0,2,0,3,0,-2,0,-1.71559,0.00223384,-1.46068,0.00893536,-1.23526,0.0201046,-1.03934,0.0357414,-0.843995,0.0520996,-0.618998,0.0652613,-0.364341,0.0752258,-0.0800248,0.0819932,0.23373,0.0855635,0.542588,0.0859367,0.821786,0.0831128,1.07132,0.0770918,1.2912,0.0678738,1.48142,0.0554586,1.64198,0.0399637,1.77288,0.0255768,1.87412,0.0143869,1.9457,0.0063942,1.98763,0.00159855,2,1.38778e-17,1.4,0,0.5,6.71831
-1.08645,0.406737,0.6,2.19763,-2,0,2,0,3,0,-2,0,-1.68826,0.00271238,-1.41234,0.0108495,-1.17223,0.0244114,-0.967927,0.0433981,-0.799443,0.0678096,-0.656365,0.0959386,-0.485195,0.119009,-0.278356,0.135777,-0.0358464,0.146243,0.242332,0.150406,0.555384,0.148268,0.858575,0.139828,1.1261,0.125086,1.35795,0.104042,1.55413,0.0766953,1.71464,0.0487663,1.83949,0.0271251,1.92866,0.0117859,1.98217,0.0027488,2,2.77556e-17,1.4,0,0.5,6.94392
-1.08645,0.406737,0.8,2.4879,-2,0,2,0,3,0,-2,0,-1.64976,0.00347621,-1.34543,0.0139048,-1.08699,0.0312859,-0.874451,0.0556193,-0.70781,0.0869052,-0.587068,0.125143,-0.497491,0.167474,-0.37121,0.200721,-0.199763,0.223241,0.0168499,0.235036,0.278629,0.236104,0.585574,0.226446,0.916513,0.206061,1.20678,0.174951,1.45188,0.133114,1.65181,0.08581,1.80658,0.0482681,1.91618,0.0214525,1.98061,0.00536312,2,-2.77556e-17,1.4,0,0.5,3.3758
-1.33087,0.743145,0.2,1.85267,-2,0,2,0,3,0,-2,0,-1.73465,0.00285867,-1.4944,0.0114347,-1.26129,0.0230646,-1.00315,0.0329748,-0.719327,0.0410699,-0.409826,0.0473501,-0.0797268,0.0518153,0.234252,0.0544655,0.522552,0.0553007,0.785173,0.0543209,1.02212,0.051526,1.23338,0.0469162,1.41896,0.0404914,1.57887,0.0322516,1.71309,0.0226875,1.82164,0.01452,1.90451,0.00816749,1.9617,0.00362999,1.99321,0.000907499,2,0,1.4,0,0.5,6.87832
-1.33087,0.743145,0.4,1.99501,-2,0,2,0,3,0,-2,0,-1.7153,0.00331479,-1.45971,0.0132592,-1.23322,0.0298331,-1.03583,0.0530367,-0.838851,0.0772973,-0.612399,0.0968165,-0.356475,0.111594,-0.0710805,0.121629,0.243268,0.126922,0.550318,0.127474,0.827898,0.123283,1.07601,0.11435,1.29464,0.100675,1.48381,0.0822588,1.6435,0.0592748,1.77373,0.0379358,1.87448,0.0213389,1.94576,0.00948396,1.98757,0.00237099,2,0,1.4,0,0.5,6.71907
-1.33087,0.743145,0.6,2.20644,-2,0,2,0,3,0,-2,0,-1.68684,0.00405462,-1.40927,0.0162185,-1.16731,0.0364915,-0.960945,0.0648739,-0.790183,0.101365,-0.64385,0.143222,-0.469031,0.177448,-0.258905,0.202369,-0.0134721,0.217984,0.267268,0.224292,0.581224,0.221295,0.880091,0.208993,1.14365,0.187384,1.3719,0.156469,1.56485,0.116249,1.72249,0.0744466,1.84482,0.0418762,1.93185,0.0186117,1.98357,0.00465291,2,-4.16334e-17,1.4,0,0.5,6.96726
-1.33087,0.743145,0.8,2.4917,-2,0,2,0,3,0,-2,0,-1.64895,0.00517082,-1.34329,0.0206833,-1.08304,0.0465374,-0.86819,0.0827331,-0.698741,0.12927,-0.574694,0.18615,-0.481121,0.248967,-0.351715,0.298163,-0.178564,0.331403,0.0383327,0.348687,0.298975,0.350015,0.603362,0.335388,0.928241,0.304805,1.21258,0.258266,1.45318,0.195771,1.65004,0.12568,1.80315,0.0703285,1.91251,0.0309324,1.97813,0.00749215,2,-5.55112e-17,1.4,0,0.5,3.3834
-1.69098,0.951057,0.2,1.82748,-2,0,2,0,3,0,-2,0,-1.73805,0.00293109,-1.50046,0.0117244,-1.27099,0.0238196,-1.01742,0.0341343,-0.738884,0.0425298,-0.43537,0.049006,-0.110299,0.053563,0.201876,0.0562007,0.489076,0.0569192,0.751303,0.0557185,0.988555,0.0525985,1.20083,0.0475592,1.38814,0.0406007,1.55047,0.031723,1.68783,0.0218111,1.80021,0.0136208,1.88762,0.00734969,1.95005,0.00299785,1.98751,0.000565243,2,-1.73472e-17,1.4,0,0.5,6.8529
-1.69098,0.951057,0.4,1.99062,-2,0,2,0,3,0,-2,0,-1.71585,0.00347779,-1.4606,0.0139112,-1.23424,0.0313001,-1.03678,0.0556446,-0.840197,0.0811944,-0.61433,0.101755,-0.359165,0.117325,-0.0747033,0.127904,0.23862,0.133492,0.54523,0.134089,0.822543,0.129694,1.07056,0.120309,1.28928,0.105933,1.4787,0.0865655,1.63882,0.0623878,1.76965,0.0399282,1.87118,0.0224596,1.94341,0.00998204,1.98635,0.00249551,2,2.77556e-17,1.4,0,0.5,6.7147
-1.69098,0.951057,0.6,2.20386,-2,0,2,0,3,0,-2,0,-1.68713,0.00426279,-1.40967,0.0170512,-1.16763,0.0383651,-0.961009,0.0682047,-0.789801,0.10657,-0.643151,0.150634,-0.468403,0.186692,-0.258576,0.212927,-0.0136712,0.229338,0.266312,0.235926,0.579338,0.23269,0.877501,0.219631,1.14059,0.196749,1.36859,0.164043,1.56152,0.121514,1.71938,0.0776066,1.84215,0.0434707,1.92984,0.0191581,1.98246,0.0046689,2,4.16334e-17,1.4,0,0.5,6.96326
-1.69098,0.951057,0.8,2.49413,-2,0,2,0,3,0,-2,0,-1.64856,0.00545965,-1.34248,0.0218386,-1.08176,0.0491368,-0.866396,0.0873544,-0.696393,0.136491,-0.57175,0.196547,-0.47726,0.262782,-0.346897,0.314612,-0.173004,0.349652,0.0444172,0.3679,0.305368,0.369358,0.609847,0.354024,0.933538,0.3219,1.21648,0.272984,1.45589,0.207278,1.65177,0.133339,1.80412,0.0748185,1.91294,0.0330886,1.97824,0.00814969,2,-1.11022e-16,1.4,0,0.5,3.38827
-2.10453,0.994522,0.2,1.83582,-2,0,2,0,3,0,-2,0,-1.73698,0.00265548,-1.49868,0.0106219,-1.26825,0.0215341,-1.01341,0.0308537,-0.733341,0.0384685,-0.428056,0.0443786,-0.101285,0.0485839,0.21166,0.0510844,0.499385,0.0518802,0.761892,0.0509712,0.999179,0.0483574,1.21125,0.0440388,1.3981,0.0380155,1.55972,0.0302875,1.69613,0.0213096,1.80733,0.0136381,1.8933,0.00767145,1.95405,0.00340954,1.98958,0.000852384,2,-1.04083e-17,1.4,0,0.5,6.86169
-2.10453,0.994522,0.4,1.99983,-2,0,2,0,3,0,-2,0,-1.71469,0.00315113,-1.4587,0.0126045,-1.23204,0.0283602,-1.03471,0.0504181,-0.837225,0.0733848,-0.610088,0.0918593,-0.353294,0.105842,-0.0668441,0.115332,0.248634,0.12033,0.556108,0.120836,0.833926,0.11685,1.08209,0.108371,1.30059,0.0954009,1.48944,0.0779382,1.64863,0.0561519,1.77817,0.0359372,1.87804,0.0202147,1.94827,0.00898431,1.98883,0.00224608,2,2.77556e-17,1.4,0,0.5,6.72387
-2.10453,0.994522,0.6,2.20186,-2,0,2,0,3,0,-2,0,-1.6875,0.00381996,-1.41054,0.0152799,-1.16914,0.0343797,-0.963283,0.0611194,-0.792978,0.0954991,-0.647509,0.135026,-0.473937,0.167386,-0.265094,0.190911,-0.0209789,0.205601,0.258408,0.211456,0.571503,0.208476,0.871311,0.19666,1.13585,0.17601,1.36511,0.146524,1.55911,0.108204,1.71783,0.0689176,1.84128,0.0384384,1.92946,0.0167942,1.98236,0.00398515,2,0,1.4,0,0.5,6.95695
-2.10453,0.994522,0.8,2.48941,-2,0,2,0,3,0,-2,0,-1.64931,0.00488285,-1.34406,0.0195314,-1.08425,0.0439456,-0.869885,0.0781256,-0.700959,0.122071,-0.577473,0.175783,-0.484766,0.235178,-0.356267,0.281724,-0.183818,0.31315,0.0325823,0.329457,0.292933,0.330643,0.597234,0.31671,0.923213,0.287656,1.20889,0.243483,1.45062,0.184189,1.6484,0.11796,1.80222,0.0657948,1.9121,0.0287495,1.97802,0.0068242,2,0,1.4,0,0.5,3.37881
-2.5,0.866025,0.2,1.85915,-2,0,2,0,3,0,-2,0,-1.73391,0.00213754,-1.49339,0.00855015,-1.25992,0.0172126,-1.00115,0.0245881,-0.71649,0.0306123,-0.405944,0.035285,-0.0746039,0.0386063,0.240194,0.0405762,0.529103,0.0411947,0.792125,0.0404617,1.02926,0.0383774,1.2405,0.0349416,1.42586,0.0301544,1.58533,0.0240157,1.71891,0.0168928,1.82661,0.0108114,1.90841,0.00608139,1.96433,0.00270284,1.99436,0.00067571,2,-6.93889e-18,1.4,0,0.5,6.88573
-2.5,0.866025,0.4,1.98605,-2,0,2,0,3,0,-2,0,-1.71668,0.0024393,-1.46254,0.00975722,-1.23758,0.0219537,-1.04179,0.0390289,-0.847535,0.0570107,-0.623927,0.0714647,-0.370948,0.0823875,-0.0885974,0.0897792,0.22303,0.0936397,0.53143,0.093969,0.810458,0.0907671,1.06012,0.0840341,1.2804,0.0737699,1.47131,0.0599746,1.63286,0.0428516,1.76503,0.0272209,1.86783,0.0151213,1.94126,0.00655286,1.98531,0.00151561,2,1.38778e-17,1.4,0,0.5,6.70999
-2.5,0.866025,0.6,2.20768,-2,0,2,0,3,0,-2,0,-1.68687,0.00301411,-1.4098,0.0120564,-1.16878,0.027127,-0.963819,0.0482258,-0.794907,0.0753528,-0.650588,0.106447,-0.477199,0.131857,-0.267915,0.150356,-0.0227371,0.161944,0.258336,0.166621,0.57375,0.164386,0.875787,0.155241,1.14193,0.139184,1.37218,0.116215,1.56653,0.0863361,1.72498,0.0552896,1.84755,0.0311004,1.93422,0.0138224,1.98499,0.0034556,2,0,1.4,0,0.5,6.96506
-2.5,0.866025,0.8,2.48562,-2,0,2,0,3,0,-2,0,-1.65001,0.0038208,-1.34572,0.0152832,-1.08713,0.0343872,-0.874252,0.0611329,-0.707072,0.0955201,-0.585594,0.137549,-0.495477,0.184137,-0.369196,0.220773,-0.198108,0.245599,0.0177862,0.258616,0.278488,0.259822,0.583996,0.249219,0.913741,0.226806,1.20334,0.192584,1.44813,0.146551,1.64811,0.094478,1.80328,0.0531439,1.91365,0.0236195,1.97922,0.00590488,2,-8.32667e-17,1.4,0,0.5,3.37123
-2.80902,0.587785,0.2,1.82768,-2,0,2,0,3,0,-2,0,-1.73831,0.00130428,-1.50153,0.00521713,-1.27322,0.0106015,-1.02077,0.0152019,-0.743273,0.0189571,-0.44074,0.0218669,-0.11578,0.0239314,0.197205,0.0251505,0.485152,0.0255244,0.748059,0.0250529,0.985928,0.0237361,1.19876,0.021574,1.38655,0.0185666,1.5493,0.0147138,1.68701,0.0102833,1.79969,0.00653638,1.88733,0.00363479,1.94992,0.00157851,1.98748,0.000367558,2,5.20417e-18,1.4,0,0.5,6.85495
-2.80902,0.587785,0.4,1.98535,-2,0,2,0,3,0,-2,0,-1.7169,0.00153903,-1.4632,0.00615614,-1.2389,0.0138513,-1.044,0.0246245,-0.850777,0.0359596,-0.628105,0.0450317,-0.375957,0.0518388,-0.0943334,0.0563806,0.216743,0.0586573,0.526234,0.0586687,0.80625,0.0564151,1.05679,0.0518962,1.27785,0.0451122,1.46944,0.036063,1.63156,0.0250997,1.7642,0.0155688,1.86736,0.00830302,1.94105,0.00330246,1.98526,0.000567063,2,-6.93889e-18,1.4,0,0.5,6.70924
-2.80902,0.587785,0.6,2.20777,-2,0,2,0,3,0,-2,0,-1.68701,0.00190317,-1.41039,0.00761269,-1.17012,0.0171285,-0.966205,0.0304508,-0.798651,0.0475793,-0.655874,0.0672118,-0.483686,0.083255,-0.275204,0.0949346,-0.0304255,0.102251,0.250648,0.105203,0.566857,0.103792,0.871251,0.098017,1.13935,0.0878786,1.37115,0.0733766,1.56666,0.054511,1.72587,0.0349088,1.84879,0.0196362,1.93541,0.0087272,1.98574,0.0021818,2,1.38778e-17,1.4,0,0.5,6.96181
-2.80902,0.587785,0.8,2.47763,-2,0,2,0,3,0,-2,0,-1.65125,0.00239687,-1.34829,0.00958749,-1.09112,0.0215719,-0.879739,0.03835,-0.714148,0.0599218,-0.594346,0.0862874,-0.506925,0.115646,-0.38363,0.138836,-0.214902,0.154571,-0.000741123,0.162854,0.258852,0.163684,0.563878,0.15706,0.896736,0.142983,1.19064,0.121453,1.43911,0.0924691,1.64215,0.0596258,1.79976,0.0335395,1.91193,0.0149065,1.97867,0.00372661,2,2.77556e-17,1.4,0,0.5,3.35526
-2.97815,0.207912,0.2,2.10302,-2,0,2,0,3,0,-2,0,-1.70112,0.000559599,-1.43508,0.00223156,-1.16285,0.00417775,-0.857447,0.00581866,-0.518878,0.00715427,-0.148457,0.0081846,0.21248,0.00890963,0.54025,0.00932938,0.83485,0.00944384,1.09628,0.009253,1.32454,0.00875688,1.51964,0.00795547,1.68157,0.00684877,1.81032,0.00543678,1.90591,0.00381612,1.96833,0.00244231,1.99758,0.0013738,2,0.000610579,2,0.000152645,2,2.60209e-18,1.4,0,0.5,7.23371
-2.97815,0.207912,0.4,2.16553,-2,0,2,0,3,0,-2,0,-1.69275,0.00059336,-1.42064,0.00237344,-1.18369,0.00534024,-0.978608,0.00940299,-0.755304,0.0131785,-0.496837,0.0161987,-0.203207,0.0184636,0.125586,0.0199733,0.469243,0.0207277,0.779766,0.0207268,1.05513,0.0199707,1.29532,0.0184593,1.50036,0.0161926,1.67023,0.0131707,1.80493,0.00944088,1.90448,0.00604216,1.96886,0.00339872,1.99807,0.00151054,2,0.000377635,2,0,1.4,0,0.5,7.05493
-2.97815,0.207912,0.6,2.19355,-2,0,2,0,3,0,-2,0,-1.689,0.000608818,-1.41407,0.00243527,-1.1752,0.00547937,-0.972404,0.0097411,-0.805673,0.0152205,-0.6649,0.0215452,-0.496055,0.0267251,-0.29115,0.0304661,-0.0501873,0.0327682,0.226835,0.0336313,0.539616,0.0330556,0.846116,0.0310409,1.11656,0.0275873,1.35094,0.0226948,1.54926,0.0163695,1.71153,0.0102254,1.83774,0.00552019,1.92788,0.0022539,1.98197,0.000426526,2,-6.93889e-18,1.4,0,0.5,6.93138
-2.97815,0.207912,0.8,2.48597,-2,0,2,0,3,0,-2,0,-1.65027,0.000781956,-1.34686,0.00312782,-1.08977,0.0070376,-0.879011,0.0125113,-0.714573,0.0195489,-0.596459,0.0281504,-0.509946,0.0376831,-0.385953,0.045178,-0.215673,0.0502565,0.000893614,0.0529188,0.263748,0.0531647,0.572889,0.0509943,0.908427,0.0464076,1.20317,0.0394046,1.45163,0.0299852,1.65379,0.0193305,1.80967,0.0108734,1.91927,0.00483263,1.98258,0.00120816,2,0,1.4,0,0.5,3.37193
-2.97815,-0.207912,0.2,2.10302,-2,0,2,0,3,0,-2,0,-1.70112,-0.000559599,-1.43508,-0.00223156,-1.16285,-0.00417775,-0.857447,-0.00581866,-0.518878,-0.00715427,-0.148457,-0.0081846,0.21248,-0.00890963,0.54025,-0.00932938,0.83485,-0.00944384,1.09628,-0.009253,1.32454,-0.00875688,1.51964,-0.00795547,1.68157,-0.00684877,1.81032,-0.00543678,1.90591,-0.00381612,1.96833,-0.00244231,1.99758,-0.0013738,2,-0.000610579,2,-0.000152645,2,-2.60209e-18,1.4,0,0.5,7.23371
-2.97815,-0.207912,0.4,2.16553,-2,0,2,0,3,0,-2,0,-1.69275,-0.00059336,-1.42064,-0.00237344,-1.18369,-0.00534024,-0.978608,-0.00940299,-0.755304,-0.0131785,-0.496837,-0.0161987,-0.203207,-0.0184636,0.125586,-0.0199733,0.469243,-0.0207277,0.779766,-0.0207268,1.05513,-0.0199707,1.29532,-0.0184593,1.50036,-0.0161926,1.67023,-0.0131707,1.80493,-0.00944088,1.90448,-0.00604216,1.96886,-0.00339872,1.99807,-0.00151054,2,-0.000377635,2,0,1.4,0,0.5,7.05493
-2.97815,-0.207912,0.6,2.19355,-2,0,2,0,3,0,-2,0,-1.689,-0.000608818,-1.41407,-0.00243527,-1.1752,-0.00547937,-0.972404,-0.0097411,-0.805673,-0.0152205,-0.6649,-0.0215452,-0.496055,-0.0267251,-0.29115,-0.0304661,-0.0501873,-0.0327682,0.226835,-0.0336313,0.539616,-0.0330556,0.846116,-0.0310409,1.11656,-0.0275873,1.35094,-0.0226948,1.54926,-0.0163695,1.71153,-0.0102254,1.83774,-0.00552019,1.92788,-0.0022539,1.98197,-0.000426526,2,6.93889e-18,1.4,0,0.5,6.93138
-2.97815,-0.207912,0.8,2.48597,-2,0,2,0,3,0,-2,0,-1.65027,-0.000781956,-1.34686,-0.00312782,-1.08977,-0.0070376,-0.879011,-0.0125113,-0.714573,-0.0195489,-0.596459,-0.0281504,-0.509946,-0.0376831,-0.385953,-0.045178,-0.215673,-0.0502565,0.000893614,-0.0529188,0.263748,-0.0531647,0.572889,-0.0509943,0.908427,-0.0464076,1.20317,-0.0394046,1.45163,-0.0299852,1.65379,-0.0193305,1.80967,-0.0108734,1.91927,-0.00483263,1.98258,-0.00120816,2,0,1.4,0,0.5,3.37193
-2.80902,-0.587785,0.2,1.82768,-2,0,2,0,3,0,-2,0,-1.73831,-0.00130428,-1.50153,-0.00521713,-1.27322,-0.0106015,-1.02077,-0.0152019,-0.743273,-0.0189571,-0.44074,-0.0218669,-0.11578,-0.0239314,0.197205,-0.0251505,0.485152,-0.0255244,0.748059,-0.0250529,0.985928,-0.0237361,1.19876,-0.021574,1.38655,-0.0185666,1.5493,-0.0147138,1.68701,-0.0102833,1.79969,-0.00653638,1.88733,-0.00363479,1.94992,-0.00157851,1.98748,-0.000367558,2,-5.20417e-18,1.4,0,0.5,6.85495
-2.80902,-0.587785,0.4,1.98535,-2,0,2,0,3,0,-2,0,-1.7169,-0.00153903,-1.4632,-0.00615614,-1.2389,-0.0138513,-1.044,-0.0246245,-0.850777,-0.0359596,-0.628105,-0.0450317,-0.375957,-0.0518388,-0.0943334,-0.0563806,0.216743,-0.0586573,0.526234,-0.0586687,0.80625,-0.0564151,1.05679,-0.0518962,1.27785,-0.0451122,1.46944,-0.036063,1.63156,-0.0250997,1.7642,-0.0155688,1.86736,-0.00830302,1.94105,-0.00330246,1.98526,-0.000567063,2,6.93889e-18,1.4,0,0.5,6.70924
-2.80902,-0.587785,0.6,2.20777,-2,0,2,0,3,0,-2,0,-1.68701,-0.00190317,-1.41039,-0.00761269,-1.17012,-0.0171285,-0.966205,-0.0304508,-0.798651,-0.0475793,-0.655874,-0.0672118,-0.483686,-0.083255,-0.275204,-0.0949346,-0.0304255,-0.102251,0.250648,-0.105203,0.566857,-0.103792,0.871251,-0.098017,1.13935,-0.0878786,1.37115,-0.0733766,1.56666,-0.054511,1.72587,-0.0349088,1.84879,-0.0196362,1.93541,-0.0087272,1.98574,-0.0021818,2,-1.38778e-17,1.4,0,0.5,6.96181
-2.80902,-0.587785,0.8,2.47763,-2,0,2,0,3,0,-2,0,-1.65125,-0.00239687,-1.34829,-0.00958749,-1.09112,-0.0215719,-0.879739,-0.03835,-0.714148,-0.0599218,-0.594346,-0.0862874,-0.506925,-0.115646,-0.38363,-0.138836,-0.214902,-0.154571,-0.000741123,-0.162854,0.258852,-0.163684,0.563878,-0.15706,0.896736,-0.142983,1.19064,-0.121453,1.43911,-0.0924691,1.64215,-0.0596258,1.79976,-0.0335395,1.91193,-0.0149065,1.97867,-0.00372661,2,-2.77556e-17,1.4,0,0.5,3.35526
-2.5,-0.866025,0.2,1.85915,-2,0,2,0,3,0,-2,0,-1.73391,-0.00213754,-1.49339,-0.00855015,-1.25992,-0.0172126,-1.00115,-0.0245881,-0.71649,-0.0306123,-0.405944,-0.035285,-0.0746039,-0.0386063,0.240194,-0.0405762,0.529103,-0.0411947,0.792125,-0.0404617,1.02926,-0.0383774,1.2405,-0.0349416,1.42586,-0.0301544,1.58533,-0.0240157,1.71891,-0.0168928,1.82661,-0.0108114,1.90841,-0.00608139,1.96433,-0.00270284,1.99436,-0.00067571,2,6.93889e-18,1.4,0,0.5,6.88573
-2.5,-0.866025,0.4,1.98605,-2,0,2,0,3,0,-2,0,-1.71668,-0.0024393,-1.46254,-0.00975722,-1.23758,-0.0219537,-1.04179,-0.0390289,-0.847535,-0.0570107,-0.623927,-0.0714647,-0.370948,-0.0823875,-0.0885974,-0.0897792,0.22303,-0.0936397,0.53143,-0.093969,0.810458,-0.0907671,1.06012,-0.0840341,1.2804,-0.0737699,1.47131,-0.0599746,1.63286,-0.0428516,1.76503,-0.0272209,1.86783,-0.0151213,1.94126,-0.00655286,1.98531,-0.00151561,2,-1.38778e-17,1.4,0,0.5,6.70999
-2.5,-0.866025,0.6,2.20768,-2,0,2,0,3,0,-2,0,-1.68687,-0.00301411,-1.4098,-0.0120564,-1.16878,-0.027127,-0.963819,-0.0482258,-0.794907,-0.0753528,-0.650588,-0.106447,-0.477199,-0.131857,-0.267915,-0.150356,-0.0227371,-0.161944,0.258336,-0.166621,0.57375,-0.164386,0.875787,-0.155241,1.14193,-0.139184,1.37218,-0.116215,1.56653,-0.0863361,1.72498,-0.0552896,1.84755,-0.0311004,1.93422,-0.0138224,1.98499,-0.0034556,2,0,1.4,0,0.5,6.96506
-2.5,-0.866025,0.8,2.48562,-2,0,2,0,3,0,-2,0,-1.65001,-0.0038208,-1.34572,-0.0152832,-1.08713,-0.0343872,-0.874252,-0.0611329,-0.707072,-0.0955201,-0.585594,-0.137549,-0.495477,-0.184137,-0.369196,-0.220773,-0.198108,-0.245599,0.0177862,-0.258616,0.278488,-0.259822,0.583996,-0.249219,0.913741,-0.226806,1.20334,-0.192584,1.44813,-0.146551,1.64811,-0.094478,1.80328,-0.0531439,1.91365,-0.0236195,1.97922,-0.00590488,2,8.32667e-17,1.4,0,0.5,3.37123
-2.10453,-0.994522,0.2,1.83582,-2,0,2,0,3,0,-2,0,-1.73698,-0.00265548,-1.49868,-0.0106219,-1.26825,-0.0215341,-1.01341,-0.0308537,-0.733341,-0.0384685,-0.428056,-0.0443786,-0.101285,-0.0485839,0.21166,-0.0510844,0.499385,-0.0518802,0.761892,-0.0509712,0.999179,-0.0483574,1.21125,-0.0440388,1.3981,-0.0380155,1.55972,-0.0302875,1.69613,-0.0213096,1.80733,-0.0136381,1.8933,-0.00767145,1.95405,-0.00340954,1.98958,-0.000852384,2,1.04083e-17,1.4,0,0.5,6.86169
-2.10453,-0.994522,0.4,1.99983,-2,0,2,0,3,0,-2,0,-1.71469,-0.00315113,-1.4587,-0.0126045,-1.23204,-0.0283602,-1.03471,-0.0504181,-0.837225,-0.0733848,-0.610088,-0.0918593,-0.353294,-0.105842,-0.0668441,-0.115332,0.248634,-0.12033,0.556108,-0.120836,0.833926,-0.11685,1.08209,-0.108371,1.30059,-0.0954009,1.48944,-0.0779382,1.64863,-0.0561519,1.77817,-0.0359372,1.87804,-0.0202147,1.94827,-0.00898431,1.98883,-0.00224608,2,-2.77556e-17,1.4,0,0.5,6.72387
-2.10453,-0.994522,0.6,2.20186,-2,0,2,0,3,0,-2,0,-1.6875,-0.00381996,-1.41054,-0.0152799,-1.16914,-0.0343797,-0.963283,-0.0611194,-0.792978,-0.0954991,-0.647509,-0.135026,-0.473937,-0.167386,-0.265094,-0.190911,-0.0209789,-0.205601,0.258408,-0.211456,0.571503,-0.208476,0.871311,-0.19666,1.13585,-0.17601,1.36511,-0.146524,1.55911,-0.108204,1.71783,-0.0689176,1.84128,-0.0384384,1.92946,-0.0167942,1.98236,-0.00398515,2,0,1.4,0,0.5,6.95695
-2.10453,-0.994522,0.8,2.48941,-2,0,2,0,3,0,-2,0,-1.64931,-0.00488285,-1.34406,-0.0195314,-1.08425,-0.0439456,-0.869885,-0.0781256,-0.700959,-0.122071,-0.577473,-0.175783,-0.484766,-0.235178,-0.356267,-0.281724,-0.183818,-0.31315,0.0325823,-0.329457,0.292933,-0.330643,0.597234,-0.31671,0.923213,-0.287656,1.20889,-0.243483,1.45062,-0.184189,1.6484,-0.11796,1.80222,-0.0657948,1.9121,-0.0287495,1.97802,-0.0068242,2,0,1.4,0,0.5,3.37881
-1.69098,-0.951057,0.2,1.82748,-2,0,2,0,3,0,-2,0,-1.73805,-0.00293109,-1.50046,-0.0117244,-1.27099,-0.0238196,-1.01742,-0.0341343,-0.738884,-0.0425298,-0.43537,-0.049006,-0.110299,-0.053563,0.201876,-0.0562007,0.489076,-0.0569192,0.751303,-0.0557185,0.988555,-0.0525985,1.20083,-0.0475592,1.38814,-0.0406007,1.55047,-0.031723,1.68783,-0.0218111,1.80021,-0.0136208,1.88762,-0.00734969,1.95005,-0.00299785,1.98751,-0.000565243,2,1.73472e-17,1.4,0,0.5,6.8529
-1.69098,-0.951057,0.4,1.99062,-2,0,2,0,3,0,-2,0,-1.71585,-0.00347779,-1.4606,-0.0139112,-1.23424,-0.0313001,-1.03678,-0.0556446,-0.840197,-0.0811944,-0.61433,-0.101755,-0.359165,-0.117325,-0.0747033,-0.127904,0.23862,-0.133492,0.54523,-0.134089,0.822543,-0.129694,1.07056,-0.120309,1.28928,-0.105933,1.4787,-0.0865655,1.63882,-0.0623878,1.76965,-0.0399282,1.87118,-0.0224596,1.94341,-0.00998204,1.98635,-0.00249551,2,-2.77556e-17,1.4,0,0.5,6.7147
-1.69098,-0.951057,0.6,2.20386,-2,0,2,0,3,0,-2,0,-1.68713,-0.00426279,-1.40967,-0.0170512,-1.16763,-0.0383651,-0.961009,-0.0682047,-0.789801,-0.10657,-0.643151,-0.150634,-0.468403,-0.186692,-0.258576,-0.212927,-0.0136712,-0.229338,0.266312,-0.235926,0.579338,-0.23269,0.877501,-0.219631,1.14059,-0.196749,1.36859,-0.164043,1.56152,-0.121514,1.71938,-0.0776066,1.84215,-0.0434707,1.92984,-0.0191581,1.98246,-0.0046689,2,-4.16334e-17,1.4,0,0.5,6.96326
-1.69098,-0.951057,0.8,2.49413,-2,0,2,0,3,0,-2,0,-1.64856,-0.00545965,-1.34248,-0.0218386,-1.08176,-0.0491368,-0.866396,-0.0873544,-0.696393,-0.136491,-0.57175,-0.196547,-0.47726,-0.262782,-0.346897,-0.314612,-0.173004,-0.349652,0.0444172,-0.3679,0.305368,-0.369358,0.609847,-0.354024,0.933538,-0.3219,1.21648,-0.272984,1.45589,-0.207278,1.65177,-0.133339,1.80412,-0.0748185,1.91294,-0.0330886,1.97824,-0.00814969,2,1.11022e-16,1.4,0,0.5,3.38827
-1.33087,-0.743145,0.2,1.85267,-2,0,2,0,3,0,-2,0,-1.73465,-0.00285867,-1.4944,-0.0114347,-1.26129,-0.0230646,-1.00315,-0.0329748,-0.719327,-0.0410699,-0.409826,-0.0473501,-0.0797268,-0.0518153,0.234252,-0.0544655,0.522552,-0.0553007,0.785173,-0.0543209,1.02212,-0.051526,1.23338,-0.0469162,1.41896,-0.0404914,1.57887,-0.0322516,1.71309,-0.0226875,1.82164,-0.01452,1.90451,-0.00816749,1.9617,-0.00362999,1.99321,-0.000907499,2,0,1.4,0,0.5,6.87832
-1.33087,-0.743145,0.4,1.99501,-2,0,2,0,3,0,-2,0,-1.7153,-0.00331479,-1.45971,-0.0132592,-1.23322,-0.0298331,-1.03583,-0.0530367,-0.838851,-0.0772973,-0.612399,-0.0968165,-0.356475,-0.111594,-0.0710805,-0.121629,0.243268,-0.126922,0.550318,-0.127474,0.827898,-0.123283,1.07601,-0.11435,1.29464,-0.100675,1.48381,-0.0822588,1.6435,-0.0592748,1.77373,-0.0379358,1.87448,-0.0213389,1.94576,-0.00948396,1.98757,-0.00237099,2,0,1.4,0,0.5,6.71907
-1.33087,-0.743145,0.6,2.20644,-2,0,2,0,3,0,-2,0,-1.68684,-0.00405462,-1.40927,-0.0162185,-1.16731,-0.0364915,-0.960945,-0.0648739,-0.790183,-0.101365,-0.64385,-0.143222,-0.469031,-0.177448,-0.258905,-0.202369,-0.0134721,-0.217984,0.267268,-0.224292,0.581224,-0.221295,0.880091,-0.208993,1.14365,-0.187384,1.3719,-0.156469,1.56485,-0.116249,1.72249,-0.0744466,1.84482,-0.0418762,1.93185,-0.0186117,1.98357,-0.00465291,2,4.16334e-17,1.4,0,0.5,6.96726
-1.33087,-0.743145,0.8,2.4917,-2,0,2,0,3,0,-2,0,-1.64895,-0.00517082,-1.34329,-0.0206833,-1.08304,-0.0465374,-0.86819,-0.0827331,-0.698741,-0.12927,-0.574694,-0.18615,-0.481121,-0.248967,-0.351715,-0.298163,-0.178564,-0.331403,0.0383327,-0.348687,0.298975,-0.350015,0.603362,-0.335388,0.928241,-0.304805,1.21258,-0.258266,1.45318,-0.195771,1.65004,-0.12568,1.80315,-0.0703285,1.91251,-0.0309324,1.97813,-0.00749215,2,5.55112e-17,1.4,0,0.5,3.3834
-1.08645,-0.406737,0.2,1.90387,-2,0,2,0,3,0,-2,0,-1.72786,-0.00203571,-1.4826,-0.00814284,-1.24238,-0.0161707,-0.975274,-0.022975,-0.681016,-0.0285287,-0.359601,-0.0328318,-0.0203582,-0.0358843,0.297322,-0.0376862,0.587846,-0.0382374,0.851213,-0.037538,1.08742,-0.0355881,1.29648,-0.0323875,1.47837,-0.0279362,1.63312,-0.0222344,1.7607,-0.0156327,1.86113,-0.0100049,1.9344,-0.00562778,1.98051,-0.00250124,1.99947,-0.000625309,2,6.93889e-18,1.4,0,0.5,6.93066
-1.08645,-0.406737,0.4,1.99437,-2,0,2,0,3,0,-2,0,-1.71559,-0.00223384,-1.46068,-0.00893536,-1.23526,-0.0201046,-1.03934,-0.0357414,-0.843995,-0.0520996,-0.618998,-0.0652613,-0.364341,-0.0752258,-0.0800248,-0.0819932,0.23373,-0.0855635,0.542588,-0.0859367,0.821786,-0.0831128,1.07132,-0.0770918,1.2912,-0.0678738,1.48142,-0.0554586,1.64198,-0.0399637,1.77288,-0.0255768,1.87412,-0.0143869,1.9457,-0.0063942,1.98763,-0.00159855,2,-1.38778e-17,1.4,0,0.5,6.71831
-1.08645,-0.406737,0.6,2.19763,-2,0,2,0,3,0,-2,0,-1.68826,-0.00271238,-1.41234,-0.0108495,-1.17223,-0.0244114,-0.967927,-0.0433981,-0.799443,-0.0678096,-0.656365,-0.0959386,-0.485195,-0.119009,-0.278356,-0.135777,-0.0358464,-0.146243,0.242332,-0.150406,0.555384,-0.148268,0.858575,-0.139828,1.1261,-0.125086,1.35795,-0.104042,1.55413,-0.0766953,1.71464,-0.0487663,1.83949,-0.0271251,1.92866,-0.0117859,1.98217,-0.0027488,2,-2.77556e-17,1.4,0,0.5,6.94392
-1.08645,-0.406737,0.8,2.4879,-2,0,2,0,3,0,-2,0,-1.64976,-0.00347621,-1.34543,-0.0139048,-1.08699,-0.0312859,-0.874451,-0.0556193,-0.70781,-0.0869052,-0.587068,-0.125143,-0.497491,-0.167474,-0.37121,-0.200721,-0.199763,-0.223241,0.0168499,-0.235036,0.278629,-0.236104,0.585574,-0.226446,0.916513,-0.206061,1.20678,-0.174951,1.45188,-0.133114,1.65181,-0.08581,1.80658,-0.0482681,1.91618,-0.0214525,1.98061,-0.00536312,2,2.77556e-17,1.4,0,0.5,3.3758
0,0,0.2,1.76352,-2,0,2,0,3,0,-2,0,-1.724,0,-1.45207,0,-1.19098,0,-0.908235,0,-0.602166,0,-0.284246,0,0.0290452,0,0.320607,0,0.588843,0,0.833755,0,1.05534,0,1.2536,0,1.42854,0,1.58015,0,1.70844,0,1.8134,0,1.89504,0,1.95335,0,1.98834,0,2,0,1.4,0,0.5,6.63796
0,0,0.4,1.87103,-2,0,2,0,3,0,-2,0,-1.70676,0,-1.42052,0,-1.16053,0,-0.926793,0,-0.705543,0,-0.460033,0,-0.188267,0,0.109754,0,0.411545,0,0.687227,0,0.936654,0,1.15983,0,1.35674,0,1.5274,0,1.67181,0,1.78996,0,1.88185,0,1.94749,0,1.98687,0,2,0,1.4,0,0.5,6.66275
0,0,0.6,2.0202,-2,0,2,0,3,0,-2,0,-1.68297,0,-1.3773,0,-1.10223,0,-0.857773,0,-0.643924,0,-0.460574,0,-0.273661,0,-0.0561389,0,0.191992,0,0.470733,0,0.760334,0,1.02051,0,1.25008,0,1.44904,0,1.61739,0,1.75513,0,1.86226,0,1.93878,0,1.9847,0,2,0,1.4,0,0.5,6.84951
0,0,0.8,2.22463,-2,0,2,0,3,0,-2,0,-1.65065,0,-1.31916,0,-1.02478,0,-0.767527,0,-0.547388,0,-0.364365,0,-0.21846,0,-0.0854511,0,0.0833033,0,0.289175,0,0.532164,0,0.81225,0,1.09063,0,1.33189,0,1.53604,0,1.70306,0,1.83297,0,1.92577,0,1.98144,0,2,0,1.4,0,0.5,7.06928
0,0,1,2.5039,-2,0,2,0,3,0,-2,0,-1.607,0,-1.24176,0,-0.923543,0,-0.652346,0,-0.428171,0,-0.251017,0,-0.120885,0,-0.0377657,0,0.0465181,0,0.177823,0,0.356149,0,0.581497,0,0.853865,0,1.15362,0,1.41223,0,1.62383,0,1.7884,0,1.90596,0,1.97649,0,2,0,1.4,0,0.5,3.4078
-0.172909,0.813473,0.2,1.83239,-2,0,2,0,3,0,-2,0,-1.73541,0.00728168,-1.49137,0.0291267,-1.25276,0.05911,-0.990156,0.0847301,-0.702814,0.105665,-0.390729,0.121914,-0.0666191,0.133478,0.240803,0.140357,0.523482,0.142551,0.781418,0.140059,1.01461,0.132881,1.22306,0.121019,1.40677,0.104471,1.56574,0.0832379,1.69996,0.0585666,1.80944,0.0374826,1.89418,0.021084,1.95417,0.00937065,1.98942,0.00234266,2,2.77556e-17,1.4,0,0.5,6.84556
-0.172909,0.813473,0.4,2.00444,-2,0,2,0,3,0,-2,0,-1.71163,0.00871327,-1.44783,0.0348531,-1.20863,0.0784194,-0.994,0.139411,-0.777469,0.202663,-0.533465,0.253535,-0.261989,0.292027,0.0369603,0.318139,0.349529,0.33187,0.636934,0.333222,0.896866,0.322193,1.12933,0.298785,1.33431,0.262996,1.51183,0.214827,1.66187,0.154751,1.78443,0.0990407,1.87953,0.0557104,1.94715,0.0247602,1.9873,0.00619004,2,0,1.4,0,0.5,6.73516
-0.172909,0.813473,0.6,2.26914,-2,0,2,0,3,0,-2,0,-1.67538,0.0111665,-1.38227,0.0446662,-1.12066,0.100499,-0.890552,0.178665,-0.691952,0.279164,-0.50932,0.390136,-0.299386,0.478557,-0.0596003,0.542479,0.210037,0.581902,0.50741,0.596827,0.791002,0.587253,1.04474,0.55318,1.26863,0.494608,1.46267,0.411538,1.62685,0.303968,1.76119,0.194219,1.86567,0.108917,1.9403,0.0481139,1.98507,0.0118096,2,1.11022e-16,1.4,0,0.5,6.87457
-0.172909,0.813473,0.8,2.51374,-2,0,2,0,3,0,-2,0,-1.64227,0.0137036,-1.3232,0.0548143,-1.0428,0.123332,-0.80106,0.219257,-0.597982,0.34259,-0.433566,0.484979,-0.293019,0.604485,-0.12264,0.69206,0.0824612,0.74738,0.322284,0.770445,0.596828,0.761255,0.888909,0.719811,1.14932,0.646112,1.37501,0.540159,1.56598,0.40195,1.72223,0.257335,1.84375,0.144619,1.93056,0.0641581,1.98264,0.0159519,2,-1.11022e-16,1.4,0,0.5,3.22747
-0.661739,1.48629,0.2,1.82634,-2,0,2,0,3,0,-2,0,-1.73678,0.00643047,-1.49501,0.0257219,-1.25958,0.0522794,-1.00033,0.0749443,-0.716409,0.0934081,-0.40783,0.107671,-0.083852,0.117732,0.22441,0.123592,0.508011,0.125251,0.766951,0.122709,1.00123,0.115965,1.21085,0.105021,1.39581,0.0898751,1.5561,0.0705281,1.69174,0.0487248,1.80271,0.0305917,1.88903,0.0166597,1.95068,0.00692894,1.98767,0.00139936,2,0,1.4,0,0.5,6.84272
-0.661739,1.48629,0.4,2.00297,-2,0,2,0,3,0,-2,0,-1.71246,0.00773449,-1.45072,0.030938,-1.2148,0.0696104,-1.00468,0.123751,-0.793148,0.17997,-0.553606,0.225187,-0.286059,0.259403,0.00949381,0.282618,0.324362,0.294832,0.616718,0.296045,0.881069,0.286257,1.11741,0.265468,1.32575,0.233678,1.50608,0.190887,1.65841,0.137513,1.78273,0.0880082,1.87904,0.0495046,1.94735,0.0220021,1.98765,0.00550051,2,0,1.4,0,0.5,6.73153
-0.661739,1.48629,0.6,2.25065,-2,0,2,0,3,0,-2,0,-1.6787,0.00976557,-1.38998,0.0390623,-1.13384,0.0878902,-0.910295,0.156249,-0.719333,0.244139,-0.546718,0.342359,-0.346419,0.421163,-0.114926,0.478283,0.147762,0.513718,0.441644,0.527469,0.737814,0.519535,1.00283,0.489917,1.23666,0.438615,1.43929,0.365628,1.61073,0.270957,1.75097,0.173475,1.86002,0.0975798,1.93787,0.0433688,1.98453,0.0108422,2,1.11022e-16,1.4,0,0.5,6.81019
-0.661739,1.48629,0.8,2.60825,-2,0,2,0,3,0,-2,0,-1.63064,0.0131153,-1.30505,0.0524613,-1.02322,0.118038,-0.785157,0.209845,-0.590854,0.327883,-0.440314,0.472151,-0.304047,0.618899,-0.133536,0.729051,0.07193,0.802035,0.31235,0.837851,0.587725,0.8365,0.881458,0.79798,1.14362,0.722293,1.37082,0.609438,1.56307,0.459416,1.72036,0.294674,1.8427,0.165255,1.93009,0.0730045,1.98252,0.0179213,2,1.11022e-16,1.4,0,0.5,3.3165
-1.38197,1.90211,0.2,1.84241,-2,0,2,0,3,0,-2,0,-1.73501,0.00572324,-1.49276,0.022893,-1.25678,0.0463197,-0.996304,0.0663092,-0.710637,0.0826404,-0.399775,0.0953133,-0.0722356,0.104328,0.238304,0.109684,0.523649,0.111382,0.7838,0.109422,1.01876,0.103804,1.22852,0.094527,1.41309,0.081592,1.57246,0.0649987,1.70664,0.0457284,1.81562,0.0292662,1.89941,0.0164622,1.95801,0.00731655,1.99141,0.00182914,2,-2.77556e-17,1.4,0,0.5,6.86149
-1.38197,1.90211,0.4,1.99433,-2,0,2,0,3,0,-2,0,-1.71417,0.00670599,-1.45499,0.026824,-1.22245,0.0603539,-1.01656,0.107296,-0.810494,0.156395,-0.576192,0.195879,-0.313654,0.225745,-0.0228776,0.245994,0.291645,0.256625,0.588136,0.257638,0.85639,0.249035,1.09641,0.230813,1.30819,0.202975,1.49173,0.165518,1.64703,0.118874,1.7741,0.075865,1.87293,0.0424735,1.94353,0.0186994,1.98588,0.00454287,2,0,1.4,0,0.5,6.71929
-1.38197,1.90211,0.6,2.23889,-2,0,2,0,3,0,-2,0,-1.68096,0.00845149,-1.39549,0.033806,-1.14361,0.0760634,-0.925311,0.135224,-0.74059,0.211287,-0.575911,0.29691,-0.383028,0.365923,-0.157665,0.416005,0.10018,0.447156,0.390505,0.459378,0.695612,0.452669,0.970464,0.427029,1.21284,0.38246,1.42273,0.318959,1.60014,0.236529,1.74507,0.151443,1.85752,0.0851866,1.93748,0.0378607,1.98497,0.00946517,2,-5.55112e-17,1.4,0,0.5,6.76411
-1.38197,1.90211,0.8,2.57049,-2,0,2,0,3,0,-2,0,-1.63656,0.0111404,-1.31738,0.0445616,-1.04247,0.100264,-0.81182,0.178246,-0.625436,0.27851,-0.483316,0.401054,-0.360866,0.529446,-0.202953,0.626847,-0.00751651,0.691879,0.225444,0.724542,0.495929,0.724837,0.799232,0.692764,1.08066,0.628322,1.32457,0.531512,1.53095,0.402333,1.69981,0.2588,1.83114,0.145548,1.92495,0.0646633,1.98124,0.0161474,2,0,1.4,0,0.5,3.34098
-2.20906,1.98904,0.2,1.83359,-2,0,2,0,3,0,-2,0,-1.73667,0.00468147,-1.49675,0.0187259,-1.26401,0.0379888,-1.00704,0.0544457,-0.725032,0.0678927,-0.417989,0.0783299,-0.0917017,0.0857572,0.219404,0.0901747,0.505475,0.0915823,0.766511,0.0899801,1.00251,0.085368,1.21348,0.0777461,1.39941,0.0671143,1.5603,0.0534727,1.69616,0.0376231,1.80699,0.0240788,1.89278,0.0135443,1.95353,0.0060197,1.98925,0.00150492,2,6.93889e-18,1.4,0,0.5,6.85547
-2.20906,1.98904,0.4,1.99115,-2,0,2,0,3,0,-2,0,-1.71513,0.00552058,-1.45787,0.0220823,-1.22822,0.0496853,-1.02618,0.0883293,-0.82461,0.128863,-0.594387,0.161469,-0.335506,0.186144,-0.0479678,0.202888,0.26619,0.211702,0.567099,0.212584,0.83935,0.205537,1.08294,0.190558,1.29788,0.167648,1.48416,0.136808,1.64177,0.0983676,1.77074,0.0628329,1.87104,0.0352289,1.94268,0.0155557,1.98567,0.00381323,2,4.16334e-17,1.4,0,0.5,6.71566
-2.20906,1.98904,0.6,2.22104,-2,0,2,0,3,0,-2,0,-1.68402,0.00686892,-1.40239,0.0274757,-1.15512,0.0618203,-0.942197,0.109903,-0.763627,0.171723,-0.607306,0.242049,-0.422953,0.299143,-0.205058,0.340625,0.0463782,0.366493,0.331357,0.376749,0.641555,0.371391,0.926661,0.350421,1.17822,0.313837,1.39625,0.261641,1.58073,0.193832,1.73167,0.123902,1.84906,0.0695072,1.93292,0.0307258,1.98323,0.00755743,2,0,1.4,0,0.5,7.0164
-2.20906,1.98904,0.8,2.53676,-2,0,2,0,3,0,-2,0,-1.64189,0.00896059,-1.3286,0.0358424,-1.06012,0.0806453,-0.836447,0.143369,-0.657592,0.224015,-0.52355,0.322581,-0.413939,0.428335,-0.268208,0.509385,-0.0823463,0.563622,0.143645,0.591046,0.409766,0.591655,0.715844,0.56545,1.01682,0.512431,1.27766,0.432598,1.49838,0.325952,1.67896,0.208299,1.81942,0.116015,1.91974,0.0505446,1.97994,0.0118881,2,0,1.4,0,0.5,3.37353
-3,1.73205,0.2,1.84516,-2,0,2,0,3,0,-2,0,-1.73549,0.00355596,-1.4955,0.0142238,-1.26274,0.0287555,-1.00525,0.0411504,-0.722321,0.0512765,-0.413961,0.0591338,-0.085325,0.0647221,0.22765,0.0680417,0.515191,0.0690924,0.777298,0.0678742,1.01397,0.0643872,1.22521,0.0586314,1.41102,0.0506067,1.57139,0.0403131,1.70633,0.0283606,1.81584,0.0181508,1.89991,0.0102098,1.95854,0.0045377,1.99175,0.00113442,2,0,1.4,0,0.5,6.86961
-3,1.73205,0.4,1.9884,-2,0,2,0,3,0,-2,0,-1.71598,0.00412947,-1.46044,0.0165179,-1.23338,0.0371652,-1.0348,0.0660715,-0.83726,0.0964536,-0.61069,0.120876,-0.355074,0.139336,-0.0704098,0.151831,0.242647,0.158364,0.547642,0.158933,0.82359,0.153539,1.07049,0.142182,1.28834,0.124861,1.47715,0.101577,1.63691,0.0726561,1.76762,0.0462006,1.86929,0.0257084,1.94191,0.0111796,1.98548,0.00261418,2,2.77556e-17,1.4,0,0.5,6.71255
-3,1.73205,0.6,2.20837,-2,0,2,0,3,0,-2,0,-1.68631,0.00509367,-1.40775,0.0203747,-1.16432,0.045843,-0.956013,0.0814987,-0.78284,0.127342,-0.633613,0.179867,-0.456294,0.222764,-0.244317,0.253976,0.00232095,0.273501,0.283618,0.281339,0.596287,0.277491,0.890893,0.261957,1.15084,0.234737,1.37613,0.19583,1.56676,0.145237,1.72272,0.0928749,1.84403,0.0521269,1.93068,0.0230653,1.98267,0.00568999,2,5.55112e-17,1.4,0,0.5,6.97726
-3,1.73205,0.8,2.51221,-2,0,2,0,3,0,-2,0,-1.6459,0.00659174,-1.33726,0.026367,-1.07408,0.0593257,-0.856361,0.105468,-0.684104,0.164794,-0.557308,0.237303,-0.458374,0.316392,-0.322539,0.377762,-0.143791,0.419157,0.0778693,0.440577,0.342443,0.442022,0.649929,0.423492,0.968191,0.384987,1.24432,0.326507,1.47753,0.248052,1.66783,0.1598,1.81522,0.0898876,1.9197,0.03995,1.98126,0.00998751,2,5.55112e-17,1.4,0,0.5,3.42443
-3.61803,1.17557,0.2,1.82765,-2,0,2,0,3,0,-2,0,-1.73819,0.00217934,-1.50105,0.00871736,-1.27222,0.0176988,-1.01927,0.0253243,-0.741308,0.0314903,-0.438337,0.0361967,-0.113317,0.0394437,0.199304,0.0412311,0.486915,0.0415591,0.749516,0.0404276,0.987108,0.0378365,1.19969,0.033786,1.38726,0.028276,1.54983,0.0213064,1.68738,0.0141548,1.79992,0.00845669,1.88746,0.00421803,1.94998,0.00143888,1.9875,0.000119217,2,6.93889e-18,1.4,0,0.5,6.85411
-3.61803,1.17557,0.4,1.98615,-2,0,2,0,3,0,-2,0,-1.71664,0.00257374,-1.46242,0.010295,-1.23734,0.0231637,-1.04139,0.0411799,-0.846935,0.0601576,-0.623155,0.0754271,-0.370021,0.0869848,-0.0875359,0.0948308,0.224189,0.0989652,0.532388,0.0993878,0.811234,0.0960987,1.06073,0.0890979,1.28087,0.0783853,1.47166,0.0639611,1.6331,0.0459801,1.76518,0.0293609,1.86791,0.0164533,1.9413,0.00725748,1.98532,0.00177335,2,2.77556e-17,1.4,0,0.5,6.71011
-3.61803,1.17557,0.6,2.19906,-2,0,2,0,3,0,-2,0,-1.688,0.0031551,-1.41171,0.0126204,-1.17115,0.0283959,-0.966292,0.0504815,-0.797154,0.0788774,-0.653225,0.111577,-0.481204,0.138403,-0.273655,0.157935,-0.0305775,0.170173,0.248027,0.175117,0.561122,0.172767,0.863109,0.163124,1.12957,0.146187,1.3605,0.121956,1.5559,0.0904308,1.71578,0.057794,1.84012,0.0324051,1.92894,0.01431,1.98224,0.00350876,2,-1.38778e-17,1.4,0,0.5,6.94842
-3.61803,1.17557,0.8,2.48266,-2,0,2,0,3,0,-2,0,-1.65036,0.00402137,-1.34625,0.0160855,-1.08765,0.0361924,-0.87458,0.064342,-0.70703,0.100534,-0.585002,0.144769,-0.494614,0.193885,-0.368615,0.232563,-0.198101,0.258775,0.0169273,0.272521,0.27647,0.273801,0.580527,0.262615,0.909397,0.238963,1.19874,0.202845,1.44357,0.154262,1.64388,0.099361,1.79969,0.0558219,1.91097,0.0247488,1.97774,0.00614158,2,-5.55112e-17,1.4,0,0.5,3.36532
-3.9563,0.415823,0.2,1.82776,-2,0,2,0,3,0,-2,0,-1.73834,0.000729836,-1.5017,0.00291934,-1.27358,0.00591071,-1.02131,0.00839951,-0.743979,0.0103503,-0.441604,0.011763,-0.116675,0.0126377,0.196443,0.0129744,0.484511,0.012773,0.74753,0.0120336,0.985499,0.0107561,1.19842,0.00894065,1.38629,0.00658712,1.54911,0.00419436,1.68688,0.00233889,1.7996,0.00102146,1.88728,0.000242067,1.9499,1.73472e-18,1.98748,1.73472e-18,2,1.73472e-18,1.4,0,0.5,6.85535
-3.9563,0.415823,0.4,2.05714,-2,0,2,0,3,0,-2,0,-1.70727,0.000924522,-1.44623,0.00369809,-1.21687,0.0083207,-1.0188,0.0147731,-0.81407,0.0211905,-0.577623,0.0263423,-0.309464,0.0302287,-0.00959038,0.0328495,0.318562,0.0342048,0.629276,0.0342946,0.908277,0.0331188,1.15556,0.0306776,1.37114,0.0269708,1.555,0.0219985,1.70714,0.015819,1.82758,0.0101241,1.9163,0.00569482,1.9733,0.00253103,1.9986,0.000632758,2,0,1.4,0,0.5,6.83816
-3.9563,0.415823,0.6,2.19493,-2,0,2,0,3,0,-2,0,-1.6888,0.00105252,-1.41366,0.00421008,-1.1746,0.00947267,-0.971614,0.0168403,-0.804697,0.026313,-0.663611,0.0372459,-0.494345,0.0462374,-0.289028,0.052792,-0.0476607,0.0569097,0.229757,0.0585904,0.54285,0.0578342,0.848958,0.054641,1.11902,0.0490109,1.35302,0.0409439,1.55098,0.0304399,1.71288,0.0194955,1.83874,0.0109662,1.92854,0.00487388,1.9823,0.00121847,2,0,1.4,0,0.5,6.93459
-3.9563,0.415823,0.8,2.50331,-2,0,2,0,3,0,-2,0,-1.64796,0.00136905,-1.34285,0.0054762,-1.08465,0.0123214,-0.873368,0.0219048,-0.709009,0.0342262,-0.591569,0.0492858,-0.503697,0.0658035,-0.376196,0.0786751,-0.201882,0.0873706,0.0192455,0.0918901,0.287187,0.0922336,0.601941,0.088401,0.937644,0.0803923,1.22962,0.0682076,1.47478,0.0518468,1.67313,0.0334084,1.82466,0.0187923,1.92938,0.00835211,1.98729,0.00208803,2,0,1.4,0,0.5,3.40663
-3.9563,-0.415823,0.2,1.82776,-2,0,2,0,3,0,-2,0,-1.73834,-0.000729836,-1.5017,-0.00291934,-1.27358,-0.00591071,-1.02131,-0.00839951,-0.743979,-0.0103503,-0.441604,-0.011763,-0.116675,-0.0126377,0.196443,-0.0129744,0.484511,-0.012773,0.74753,-0.0120336,0.985499,-0.0107561,1.19842,-0.00894065,1.38629,-0.00658712,1.54911,-0.00419436,1.68688,-0.00233889,1.7996,-0.00102146,1.88728,-0.000242067,1.9499,-1.73472e-18,1.98748,-1.73472e-18,2,-1.73472e-18,1.4,0,0.5,6.85535
-3.9563,-0.415823,0.4,2.05714,-2,0,2,0,3,0,-2,0,-1.70727,-0.000924522,-1.44623,-0.00369809,-1.21687,-0.0083207,-1.0188,-0.0147731,-0.81407,-0.0211905,-0.577623,-0.0263423,-0.309464,-0.0302287,-0.00959038,-0.0328495,0.318562,-0.0342048,0.629276,-0.0342946,0.908277,-0.0331188,1.15556,-0.0306776,1.37114,-0.0269708,1.555,-0.0219985,1.70714,-0.015819,1.82758,-0.0101241,1.9163,-0.00569482,1.9733,-0.00253103,1.9986,-0.000632758,2,0,1.4,0,0.5,6.83816
-3.9563,-0.415823,0.6,2.19493,-2,0,2,0,3,0,-2,0,-1.6888,-0.00105252,-1.41366,-0.00421008,-1.1746,-0.00947267,-0.971614,-0.0168403,-0.804697,-0.026313,-0.663611,-0.0372459,-0.494345,-0.0462374,-0.289028,-0.052792,-0.0476607,-0.0569097,0.229757,-0.0585904,0.54285,-0.0578342,0.848958,-0.054641,1.11902,-0.0490109,1.35302,-0.0409439,1.55098,-0.0304399,1.71288,-0.0194955,1.83874,-0.0109662,1.92854,-0.00487388,1.9823,-0.00121847,2,0,1.4,0,0.5,6.93459
-3.9563,-0.415823,0.8,2.50331,-2,0,2,0,3,0,-2,0,-1.64796,-0.00136905,-1.34285,-0.0054762,-1.08465,-0.0123214,-0.873368,-0.0219048,-0.709009,-0.0342262,-0.591569,-0.0492858,-0.503697,-0.0658035,-0.376196,-0.0786751,-0.201882,-0.0873706,0.0192455,-0.0918901,0.287187,-0.0922336,0.601941,-0.088401,0.937644,-0.0803923,1.22962,-0.0682076,1.47478,-0.0518468,1.67313,-0.0334084,1.82466,-0.0187923,1.92938,-0.00835211,1.98729,-0.00208803,2,0,1.4,0,0.5,3.40663
-3.61803,-1.17557,0.2,1.82765,-2,0,2,0,3,0,-2,0,-1.73819,-0.00217934,-1.50105,-0.00871736,-1.27222,-0.0176988,-1.01927,-0.0253243,-0.741308,-0.0314903,-0.438337,-0.0361967,-0.113317,-0.0394437,0.199304,-0.0412311,0.486915,-0.0415591,0.749516,-0.0404276,0.987108,-0.0378365,1.19969,-0.033786,1.38726,-0.028276,1.54983,-0.0213064,1.68738,-0.0141548,1.79992,-0.00845669,1.88746,-0.00421803,1.94998,-0.00143888,1.9875,-0.000119217,2,-6.93889e-18,1.4,0,0.5,6.85411
-3.61803,-1.17557,0.4,1.98615,-2,0,2,0,3,0,-2,0,-1.71664,-0.00257374,-1.46242,-0.010295,-1.23734,-0.0231637,-1.04139,-0.0411799,-0.846935,-0.0601576,-0.623155,-0.0754271,-0.370021,-0.0869848,-0.0875359,-0.0948308,0.224189,-0.0989652,0.532388,-0.0993878,0.811234,-0.0960987,1.06073,-0.0890979,1.28087,-0.0783853,1.47166,-0.0639611,1.6331,-0.0459801,1.76518,-0.0293609,1.86791,-0.0164533,1.9413,-0.00725748,1.98532,-0.00177335,2,-2.77556e-17,1.4,0,0.5,6.71011
-3.61803,-1.17557,0.6,2.19906,-2,0,2,0,3,0,-2,0,-1.688,-0.0031551,-1.41171,-0.0126204,-1.17115,-0.0283959,-0.966292,-0.0504815,-0.797154,-0.0788774,-0.653225,-0.111577,-0.481204,-0.138403,-0.273655,-0.157935,-0.0305775,-0.170173,0.248027,-0.175117,0.561122,-0.172767,0.863109,-0.163124,1.12957,-0.146187,1.3605,-0.121956,1.5559,-0.0904308,1.71578,-0.057794,1.84012,-0.0324051,1.92894,-0.01431,1.98224,-0.00350876,2,1.38778e-17,1.4,0,0.5,6.94842
-3.61803,-1.17557,0.8,2.48266,-2,0,2,0,3,0,-2,0,-1.65036,-0.00402137,-1.34625,-0.0160855,-1.08765,-0.0361924,-0.87458,-0.064342,-0.70703,-0.100534,-0.585002,-0.144769,-0.494614,-0.193885,-0.368615,-0.232563,-0.198101,-0.258775,0.0169273,-0.272521,0.27647,-0.273801,0.580527,-0.262615,0.909397,-0.238963,1.19874,-0.202845,1.44357,-0.154262,1.64388,-0.099361,1.79969,-0.0558219,1.91097,-0.0247488,1.97774,-0.00614158,2,5.55112e-17,1.4,0,0.5,3.36532
-3,-1.73205,0.2,1.84516,-2,0,2,0,3,0,-2,0,-1.73549,-0.00355596,-1.4955,-0.0142238,-1.26274,-0.0287555,-1.00525,-0.0411504,-0.722321,-0.0512765,-0.413961,-0.0591338,-0.085325,-0.0647221,0.22765,-0.0680417,0.515191,-0.0690924,0.777298,-0.0678742,1.01397,-0.0643872,1.22521,-0.0586314,1.41102,-0.0506067,1.57139,-0.0403131,1.70633,-0.0283606,1.81584,-0.0181508,1.89991,-0.0102098,1.95854,-0.0045377,1.99175,-0.00113442,2,0,1.4,0,0.5,6.86961
-3,-1.73205,0.4,1.9884,-2,0,2,0,3,0,-2,0,-1.71598,-0.00412947,-1.46044,-0.0165179,-1.23338,-0.0371652,-1.0348,-0.0660715,-0.83726,-0.0964536,-0.61069,-0.120876,-0.355074,-0.139336,-0.0704098,-0.151831,0.242647,-0.158364,0.547642,-0.158933,0.82359,-0.153539,1.07049,-0.142182,1.28834,-0.124861,1.47715,-0.101577,1.63691,-0.0726561,1.76762,-0.0462006,1.86929,-0.0257084,1.94191,-0.0111796,1.98548,-0.00261418,2,-2.77556e-17,1.4,0,0.5,6.71255
-3,-1.73205,0.6,2.20837,-2,0,2,0,3,0,-2,0,-1.68631,-0.00509367,-1.40775,-0.0203747,-1.16432,-0.045843,-0.956013,-0.0814987,-0.78284,-0.127342,-0.633613,-0.179867,-0.456294,-0.222764,-0.244317,-0.253976,0.00232095,-0.273501,0.283618,-0.281339,0.596287,-0.277491,0.890893,-0.261957,1.15084,-0.234737,1.37613,-0.19583,1.56676,-0.145237,1.72272,-0.0928749,1.84403,-0.0521269,1.93068,-0.0230653,1.98267,-0.00568999,2,-5.55112e-17,1.4,0,0.5,6.97726
-3,-1.73205,0.8,2.51221,-2,0,2,0,3,0,-2,0,-1.6459,-0.00659174,-1.33726,-0.026367,-1.07408,-0.0593257,-0.856361,-0.105468,-0.684104,-0.164794,-0.557308,-0.237303,-0.458374,-0.316392,-0.322539,-0.377762,-0.143791,-0.419157,0.0778693,-0.440577,0.342443,-0.442022,0.649929,-0.423492,0.968191,-0.384987,1.24432,-0.326507,1.47753,-0.248052,1.66783,-0.1598,1.81522,-0.0898876,1.9197,-0.03995,1.98126,-0.00998751,2,-5.55112e-17,1.4,0,0.5,3.42443
-2.20906,-1.98904,0.2,1.83359,-2,0,2,0,3,0,-2,0,-1.73667,-0.00468147,-1.49675,-0.0187259,-1.26401,-0.0379888,-1.00704,-0.0544457,-0.725032,-0.0678927,-0.417989,-0.0783299,-0.0917017,-0.0857572,0.219404,-0.0901747,0.505475,-0.0915823,0.766511,-0.0899801,1.00251,-0.085368,1.21348,-0.0777461,1.39941,-0.0671143,1.5603,-0.0534727,1.69616,-0.0376231,1.80699,-0.0240788,1.89278,-0.0135443,1.95353,-0.0060197,1.98925,-0.00150492,2,-6.93889e-18,1.4,0,0.5,6.85547
-2.20906,-1.98904,0.4,1.99115,-2,0,2,0,3,0,-2,0,-1.71513,-0.00552058,-1.45787,-0.0220823,-1.22822,-0.0496853,-1.02618,-0.0883293,-0.82461,-0.128863,-0.594387,-0.161469,-0.335506,-0.186144,-0.0479678,-0.202888,0.26619,-0.211702,0.567099,-0.212584,0.83935,-0.205537,1.08294,-0.190558,1.29788,-0.167648,1.48416,-0.136808,1.64177,-0.0983676,1.77074,-0.0628329,1.87104,-0.0352289,1.94268,-0.0155557,1.98567,-0.00381323,2,-4.16334e-17,1.4,0,0.5,6.71566
-2.20906,-1.98904,0.6,2.22104,-2,0,2,0,3,0,-2,0,-1.68402,-0.00686892,-1.40239,-0.0274757,-1.15512,-0.0618203,-0.942197,-0.109903,-0.763627,-0.171723,-0.607306,-0.242049,-0.422953,-0.299143,-0.205058,-0.340625,0.0463782,-0.366493,0.331357,-0.376749,0.641555,-0.371391,0.926661,-0.350421,1.17822,-0.313837,1.39625,-0.261641,1.58073,-0.193832,1.73167,-0.123902,1.84906,-0.0695072,1.93292,-0.0307258,1.98323,-0.00755743,2,0,1.4,0,0.5,7.0164
-2.20906,-1.98904,0.8,2.53676,-2,0,2,0,3,0,-2,0,-1.64189,-0.00896059,-1.3286,-0.0358424,-1.06012,-0.0806453,-0.836447,-0.143369,-0.657592,-0.224015,-0.52355,-0.322581,-0.413939,-0.428335,-0.268208,-0.509385,-0.0823463,-0.563622,0.143645,-0.591046,0.409766,-0.591655,0.715844,-0.56545,1.01682,-0.512431,1.27766,-0.432598,1.49838,-0.325952,1.67896,-0.208299,1.81942,-0.116015,1.91974,-0.0505446,1.97994,-0.0118881,2,0,1.4,0,0.5,3.37353
-1.38197,-1.90211,0.2,1.84241,-2,0,2,0,3,0,-2,0,-1.73501,-0.00572324,-1.49276,-0.022893,-1.25678,-0.0463197,-0.996304,-0.0663092,-0.710637,-0.0826404,-0.399775,-0.0953133,-0.0722356,-0.104328,0.238304,-0.109684,0.523649,-0.111382,0.7838,-0.109422,1.01876,-0.103804,1.22852,-0.094527,1.41309,-0.081592,1.57246,-0.0649987,1.70664,-0.0457284,1.81562,-0.0292662,1.89941,-0.0164622,1.95801,-0.00731655,1.99141,-0.00182914,2,2.77556e-17,1.4,0,0.5,6.86149
-1.38197,-1.90211,0.4,1.99433,-2,0,2,0,3,0,-2,0,-1.71417,-0.00670599,-1.45499,-0.026824,-1.22245,-0.0603539,-1.01656,-0.107296,-0.810494,-0.156395,-0.576192,-0.195879,-0.313654,-0.225745,-0.0228776,-0.245994,0.291645,-0.256625,0.588136,-0.257638,0.85639,-0.249035,1.09641,-0.230813,1.30819,-0.202975,1.49173,-0.165518,1.64703,-0.118874,1.7741,-0.075865,1.87293,-0.0424735,1.94353,-0.0186994,1.98588,-0.00454287,2,0,1.4,0,0.5,6.71929
-1.38197,-1.90211,0.6,2.23889,-2,0,2,0,3,0,-2,0,-1.68096,-0.00845149,-1.39549,-0.033806,-1.14361,-0.0760634,-0.925311,-0.135224,-0.74059,-0.211287,-0.575911,-0.29691,-0.383028,-0.365923,-0.157665,-0.416005,0.10018,-0.447156,0.390505,-0.459378,0.695612,-0.452669,0.970464,-0.427029,1.21284,-0.38246,1.42273,-0.318959,1.60014,-0.236529,1.74507,-0.151443,1.85752,-0.0851866,1.93748,-0.0378607,1.98497,-0.00946517,2,5.55112e-17,1.4,0,0.5,6.76411
-1.38197,-1.90211,0.8,2.57049,-2,0,2,0,3,0,-2,0,-1.63656,-0.0111404,-1.31738,-0.0445616,-1.04247,-0.100264,-0.81182,-0.178246,-0.625436,-0.27851,-0.483316,-0.401054,-0.360866,-0.529446,-0.202953,-0.626847,-0.00751651,-0.691879,0.225444,-0.724542,0.495929,-0.724837,0.799232,-0.692764,1.08066,-0.628322,1.32457,-0.531512,1.53095,-0.402333,1.69981,-0.2588,1.83114,-0.145548,1.92495,-0.0646633,1.98124,-0.0161474,2,0,1.4,0,0.5,3.34098
-0.661739,-1.48629,0.2,1.82634,-2,0,2,0,3,0,-2,0,-1.73678,-0.00643047,-1.49501,-0.0257219,-1.25958,-0.0522794,-1.00033,-0.0749443,-0.716409,-0.0934081,-0.40783,-0.107671,-0.083852,-0.117732,0.22441,-0.123592,0.508011,-0.125251,0.766951,-0.122709,1.00123,-0.115965,1.21085,-0.105021,1.39581,-0.0898751,1.5561,-0.0705281,1.69174,-0.0487248,1.80271,-0.0305917,1.88903,-0.0166597,1.95068,-0.00692894,1.98767,-0.00139936,2,0,1.4,0,0.5,6.84272
-0.661739,-1.48629,0.4,2.00297,-2,0,2,0,3,0,-2,0,-1.71246,-0.00773449,-1.45072,-0.030938,-1.2148,-0.0696104,-1.00468,-0.123751,-0.793148,-0.17997,-0.553606,-0.225187,-0.286059,-0.259403,0.00949381,-0.282618,0.324362,-0.294832,0.616718,-0.296045,0.881069,-0.286257,1.11741,-0.265468,1.32575,-0.233678,1.50608,-0.190887,1.65841,-0.137513,1.78273,-0.0880082,1.87904,-0.0495046,1.94735,-0.0220021,1.98765,-0.00550051,2,0,1.4,0,0.5,6.73153
-0.661739,-1.48629,0.6,2.25065,-2,0,2,0,3,0,-2,0,-1.6787,-0.00976557,-1.38998,-0.0390623,-1.13384,-0.0878902,-0.910295,-0.156249,-0.719333,-0.244139,-0.546718,-0.342359,-0.346419,-0.421163,-0.114926,-0.478283,0.147762,-0.513718,0.441644,-0.527469,0.737814,-0.519535,1.00283,-0.489917,1.23666,-0.438615,1.43929,-0.365628,1.61073,-0.270957,1.75097,-0.173475,1.86002,-0.0975798,1.93787,-0.0433688,1.98453,-0.0108422,2,-1.11022e-16,1.4,0,0.5,6.81019
-0.661739,-1.48629,0.8,2.60825,-2,0,2,0,3,0,-2,0,-1.63064,-0.0131153,-1.30505,-0.0524613,-1.02322,-0.118038,-0.785157,-0.209845,-0.590854,-0.327883,-0.440314,-0.472151,-0.304047,-0.618899,-0.133536,-0.729051,0.07193,-0.802035,0.31235,-0.837851,0.587725,-0.8365,0.881458,-0.79798,1.14362,-0.722293,1.37082,-0.609438,1.56307,-0.459416,1.72036,-0.294674,1.8427,-0.165255,1.93009,-0.0730045,1.98252,-0.0179213,2,-1.11022e-16,1.4,0,0.5,3.3165
-0.172909,-0.813473,0.2,1.83239,-2,0,2,0,3,0,-2,0,-1.73541,-0.00728168,-1.49137,-0.0291267,-1.25276,-0.05911,-0.990156,-0.0847301,-0.702814,-0.105665,-0.390729,-0.121914,-0.0666191,-0.133478,0.240803,-0.140357,0.523482,-0.142551,0.781418,-0.140059,1.01461,-0.132881,1.22306,-0.121019,1.40677,-0.104471,1.56574,-0.0832379,1.69996,-0.0585666,1.80944,-0.0374826,1.89418,-0.021084,1.95417,-0.00937065,1.98942,-0.00234266,2,-2.77556e-17,1.4,0,0.5,6.84556
-0.172909,-0.813473,0.4,2.00444,-2,0,2,0,3,0,-2,0,-1.71163,-0.00871327,-1.44783,-0.0348531,-1.20863,-0.0784194,-0.994,-0.139411,-0.777469,-0.202663,-0.533465,-0.253535,-0.261989,-0.292027,0.0369603,-0.318139,0.349529,-0.33187,0.636934,-0.333222,0.896866,-0.322193,1.12933,-0.298785,1.33431,-0.262996,1.51183,-0.214827,1.66187,-0.154751,1.78443,-0.0990407,1.87953,-0.0557104,1.94715,-0.0247602,1.9873,-0.00619004,2,0,1.4,0,0.5,6.73516
-0.172909,-0.813473,0.6,2.26914,-2,0,2,0,3,0,-2,0,-1.67538,-0.0111665,-1.38227,-0.0446662,-1.12066,-0.100499,-0.890552,-0.178665,-0.691952,-0.279164,-0.50932,-0.390136,-0.299386,-0.478557,-0.0596003,-0.542479,0.210037,-0.581902,0.50741,-0.596827,0.791002,-0.587253,1.04474,-0.55318,1.26863,-0.494608,1.46267,-0.411538,1.62685,-0.303968,1.76119,-0.194219,1.86567,-0.108917,1.9403,-0.0481139,1.98507,-0.0118096,2,-1.11022e-16,1.4,0,0.5,6.87457
-0.172909,-0.813473,0.8,2.51374,-2,0,2,0,3,0,-2,0,-1.64227,-0.0137036,-1.3232,-0.0548143,-1.0428,-0.123332,-0.80106,-0.219257,-0.597982,-0.34259,-0.433566,-0.484979,-0.293019,-0.604485,-0.12264,-0.69206,0.0824612,-0.74738,0.322284,-0.770445,0.596828,-0.761255,0.888909,-0.719811,1.14932,-0.646112,1.37501,-0.540159,1.56598,-0.40195,1.72223,-0.257335,1.84375,-0.144619,1.93056,-0.0641581,1.98264,-0.0159519,2,0,1.4,0,0.5,3.22747
1,0,0.2,1.72728,-2,0,2,0,3,0,-2,0,-1.72972,0,-1.43706,0,-1.12695,0,-0.815559,0,-0.50417,0,-0.192782,0,0.109217,0,0.388919,0,0.646244,0,0.881194,0,1.09377,0,1.28396,0,1.45178,0,1.59723,0,1.7203,0,1.82099,0,1.89931,0,1.95525,0,1.98881,0,2,0,1.4,0,0.5,6.85386
1,0,0.4,1.74647,-2,0,2,0,3,0,-2,0,-1.72659,0,-1.43031,0,-1.11686,0,-0.817085,0,-0.536168,0,-0.240087,0,0.0669649,0,0.352917,0,0.615993,0,0.856192,0,1.07352,0,1.26796,0,1.43953,0,1.58823,0,1.71405,0,1.81699,0,1.89706,0,1.95425,0,1.98856,0,2,0,1.4,0,0.5,6.92124
1,0,0.6,1.80503,-2,0,2,0,3,0,-2,0,-1.71703,0,-1.40962,0,-1.08567,0,-0.778622,0,-0.49601,0,-0.237834,0,-0.00106855,0,0.24987,0,0.521629,0,0.778206,0,1.01035,0,1.21805,0,1.40132,0,1.56015,0,1.69455,0,1.80451,0,1.89004,0,1.95113,0,1.98778,0,2,0,1.4,0,0.5,6.77714
1,0,0.8,1.88874,-2,0,2,0,3,0,-2,0,-1.70331,0,-1.37987,0,-1.04149,0,-0.72435,0,-0.433968,0,-0.170341,0,0.0665307,0,0.276648,0,0.46749,0,0.679145,0,0.916426,0,1.14384,0,1.3445,0,1.51841,0,1.66556,0,1.78596,0,1.8796,0,1.94649,0,1.98662,0,2,0,1.4,0,0.5,6.7219
1,0,1,2.014,-2,0,2,0,3,0,-2,0,-1.68269,0,-1.33496,0,-0.976259,0,-0.644712,0,-0.343586,0,-0.0728823,0,0.167401,0,0.377262,0,0.556702,0,0.705868,0,0.859116,0,1.04279,0,1.25468,0,1.45242,0,1.61973,0,1.75663,0,1.8631,0,1.93916,0,1.98479,0,2,0,1.4,0,0.5,6.80169
1,0,1.2,2.20832,-2,0,2,0,3,0,-2,0,-1.65046,0,-1.26489,0,-0.87716,0,-0.524889,0,-0.209192,0,0.0699303,0,0.312477,0,0.518449,0,0.687846,0,0.820668,0,0.917552,0,1.02346,0,1.16594,0,1.34499,0,1.54281,0,1.7074,0,1.83541,0,1.92685,0,1.98171,0,2,0,1.4,0,0.5,7.31034
1,0,1.4,2.50908,-2,0,2,0,3,0,-2,0,-1.60003,0,-1.15647,0,-0.728809,0,-0.348369,0,-0.0151445,0,0.270864,0,0.509656,0,0.701232,0,0.845592,0,0.942736,0,0.992664,0,1.02874,0,1.11082,0,1.24012,0,1.41664,0,1.62227,0,1.78753,0,1.90557,0,1.97639,0,2,0,1.4,0,0.5,3.91817
0.740636,1.22021,0.2,1.81099,-2,0,2,0,3,0,-2,0,-1.73776,0.00791841,-1.48771,0.0316736,-1.23037,0.06469,-0.949499,0.0929956,-0.644584,0.116133,-0.325495,0.134102,-0.00778195,0.146903,0.290949,0.154535,0.565632,0.156999,0.816266,0.154295,1.04285,0.146423,1.24539,0.133382,1.42388,0.115173,1.57831,0.0917963,1.7087,0.0646035,1.81505,0.0413463,1.89734,0.0232573,1.95558,0.0103366,1.98978,0.00258414,2,0,1.4,0,0.5,6.76997
0.740636,1.22021,0.4,1.93299,-2,0,2,0,3,0,-2,0,-1.72077,0.0090212,-1.45405,0.0360848,-1.18741,0.0811908,-0.920766,0.144339,-0.647501,0.213825,-0.350513,0.270101,-0.0452244,0.312865,0.256767,0.342116,0.537058,0.357855,0.792797,0.360081,1.02399,0.348795,1.23063,0.323997,1.41271,0.285686,1.57025,0.233862,1.70324,0.168906,1.81167,0.1081,1.89556,0.0608061,1.9549,0.0270249,1.98968,0.00675623,2,5.55112e-17,1.4,0,0.5,6.7901
0.740636,1.22021,0.6,2.19543,-2,0,2,0,3,0,-2,0,-1.68449,0.0116371,-1.38165,0.0465483,-1.0788,0.104734,-0.778968,0.186193,-0.502858,0.290927,-0.247023,0.411774,0.0169062,0.511135,0.280896,0.583564,0.544887,0.629059,0.797712,0.647621,1.02644,0.639249,1.23106,0.603944,1.41157,0.541705,1.56797,0.452533,1.70025,0.336427,1.80842,0.215468,1.89248,0.1212,1.95243,0.0538669,1.98827,0.0134667,2,1.11022e-16,1.4,0,0.5,6.57479
0.740636,1.22021,0.8,2.62393,-2,0,2,0,3,0,-2,0,-1.62538,0.0166229,-1.26343,0.0664916,-0.901518,0.149606,-0.561041,0.265966,-0.260076,0.415573,0.00137794,0.598424,0.230069,0.779739,0.44124,0.914962,0.651326,1.00392,0.861411,1.04661,1.0712,1.04304,1.26613,0.993204,1.43813,0.897101,1.5872,0.754732,1.71333,0.566098,1.81653,0.361672,1.8968,0.201868,1.95413,0.0883296,1.98853,0.0210565,2,-2.22045e-16,1.4,0,0.5,3.24785
0.00739182,2.22943,0.2,1.8257,-2,0,2,0,3,0,-2,0,-1.73476,0.0090527,-1.48676,0.0362108,-1.24241,0.0736337,-0.974502,0.105642,-0.682293,0.1318,-0.367327,0.152107,-0.04775,0.166564,0.255597,0.175169,0.534639,0.177924,0.789376,0.174828,1.01981,0.165881,1.22594,0.151083,1.40776,0.130435,1.56528,0.103936,1.69849,0.073135,1.8074,0.0468064,1.89201,0.0263286,1.95231,0.0117016,1.9883,0.0029254,2,2.77556e-17,1.4,0,0.5,6.8297
0.00739182,2.22943,0.4,2.01301,-2,0,2,0,3,0,-2,0,-1.70853,0.0110055,-1.43801,0.0440221,-1.18845,0.0990498,-0.959827,0.176076,-0.72745,0.255335,-0.469006,0.318969,-0.184493,0.366979,0.123164,0.399365,0.422898,0.416126,0.69661,0.417263,0.944254,0.402775,1.16583,0.372663,1.36134,0.326926,1.53078,0.265565,1.67415,0.189562,1.79146,0.120409,1.88269,0.0668808,1.94786,0.028977,1.98697,0.00669774,2,-8.32667e-17,1.4,0,0.5,6.75569
0.00739182,2.22943,0.6,2.33463,-2,0,2,0,3,0,-2,0,-1.6639,0.0148032,-1.35599,0.0592126,-1.07626,0.133228,-0.824722,0.236851,-0.601371,0.370079,-0.385911,0.510519,-0.144287,0.620598,0.12318,0.699723,0.398089,0.747895,0.671623,0.765113,0.924614,0.751378,1.1509,0.706688,1.35049,0.631045,1.52338,0.524448,1.66957,0.386897,1.78905,0.24763,1.88184,0.139292,1.94792,0.0619075,1.98731,0.0154769,2,0,1.4,0,0.5,6.56597
0.00739182,2.22943,0.8,2.81956,-2,0,2,0,3,0,-2,0,-1.59762,0.0215914,-1.23636,0.0863656,-0.916209,0.194323,-0.637172,0.345462,-0.399248,0.539785,-0.198843,0.772186,0.0129129,0.973276,0.241239,1.12111,0.469778,1.21568,0.698317,1.257,0.926856,1.24506,1.15109,1.17986,1.35103,1.0614,1.52416,0.889685,1.67048,0.664712,1.78999,0.426064,1.8827,0.239661,1.9486,0.106516,1.98769,0.026629,2,-1.11022e-16,1.4,0,0.5,3.63912
-1.07295,2.85317,0.2,1.82542,-2,0,2,0,3,0,-2,0,-1.73615,0.00753567,-1.49224,0.0301427,-1.25374,0.0612981,-0.991528,0.0879428,-0.704809,0.109712,-0.393591,0.126606,-0.0711774,0.138624,0.23521,0.145767,0.517086,0.148034,0.774451,0.145425,1.00731,0.137941,1.21565,0.125582,1.39948,0.108347,1.5588,0.086236,1.69361,0.0605923,1.80391,0.0387229,1.8897,0.021729,1.95098,0.00961061,1.98774,0.00236779,2,-2.77556e-17,1.4,0,0.5,6.83726
-1.07295,2.85317,0.4,2.00727,-2,0,2,0,3,0,-2,0,-1.71096,0.00911192,-1.44603,0.0364477,-1.2052,0.0820073,-0.988471,0.145787,-0.769396,0.211771,-0.523004,0.264835,-0.249295,0.304979,0.0517318,0.332202,0.363186,0.346505,0.64857,0.347889,0.906637,0.336352,1.13739,0.311895,1.34082,0.274518,1.51693,0.22422,1.66573,0.161502,1.78721,0.103361,1.88138,0.0581406,1.94822,0.0258403,1.98775,0.00646006,2,-5.55112e-17,1.4,0,0.5,6.74117
-1.07295,2.85317,0.6,2.27746,-2,0,2,0,3,0,-2,0,-1.6739,0.01173,-1.37882,0.0469202,-1.11478,0.10557,-0.881771,0.187681,-0.679792,0.293251,-0.492726,0.409177,-0.278542,0.501289,-0.035059,0.56781,0.237724,0.608743,0.535001,0.624085,0.813351,0.613838,1.0624,0.578002,1.28215,0.516576,1.4726,0.42956,1.63375,0.316955,1.7656,0.202417,1.86815,0.11343,1.9414,0.0500325,1.98535,0.0122247,2,0,1.4,0,0.5,6.62503
-1.07295,2.85317,0.8,2.67725,-2,0,2,0,3,0,-2,0,-1.61985,0.0162097,-1.28259,0.0648389,-0.988205,0.145888,-0.736703,0.259356,-0.528084,0.405243,-0.362326,0.583529,-0.200801,0.754258,-0.00832203,0.881035,0.215111,0.963861,0.469499,1.00274,0.746366,0.997659,1.00947,0.94863,1.24162,0.85565,1.44283,0.718719,1.61307,0.537836,1.75237,0.343376,1.86071,0.191617,1.93809,0.0838096,1.98452,0.0199534,2,-1.11022e-16,1.4,0,0.5,3.35451
-2.31359,2.98357,0.2,1.84233,-2,0,2,0,3,0,-2,0,-1.73476,0.00620564,-1.49175,0.0248226,-1.2547,0.0502251,-0.993187,0.0719007,-0.706534,0.0896094,-0.394735,0.103351,-0.0675605,0.113126,0.242325,0.118935,0.527065,0.120776,0.78666,0.118651,1.02111,0.112559,1.23041,0.1025,1.41457,0.0884737,1.57359,0.070481,1.70745,0.0495854,1.81617,0.0317346,1.89975,0.0178507,1.95818,0.00793366,1.99147,0.00198342,2,-1.38778e-17,1.4,0,0.5,6.85985
-2.31359,2.98357,0.4,1.99625,-2,0,2,0,3,0,-2,0,-1.71361,0.00728586,-1.45331,0.0291434,-1.21911,0.0655727,-1.01101,0.116574,-0.802347,0.169841,-0.565672,0.212695,-0.300983,0.245136,-0.00827897,0.267164,0.3061,0.278778,0.600165,0.279979,0.866215,0.270767,1.10425,0.251141,1.31427,0.221101,1.49628,0.180648,1.65027,0.130168,1.77624,0.0833072,1.87421,0.0468603,1.94415,0.0208268,1.98608,0.0052067,2,5.55112e-17,1.4,0,0.5,6.72153
-2.31359,2.98357,0.6,2.24437,-2,0,2,0,3,0,-2,0,-1.67984,0.00920957,-1.39266,0.0368383,-1.13846,0.0828861,-0.917255,0.147353,-0.729031,0.230239,-0.559994,0.323218,-0.363177,0.39794,-0.134692,0.45206,0.12546,0.485578,0.417279,0.498495,0.717476,0.49081,0.986648,0.462523,1.22415,0.413634,1.42999,0.344143,1.60416,0.254051,1.74666,0.162076,1.8575,0.0906568,1.93667,0.0398399,1.98417,0.00962478,2,-1.11022e-16,1.4,0,0.5,6.78741
-2.31359,2.98357,0.8,2.59164,-2,0,2,0,3,0,-2,0,-1.63324,0.01228,-1.31047,0.0491202,-1.03168,0.11052,-0.79687,0.196481,-0.606041,0.307001,-0.459195,0.442081,-0.329007,0.581327,-0.163971,0.686294,0.037119,0.756081,0.274264,0.790687,0.547463,0.790112,0.846254,0.754358,1.11666,0.683423,1.35102,0.577308,1.54932,0.436012,1.71156,0.280028,1.83775,0.157251,1.92789,0.069654,1.98197,0.0172377,2,0,1.4,0,0.5,3.38328
-3.5,2.59808,0.2,1.82715,-2,0,2,0,3,0,-2,0,-1.73759,0.00454145,-1.49852,0.0181658,-1.26694,0.0369051,-1.01136,0.0528717,-0.730925,0.0658497,-0.425629,0.0758388,-0.100634,0.0828393,0.210111,0.086851,0.495996,0.0878739,0.757021,0.0859082,0.993187,0.0809536,1.20449,0.0730104,1.39094,0.0620784,1.55253,0.0481577,1.68926,0.0328595,1.80112,0.020339,1.88813,0.0108072,1.95028,0.00426419,1.98757,0.000709887,2,1.38778e-17,1.4,0,0.5,6.84932
-3.5,2.59808,0.4,1.99088,-2,0,2,0,3,0,-2,0,-1.71522,0.00539184,-1.45814,0.0215674,-1.22876,0.0485266,-1.02709,0.0862695,-0.825939,0.125864,-0.596101,0.15771,-0.337564,0.181802,-0.0503294,0.198142,0.263747,0.206729,0.56508,0.207564,0.837715,0.200646,1.08165,0.185975,1.29689,0.163552,1.48343,0.133376,1.64127,0.0957913,1.77041,0.0611284,1.87086,0.0342181,1.9426,0.0150605,1.98565,0.00365554,2,-1.38778e-17,1.4,0,0.5,6.71535
-3.5,2.59808,0.6,2.22387,-2,0,2,0,3,0,-2,0,-1.6837,0.00672765,-1.40197,0.0269106,-1.1548,0.0605489,-0.942202,0.107642,-0.764166,0.168191,-0.608222,0.236962,-0.423823,0.292743,-0.205607,0.333285,0.0464259,0.358588,0.332276,0.368652,0.643553,0.363477,0.929534,0.343064,1.1817,0.307411,1.40004,0.25652,1.58457,0.190389,1.73529,0.121912,1.85218,0.0685753,1.93526,0.0304779,1.98452,0.00761948,2,-2.77556e-17,1.4,0,0.5,7.02065
-3.5,2.59808,0.8,2.53594,-2,0,2,0,3,0,-2,0,-1.64208,0.00874826,-1.32911,0.0349931,-1.06109,0.0787344,-0.838014,0.139972,-0.659885,0.218707,-0.526702,0.314937,-0.418064,0.418277,-0.272927,0.497646,-0.0872002,0.550962,0.139117,0.578223,0.406024,0.579431,0.71339,0.554586,1.01628,0.503686,1.27858,0.426733,1.50028,0.323727,1.6814,0.20843,1.82193,0.117242,1.92187,0.0521074,1.98121,0.0130268,2,2.77556e-16,1.4,0,0.5,3.37187
-4.42705,1.76336,0.2,1.82851,-2,0,2,0,3,0,-2,0,-1.73793,0.00285955,-1.50028,0.0114382,-1.27073,0.0232398,-1.01704,0.0333297,-0.738344,0.041575,-0.43464,0.0479755,-0.109347,0.0525313,0.202958,0.0552425,0.490255,0.056109,0.752544,0.0551307,0.989825,0.0523078,1.2021,0.0476402,1.38936,0.0411279,1.55162,0.0327709,1.68887,0.0230587,1.80111,0.0147576,1.88835,0.00830113,1.95057,0.00368939,1.98779,0.000922347,2,-6.93889e-18,1.4,0,0.5,6.85405
-4.42705,1.76336,0.4,1.9872,-2,0,2,0,3,0,-2,0,-1.71634,0.00337745,-1.46151,0.0135098,-1.23552,0.030397,-1.03837,0.0540391,-0.842508,0.0789125,-0.617452,0.0989054,-0.363184,0.114014,-0.0797036,0.124238,0.232683,0.129578,0.539408,0.130034,0.81692,0.125606,1.06522,0.116293,1.28431,0.102096,1.47419,0.0830142,1.63485,0.0593274,1.76631,0.0376958,1.86855,0.0209485,1.94158,0.0090855,1.98539,0.00210679,2,0,1.4,0,0.5,6.71124
-4.42705,1.76336,0.6,2.21114,-2,0,2,0,3,0,-2,0,-1.68618,0.00418154,-1.40806,0.0167262,-1.16565,0.0376339,-0.958932,0.0669047,-0.787921,0.104539,-0.640942,0.147593,-0.465047,0.18272,-0.253752,0.208283,-0.00705723,0.224284,0.275037,0.230722,0.589919,0.227596,0.888183,0.214908,1.15105,0.192657,1.37851,0.160842,1.57057,0.119465,1.72724,0.0765037,1.8485,0.0430333,1.93437,0.0191259,1.98484,0.00478148,2,-8.32667e-17,1.4,0,0.5,6.97727
-4.42705,1.76336,0.8,2.50111,-2,0,2,0,3,0,-2,0,-1.64767,0.00535017,-1.34103,0.0214007,-1.08006,0.0481515,-0.864776,0.0856027,-0.69517,0.133754,-0.571244,0.192606,-0.476707,0.257244,-0.345265,0.307668,-0.169846,0.341746,0.049549,0.359477,0.312921,0.360862,0.62027,0.3459,0.944789,0.314592,1.22745,0.266937,1.46613,0.202935,1.66083,0.130773,1.81156,0.0735596,1.91831,0.0326931,1.98109,0.00817329,2,-5.55112e-17,1.4,0,0.5,3.40221
-4.42705,-1.76336,0.2,1.82851,-2,0,2,0,3,0,-2,0,-1.73793,-0.00285955,-1.50028,-0.0114382,-1.27073,-0.0232398,-1.01704,-0.0333297,-0.738344,-0.041575,-0.43464,-0.0479755,-0.109347,-0.0525313,0.202958,-0.0552425,0.490255,-0.056109,0.752544,-0.0551307,0.989825,-0.0523078,1.2021,-0.0476402,1.38936,-0.0411279,1.55162,-0.0327709,1.68887,-0.0230587,1.80111,-0.0147576,1.88835,-0.00830113,1.95057,-0.00368939,1.98779,-0.000922347,2,6.93889e-18,1.4,0,0.5,6.85405
-4.42705,-1.76336,0.4,1.9872,-2,0,2,0,3,0,-2,0,-1.71634,-0.00337745,-1.46151,-0.0135098,-1.23552,-0.030397,-1.03837,-0.0540391,-0.842508,-0.0789125,-0.617452,-0.0989054,-0.363184,-0.114014,-0.0797036,-0.124238,0.232683,-0.129578,0.539408,-0.130034,0.81692,-0.125606,1.06522,-0.116293,1.28431,-0.102096,1.47419,-0.0830142,1.63485,-0.0593274,1.76631,-0.0376958,1.86855,-0.0209485,1.94158,-0.0090855,1.98539,-0.00210679,2,0,1.4,0,0.5,6.71124
-4.42705,-1.76336,0.6,2.21114,-2,0,2,0,3,0,-2,0,-1.68618,-0.00418154,-1.40806,-0.0167262,-1.16565,-0.0376339,-0.958932,-0.0669047,-0.787921,-0.104539,-0.640942,-0.147593,-0.465047,-0.18272,-0.253752,-0.208283,-0.00705723,-0.224284,0.275037,-0.230722,0.589919,-0.227596,0.888183,-0.214908,1.15105,-0.192657,1.37851,-0.160842,1.57057,-0.119465,1.72724,-0.0765037,1.8485,-0.0430333,1.93437,-0.0191259,1.98484,-0.00478148,2,8.32667e-17,1.4,0,0.5,6.97727
-4.42705,-1.76336,0.8,2.50111,-2,0,2,0,3,0,-2,0,-1.64767,-0.00535017,-1.34103,-0.0214007,-1.08006,-0.0481515,-0.864776,-0.0856027,-0.69517,-0.133754,-0.571244,-0.192606,-0.476707,-0.257244,-0.345265,-0.307668,-0.169846,-0.341746,0.049549,-0.359477,0.312921,-0.360862,0.62027,-0.3459,0.944789,-0.314592,1.22745,-0.266937,1.46613,-0.202935,1.66083,-0.130773,1.81156,-0.0735596,1.91831,-0.0326931,1.98109,-0.00817329,2,5.55112e-17,1.4,0,0.5,3.40221
-3.5,-2.59808,0.2,1.82715,-2,0,2,0,3,0,-2,0,-1.73759,-0.00454145,-1.49852,-0.0181658,-1.26694,-0.0369051,-1.01136,-0.0528717,-0.730925,-0.0658497,-0.425629,-0.0758388,-0.100634,-0.0828393,0.210111,-0.086851,0.495996,-0.0878739,0.757021,-0.0859082,0.993187,-0.0809536,1.20449,-0.0730104,1.39094,-0.0620784,1.55253,-0.0481577,1.68926,-0.0328595,1.80112,-0.020339,1.88813,-0.0108072,1.95028,-0.00426419,1.98757,-0.000709887,2,-1.38778e-17,1.4,0,0.5,6.84932
-3.5,-2.59808,0.4,1.99088,-2,0,2,0,3,0,-2,0,-1.71522,-0.00539184,-1.45814,-0.0215674,-1.22876,-0.0485266,-1.02709,-0.0862695,-0.825939,-0.125864,-0.596101,-0.15771,-0.337564,-0.181802,-0.0503294,-0.198142,0.263747,-0.206729,0.56508,-0.207564,0.837715,-0.200646,1.08165,-0.185975,1.29689,-0.163552,1.48343,-0.133376,1.64127,-0.0957913,1.77041,-0.0611284,1.87086,-0.0342181,1.9426,-0.0150605,1.98565,-0.00365554,2,1.38778e-17,1.4,0,0.5,6.71535
-3.5,-2.59808,0.6,2.22387,-2,0,2,0,3,0,-2,0,-1.6837,-0.00672765,-1.40197,-0.0269106,-1.1548,-0.0605489,-0.942202,-0.107642,-0.764166,-0.168191,-0.608222,-0.236962,-0.423823,-0.292743,-0.205607,-0.333285,0.0464259,-0.358588,0.332276,-0.368652,0.643553,-0.363477,0.929534,-0.343064,1.1817,-0.307411,1.40004,-0.25652,1.58457,-0.190389,1.73529,-0.121912,1.85218,-0.0685753,1.93526,-0.0304779,1.98452,-0.00761948,2,2.77556e-17,1.4,0,0.5,7.02065
-3.5,-2.59808,0.8,2.53594,-2,0,2,0,3,0,-2,0,-1.64208,-0.00874826,-1.32911,-0.0349931,-1.06109,-0.0787344,-0.838014,-0.139972,-0.659885,-0.218707,-0.526702,-0.314937,-0.418064,-0.418277,-0.272927,-0.497646,-0.0872002,-0.550962,0.139117,-0.578223,0.406024,-0.579431,0.71339,-0.554586,1.01628,-0.503686,1.27858,-0.426733,1.50028,-0.323727,1.6814,-0.20843,1.82193,-0.117242,1.92187,-0.0521074,1.98121,-0.0130268,2,-2.77556e-16,1.4,0,0.5,3.37187
-2.31359,-2.98357,0.2,1.84233,-2,0,2,0,3,0,-2,0,-1.73476,-0.00620564,-1.49175,-0.0248226,-1.2547,-0.0502251,-0.993187,-0.0719007,-0.706534,-0.0896094,-0.394735,-0.103351,-0.0675605,-0.113126,0.242325,-0.118935,0.527065,-0.120776,0.78666,-0.118651,1.02111,-0.112559,1.23041,-0.1025,1.41457,-0.0884737,1.57359,-0.070481,1.70745,-0.0495854,1.81617,-0.0317346,1.89975,-0.0178507,1.95818,-0.00793366,1.99147,-0.00198342,2,1.38778e-17,1.4,0,0.5,6.85985
-2.31359,-2.98357,0.4,1.99625,-2,0,2,0,3,0,-2,0,-1.71361,-0.00728586,-1.45331,-0.0291434,-1.21911,-0.0655727,-1.01101,-0.116574,-0.802347,-0.169841,-0.565672,-0.212695,-0.300983,-0.245136,-0.00827897,-0.267164,0.3061,-0.278778,0.600165,-0.279979,0.866215,-0.270767,1.10425,-0.251141,1.31427,-0.221101,1.49628,-0.180648,1.65027,-0.130168,1.77624,-0.0833072,1.87421,-0.0468603,1.94415,-0.0208268,1.98608,-0.0052067,2,-5.55112e-17,1.4,0,0.5,6.72153
-2.31359,-2.98357,0.6,2.24437,-2,0,2,0,3,0,-2,0,-1.67984,-0.00920957,-1.39266,-0.0368383,-1.13846,-0.0828861,-0.917255,-0.147353,-0.729031,-0.230239,-0.559994,-0.323218,-0.363177,-0.39794,-0.134692,-0.45206,0.12546,-0.485578,0.417279,-0.498495,0.717476,-0.49081,0.986648,-0.462523,1.22415,-0.413634,1.42999,-0.344143,1.60416,-0.254051,1.74666,-0.162076,1.8575,-0.0906568,1.93667,-0.0398399,1.98417,-0.00962478,2,1.11022e-16,1.4,0,0.5,6.78741
-2.31359,-2.98357,0.8,2.59164,-2,0,2,0,3,0,-2,0,-1.63324,-0.01228,-1.31047,-0.0491202,-1.03168,-0.11052,-0.79687,-0.196481,-0.606041,-0.307001,-0.459195,-0.442081,-0.329007,-0.581327,-0.163971,-0.686294,0.037119,-0.756081,0.274264,-0.790687,0.547463,-0.790112,0.846254,-0.754358,1.11666,-0.683423,1.35102,-0.577308,1.54932,-0.436012,1.71156,-0.280028,1.83775,-0.157251,1.92789,-0.069654,1.98197,-0.0172377,2,0,1.4,0,0.5,3.38328
-1.07295,-2.85317,0.2,1.82542,-2,0,2,0,3,0,-2,0,-1.73615,-0.00753567,-1.49224,-0.0301427,-1.25374,-0.0612981,-0.991528,-0.0879428,-0.704809,-0.109712,-0.393591,-0.126606,-0.0711774,-0.138624,0.23521,-0.145767,0.517086,-0.148034,0.774451,-0.145425,1.00731,-0.137941,1.21565,-0.125582,1.39948,-0.108347,1.5588,-0.086236,1.69361,-0.0605923,1.80391,-0.0387229,1.8897,-0.021729,1.95098,-0.00961061,1.98774,-0.00236779,2,2.77556e-17,1.4,0,0.5,6.83726
-1.07295,-2.85317,0.4,2.00727,-2,0,2,0,3,0,-2,0,-1.71096,-0.00911192,-1.44603,-0.0364477,-1.2052,-0.0820073,-0.988471,-0.145787,-0.769396,-0.211771,-0.523004,-0.264835,-0.249295,-0.304979,0.0517318,-0.332202,0.363186,-0.346505,0.64857,-0.347889,0.906637,-0.336352,1.13739,-0.311895,1.34082,-0.274518,1.51693,-0.22422,1.66573,-0.161502,1.78721,-0.103361,1.88138,-0.0581406,1.94822,-0.0258403,1.98775,-0.00646006,2,5.55112e-17,1.4,0,0.5,6.74117
-1.07295,-2.85317,0.6,2.27746,-2,0,2,0,3,0,-2,0,-1.6739,-0.01173,-1.37882,-0.0469202,-1.11478,-0.10557,-0.881771,-0.187681,-0.679792,-0.293251,-0.492726,-0.409177,-0.278542,-0.501289,-0.035059,-0.56781,0.237724,-0.608743,0.535001,-0.624085,0.813351,-0.613838,1.0624,-0.578002,1.28215,-0.516576,1.4726,-0.42956,1.63375,-0.316955,1.7656,-0.202417,1.86815,-0.11343,1.9414,-0.0500325,1.98535,-0.0122247,2,0,1.4,0,0.5,6.62503
-1.07295,-2.85317,0.8,2.67725,-2,0,2,0,3,0,-2,0,-1.61985,-0.0162097,-1.28259,-0.0648389,-0.988205,-0.145888,-0.736703,-0.259356,-0.528084,-0.405243,-0.362326,-0.583529,-0.200801,-0.754258,-0.00832203,-0.881035,0.215111,-0.963861,0.469499,-1.00274,0.746366,-0.997659,1.00947,-0.94863,1.24162,-0.85565,1.44283,-0.718719,1.61307,-0.537836,1.75237,-0.343376,1.86071,-0.191617,1.93809,-0.0838096,1.98452,-0.0199534,2,1.11022e-16,1.4,0,0.5,3.35451
0.00739182,-2.22943,0.2,1.8257,-2,0,2,0,3,0,-2,0,-1.73476,-0.0090527,-1.48676,-0.0362108,-1.24241,-0.0736337,-0.974502,-0.105642,-0.682293,-0.1318,-0.367327,-0.152107,-0.04775,-0.166564,0.255597,-0.175169,0.534639,-0.177924,0.789376,-0.174828,1.01981,-0.165881,1.22594,-0.151083,1.40776,-0.130435,1.56528,-0.103936,1.69849,-0.073135,1.8074,-0.0468064,1.89201,-0.0263286,1.95231,-0.0117016,1.9883,-0.0029254,2,-2.77556e-17,1.4,0,0.5,6.8297
0.00739182,-2.22943,0.4,2.01301,-2,0,2,0,3,0,-2,0,-1.70853,-0.0110055,-1.43801,-0.0440221,-1.18845,-0.0990498,-0.959827,-0.176076,-0.72745,-0.255335,-0.469006,-0.318969,-0.184493,-0.366979,0.123164,-0.399365,0.422898,-0.416126,0.69661,-0.417263,0.944254,-0.402775,1.16583,-0.372663,1.36134,-0.326926,1.53078,-0.265565,1.67415,-0.189562,1.79146,-0.120409,1.88269,-0.0668808,1.94786,-0.028977,1.98697,-0.00669774,2,8.32667e-17,1.4,0,0.5,6.75569
0.00739182,-2.22943,0.6,2.33463,-2,0,2,0,3,0,-2,0,-1.6639,-0.0148032,-1.35599,-0.0592126,-1.07626,-0.133228,-0.824722,-0.236851,-0.601371,-0.370079,-0.385911,-0.510519,-0.144287,-0.620598,0.12318,-0.699723,0.398089,-0.747895,0.671623,-0.765113,0.924614,-0.751378,1.1509,-0.706688,1.35049,-0.631045,1.52338,-0.524448,1.66957,-0.386897,1.78905,-0.24763,1.88184,-0.139292,1.94792,-0.0619075,1.98731,-0.0154769,2,0,1.4,0,0.5,6.56597
0.00739182,-2.22943,0.8,2.81956,-2,0,2,0,3,0,-2,0,-1.59762,-0.0215914,-1.23636,-0.0863656,-0.916209,-0.194323,-0.637172,-0.345462,-0.399248,-0.539785,-0.198843,-0.772186,0.0129129,-0.973276,0.241239,-1.12111,0.469778,-1.21568,0.698317,-1.257,0.926856,-1.24506,1.15109,-1.17986,1.35103,-1.0614,1.52416,-0.889685,1.67048,-0.664712,1.78999,-0.426064,1.8827,-0.239661,1.9486,-0.106516,1.98769,-0.026629,2,1.11022e-16,1.4,0,0.5,3.63912
0.740636,-1.22021,0.2,1.81099,-2,0,2,0,3,0,-2,0,-1.73776,-0.00791841,-1.48771,-0.0316736,-1.23037,-0.06469,-0.949499,-0.0929956,-0.644584,-0.116133,-0.325495,-0.134102,-0.00778195,-0.146903,0.290949,-0.154535,0.565632,-0.156999,0.816266,-0.154295,1.04285,-0.146423,1.24539,-0.133382,1.42388,-0.115173,1.57831,-0.0917963,1.7087,-0.0646035,1.81505,-0.0413463,1.89734,-0.0232573,1.95558,-0.0103366,1.98978,-0.00258414,2,0,1.4,0,0.5,6.76997
0.740636,-1.22021,0.4,1.93299,-2,0,2,0,3,0,-2,0,-1.72077,-0.0090212,-1.45405,-0.0360848,-1.18741,-0.0811908,-0.920766,-0.144339,-0.647501,-0.213825,-0.350513,-0.270101,-0.0452244,-0.312865,0.256767,-0.342116,0.537058,-0.357855,0.792797,-0.360081,1.02399,-0.348795,1.23063,-0.323997,1.41271,-0.285686,1.57025,-0.233862,1.70324,-0.168906,1.81167,-0.1081,1.89556,-0.0608061,1.9549,-0.0270249,1.98968,-0.00675623,2,-5.55112e-17,1.4,0,0.5,6.7901
0.740636,-1.22021,0.6,2.19543,-2,0,2,0,3,0,-2,0,-1.68449,-0.0116371,-1.38165,-0.0465483,-1.0788,-0.104734,-0.778968,-0.186193,-0.502858,-0.290927,-0.247023,-0.411774,0.0169062,-0.511135,0.280896,-0.583564,0.544887,-0.629059,0.797712,-0.647621,1.02644,-0.639249,1.23106,-0.603944,1.41157,-0.541705,1.56797,-0.452533,1.70025,-0.336427,1.80842,-0.215468,1.89248,-0.1212,1.95243,-0.0538669,1.98827,-0.0134667,2,-1.11022e-16,1.4,0,0.5,6.57479
0.740636,-1.22021,0.8,2.62393,-2,0,2,0,3,0,-2,0,-1.62538,-0.0166229,-1.26343,-0.0664916,-0.901518,-0.149606,-0.561041,-0.265966,-0.260076,-0.415573,0.00137794,-0.598424,0.230069,-0.779739,0.44124,-0.914962,0.651326,-1.00392,0.861411,-1.04661,1.0712,-1.04304,1.26613,-0.993204,1.43813,-0.897101,1.5872,-0.754732,1.71333,-0.566098,1.81653,-0.361672,1.8968,-0.201868,1.95413,-0.0883296,1.98853,-0.0210565,2,0,1.4,0,0.5,3.24785
