sub_dest_x,sub_dest_y,connection_time,duration,start_x,start_y,end_x,end_y,initial_vel(x),initial_vel(y),x0,y0,x1,y1,x2,y2,x3,y3,x4,y4,x5,y5,x6,y6,x7,y7,x8,y8,x9,y9,x10,y10,x11,y11,x12,y12,x13,y13,x14,y14,x15,y15,x16,y16,x17,y17,x18,y18,x19,y19,x20,y20,circle_obst_x,circle_obst_y,circle_obst_rad,total_cost
-2,0,0,1.16025,-2,0,0,0,3,0,-2,0,-1.82091,0,-1.6356,0,-1.45891,0,-1.29233,0,-1.13583,0,-0.989437,0,-0.853137,0,-0.726933,0,-0.610826,0,-0.504815,0,-0.4089,0,-0.323081,0,-0.247359,0,-0.181733,0,-0.126204,0,-0.0807703,0,-0.0454333,0,-0.0201926,0,-0.00504815,0,8.88178e-16,0,-0.5,0,0.22,6.31414
-1.9,0,0.2,1.19629,-2,0,0,0,3,0,-2,0,-1.82592,0,-1.66258,0,-1.50997,0,-1.36347,0,-1.2075,0,-1.05187,0,-0.906968,0,-0.772801,0,-0.649368,0,-0.536668,0,-0.434701,0,-0.343467,0,-0.262967,0,-0.1932,0,-0.134167,0,-0.0858668,0,-0.0483001,0,-0.0214667,0,-0.00536668,0,2.22045e-16,0,-0.5,0,0.22,6.12964
-1.9,0,0.4,1.25144,-2,0,0,0,3,0,-2,0,-1.81816,0,-1.64806,0,-1.48971,0,-1.3431,0,-1.20824,0,-1.08513,0,-0.969427,0,-0.843791,0,-0.710612,0,-0.587283,0,-0.475699,0,-0.375861,0,-0.287769,0,-0.211422,0,-0.146821,0,-0.0939652,0,-0.0528554,0,-0.0234913,0,-0.00587283,0,3.33067e-16,0,-0.5,0,0.22,6.28799
-1.9,0,0.6,1.34309,-2,0,0,0,3,0,-2,0,-1.8053,0,-1.62413,0,-1.45649,0,-1.30238,0,-1.16179,0,-1.03474,0,-0.921216,0,-0.821221,0,-0.734698,0,-0.646462,0,-0.544697,0,-0.432935,0,-0.331466,0,-0.243526,0,-0.169115,0,-0.108234,0,-0.0608814,0,-0.0270584,0,-0.0067646,0,-5.55112e-17,0,-0.5,0,0.22,6.24809
-1.9,0,0.8,1.50921,-2,0,0,0,3,0,-2,0,-1.78216,0,-1.5814,0,-1.39773,0,-1.23114,0,-1.08163,0,-0.949202,0,-0.833859,0,-0.735598,0,-0.65442,0,-0.590325,0,-0.540601,0,-0.479976,0,-0.402269,0,-0.307489,0,-0.213534,0,-0.136662,0,-0.0768723,0,-0.0341655,0,-0.00854137,0,-1.11022e-16,0,-0.5,0,0.22,6.4442
-1.9,0,1,1.81649,-2,0,0,0,3,0,-2,0,-1.7399,0,-1.50455,0,-1.29394,0,-1.10808,0,-0.946973,0,-0.810609,0,-0.698991,0,-0.612122,0,-0.549999,0,-0.512623,0,-0.499994,0,-0.487871,0,-0.451003,0,-0.389387,0,-0.303025,0,-0.197977,0,-0.111362,0,-0.0494942,0,-0.0123735,0,-8.32667e-17,0,-0.5,0,0.22,6.75148
-1.9,0,1.2,2.3092,-2,0,0,0,3,0,-2,0,-1.67362,0,-1.38723,0,-1.14083,0,-0.934423,0,-0.768011,0,-0.641591,0,-0.555165,0,-0.508731,0,-0.50229,0,-0.535842,0,-0.594662,0,-0.619672,0,-0.60469,0,-0.549715,0,-0.454747,0,-0.319786,0,-0.179968,0,-0.0799857,0,-0.0199964,0,5.55112e-17,0,-0.5,0,0.22,7.5534
-1.9,0,1.4,2.94308,-2,0,0,0,3,0,-2,0,-1.59102,0,-1.247,0,-0.967945,0,-0.753852,0,-0.604722,0,-0.520555,0,-0.50135,0,-0.547107,0,-0.657828,0,-0.818156,0,-0.930675,0,-0.97823,0,-0.960823,0,-0.878454,0,-0.731122,0,-0.518827,0,-0.292332,0,-0.129925,0,-0.0324813,0,-1.11022e-16,0,-0.5,0,0.22,8.82116
-1.9,0,1.6,3.65142,-2,0,0,0,3,0,-2,0,-1.50228,0,-1.10457,0,-0.806843,0,-0.609116,0,-0.511385,0,-0.513651,0,-0.615912,0,-0.81817,0,-1.11484,0,-1.36984,0,-1.52484,0,-1.57985,0,-1.53485,0,-1.38987,0,-1.14489,0,-0.799906,0,-0.449983,0,-0.199992,0,-0.0499981,0,2.22045e-16,0,-0.5,0,0.22,10.2378
-1.9,0,1.8,3.95792,-2,0,0,0,3,0,-2,0,-1.46506,0,-1.0476,0,-0.747632,0,-0.565151,0,-0.500159,0,-0.552655,0,-0.722638,0,-1.01011,0,-1.3863,0,-1.67499,0,-1.84618,0,-1.89989,0,-1.83611,0,-1.65485,0,-1.35609,0,-0.939903,0,-0.528696,0,-0.234976,0,-0.058744,0,-1.11022e-16,0,-0.5,0,0.22,10.8508
-1.9,0,2,3.95792,-2,0,0,0,3,0,-2,0,-1.46506,0,-1.0476,0,-0.747632,0,-0.565151,0,-0.500159,0,-0.552655,0,-0.722638,0,-1.01011,0,-1.3863,0,-1.67499,0,-1.84618,0,-1.89989,0,-1.83611,0,-1.65485,0,-1.35609,0,-0.939903,0,-0.528696,0,-0.234976,0,-0.058744,0,1.11022e-16,0,-0.5,0,0.22,10.8508
-1.9,0,2.2,3.95792,-2,0,0,0,3,0,-2,0,-1.46506,0,-1.0476,0,-0.747632,0,-0.565151,0,-0.500159,0,-0.552655,0,-0.722638,0,-1.01011,0,-1.3863,0,-1.67499,0,-1.84618,0,-1.89989,0,-1.83611,0,-1.65485,0,-1.35609,0,-0.939903,0,-0.528696,0,-0.234976,0,-0.058744,0,-1.11022e-16,0,-0.5,0,0.22,10.8508
-1.90865,0.0406737,0.2,1.77978,-2,0,0,0,3,0,-2,0,-1.74491,0.000109327,-1.51358,0.000437308,-1.29255,0.000901394,-1.05924,0.00130152,-0.846783,0.00162876,-0.658077,0.00188312,-0.493128,0.00206459,-0.351937,0.00217318,-0.234502,0.00220888,-0.140824,0.00217169,-0.0709036,0.00206162,-0.0247398,0.00187866,-0.00233294,0.00162282,4.44089e-16,0.00129409,4.44089e-16,0.000911071,4.44089e-16,0.000583085,4.44089e-16,0.000327985,4.44089e-16,0.000145771,4.44089e-16,3.64428e-05,4.44089e-16,0,-0.5,0,0.22,6.71313
-1.90865,0.0406737,0.4,1.25147,-2,0,0,0,3,0,-2,0,-1.81815,5.40554e-05,-1.64805,0.000216222,-1.48969,0.000486498,-1.34308,0.000864886,-1.20822,0.00135138,-1.0851,0.00194599,-0.969393,0.00259551,-0.843749,0.00308705,-0.710572,0.00339841,-0.58725,0.00352959,-0.475672,0.00348059,-0.37584,0.00325141,-0.287752,0.00284205,-0.21141,0.00225251,-0.146812,0.00150399,-0.0939599,0.000857889,-0.0528525,0.000391968,-0.02349,0.000106226,-0.0058725,6.64251e-07,-2.22045e-16,-6.50521e-19,-0.5,0,0.22,6.28803
-1.90865,0.0406737,0.6,1.36575,-2,0,0,0,3,0,-2,0,-1.80213,6.4378e-05,-1.61825,0.000257512,-1.44836,0.000579402,-1.29246,0.00103005,-1.15055,0.00160945,-1.02263,0.00231761,-0.908693,0.00315452,-0.808748,0.00412019,-0.722153,0.00520287,-0.630224,0.00605856,-0.52431,0.00652802,-0.411305,0.00661126,-0.311043,0.00630828,-0.224765,0.00561907,-0.152471,0.00454364,-0.0941606,0.00308979,-0.0498349,0.00173801,-0.0194934,0.000772449,-0.00313599,0.000193112,-1.66533e-16,8.67362e-19,-0.5,0,0.22,6.27076
-1.90865,0.0406737,0.8,1.51442,-2,0,0,0,3,0,-2,0,-1.78144,7.91569e-05,-1.58007,0.000316628,-1.39591,0.000712412,-1.22895,0.00126651,-1.07919,0.00197892,-0.946627,0.00284965,-0.831266,0.00387869,-0.733105,0.00506604,-0.652144,0.00641171,-0.588384,0.00791569,-0.538572,0.00948819,-0.477068,0.010421,-0.398381,0.0105625,-0.3026,0.00991273,-0.209216,0.00847164,-0.133015,0.00623925,-0.0739959,0.00356086,-0.03216,0.0015826,-0.00750688,0.000395651,2.22045e-16,0,-0.5,0,0.22,6.44942
-1.90865,0.0406737,1,1.82109,-2,0,0,0,3,0,-2,0,-1.73927,0.000114461,-1.50342,0.000457846,-1.29243,0.00103015,-1.10632,0.00183138,-0.945079,0.00286154,-0.80871,0.00412061,-0.697212,0.00560861,-0.610587,0.00732553,-0.548833,0.00927138,-0.511951,0.0114461,-0.499932,0.0138496,-0.487065,0.0156926,-0.449359,0.016239,-0.386813,0.0154887,-0.299429,0.0134417,-0.194228,0.0100981,-0.108419,0.00583497,-0.0474489,0.00259332,-0.0113178,0.00064833,1.38778e-16,-3.46945e-18,-0.5,0,0.22,6.7561
-1.90865,0.0406737,1.2,2.30981,-2,0,0,0,3,0,-2,0,-1.67353,0.000184141,-1.38708,0.000736562,-1.14064,0.00165727,-0.934213,0.00294625,-0.767798,0.00460352,-0.641395,0.00662906,-0.555005,0.00902289,-0.508627,0.011785,-0.502262,0.0149154,-0.535909,0.0184141,-0.59471,0.0218706,-0.619636,0.0236548,-0.604591,0.0235982,-0.549573,0.0217008,-0.454584,0.0179627,-0.319622,0.0123837,-0.179873,0.0065584,-0.0799437,0.00256502,-0.0199859,0.000412416,5.55112e-17,0,-0.5,0,0.22,7.55463
-1.90865,0.0406737,1.4,2.96527,-2,0,0,0,3,0,-2,0,-1.58818,0.000303477,-1.24231,0.00121391,-0.962373,0.00273129,-0.748385,0.00485563,-0.60034,0.00758692,-0.518238,0.0109252,-0.50208,0.0148704,-0.551865,0.0194225,-0.667594,0.0241761,-0.828785,0.0281592,-0.936973,0.0304405,-0.979239,0.0309012,-0.955584,0.0295413,-0.866008,0.0263607,-0.710511,0.0213594,-0.489094,0.0145652,-0.268119,0.00819295,-0.113065,0.00364131,-0.0239324,0.000910327,-1.11022e-16,0,-0.5,0,0.22,8.86555
-1.90865,0.0406737,1.6,3.88728,-2,0,0,0,3,0,-2,0,-1.47357,0.00052154,-1.06047,0.00208616,-0.760697,0.00469386,-0.57425,0.00834464,-0.501131,0.0130385,-0.541339,0.0187754,-0.694874,0.0249567,-0.961737,0.0301612,-1.27508,0.0341176,-1.48121,0.0363543,-1.57401,0.0368526,-1.5535,0.0356124,-1.41967,0.0326338,-1.17252,0.0279168,-0.812052,0.0214614,-0.439943,0.0139074,-0.180837,0.00782291,-0.0350503,0.00347685,2.22045e-16,0.000869212,2.22045e-16,-1.04083e-17,-0.5,0,0.22,10.7096
-1.90865,0.0406737,1.8,4.00586,-2,0,0,0,3,0,-2,0,-1.45929,0.000553845,-1.03894,0.00221538,-0.738923,0.00498461,-0.559258,0.00886152,-0.49994,0.0138461,-0.560968,0.0199384,-0.742344,0.0261556,-1.04407,0.031273,-1.42484,0.0352827,-1.70592,0.0378057,-1.86666,0.0384827,-1.90706,0.0373136,-1.82712,0.0342984,-1.62685,0.029437,-1.30624,0.0227296,-0.869261,0.0147688,-0.472035,0.00830747,-0.195147,0.00369221,-0.038597,0.000923052,-1.11022e-16,-1.38778e-17,-0.5,0,0.22,10.9467
-1.90865,0.0406737,2,4.11334,-2,0,0,0,3,0,-2,0,-1.44645,0.000583962,-1.01978,0.00233585,-0.720009,0.00525566,-0.547127,0.0093434,-0.501137,0.0145991,-0.582038,0.0210074,-0.78983,0.0272012,-1.12451,0.032227,-1.50373,0.0360849,-1.76085,0.0387453,-1.89108,0.0396636,-1.89443,0.0386353,-1.7709,0.0356606,-1.52049,0.0307394,-1.1432,0.0238716,-0.683956,0.0155719,-0.330788,0.00875921,-0.104502,0.00389298,-0.00509689,0.000973246,-2.22045e-16,0,-0.5,0,0.22,11.1617
-1.90865,0.0406737,2.2,3.96606,-2,0,0,0,3,0,-2,0,-1.46408,0.000542893,-1.04612,0.00217157,-0.746126,0.00488603,-0.564102,0.00868628,-0.500046,0.0135723,-0.553956,0.0195441,-0.725833,0.0257584,-1.01568,0.0309067,-1.39384,0.0349692,-1.68337,0.0379459,-1.85493,0.0398369,-1.90853,0.0400481,-1.84419,0.0377324,-1.6619,0.0328833,-1.36167,0.025501,-0.943558,0.0160479,-0.530752,0.00829738,-0.23589,0.00308021,-0.0589724,0.000396382,-2.22045e-16,0,-0.5,0,0.22,10.8671
-1.90865,0.0406737,2.4,4.00085,-2,0,0,0,3,0,-2,0,-1.4599,0.000552459,-1.03984,0.00220984,-0.739825,0.00497213,-0.559858,0.00883934,-0.499937,0.0138115,-0.560061,0.0198885,-0.740231,0.0261059,-1.04045,0.0312272,-1.42098,0.0352437,-1.70314,0.0381552,-1.86524,0.0399619,-1.90865,0.0406636,-1.84833,0.0395201,-1.66799,0.0357986,-1.36763,0.0294992,-0.947268,0.0206218,-0.530427,0.0116009,-0.23361,0.00515596,-0.0568152,0.00128899,3.33067e-16,-6.93889e-18,-0.5,0,0.22,10.9367
-1.93309,0.0743145,0.2,1.19631,-2,0,0,0,3,0,-2,0,-1.82592,8.23226e-05,-1.66257,0.00032929,-1.50996,0.000740903,-1.36345,0.00126041,-1.20748,0.00169669,-1.05185,0.00203417,-0.906952,0.00227287,-0.772788,0.00241277,-0.649357,0.00245389,-0.536658,0.00239621,-0.434693,0.00223975,-0.343461,0.0019845,-0.262963,0.00163045,-0.193197,0.0011786,-0.134165,0.000745432,-0.0858653,0.000411053,-0.0482992,0.000175465,-0.0214663,3.86655e-05,-0.00536658,4.33681e-19,-6.66134e-16,4.33681e-19,-0.5,0,0.22,6.12966
-1.93309,0.0743145,0.4,1.31171,-2,0,0,0,3,0,-2,0,-1.80969,9.89715e-05,-1.63229,0.000395886,-1.46779,0.000890743,-1.3162,0.00158354,-1.1775,0.00247429,-1.05171,0.00356297,-0.928348,0.00465674,-0.792209,0.00547572,-0.655689,0.00601759,-0.532068,0.00628235,-0.421349,0.00627,-0.323531,0.00598054,-0.238614,0.00541397,-0.166599,0.00457029,-0.107485,0.0034495,-0.0612724,0.00221688,-0.0279613,0.00124699,-0.00755163,0.000554219,-4.33468e-05,0.000138555,2.22045e-16,0,-0.5,0,0.22,6.34827
-1.93309,0.0743145,0.6,1.36586,-2,0,0,0,3,0,-2,0,-1.80212,0.000107311,-1.61822,0.000429246,-1.44832,0.000965803,-1.29241,0.00171698,-1.15048,0.00268279,-1.02255,0.00386321,-0.908606,0.00525826,-0.808653,0.00686793,-0.722048,0.00867251,-0.630098,0.0100983,-0.524171,0.0108805,-0.411195,0.011019,-0.310971,0.0105138,-0.224724,0.00936496,-0.152454,0.00757245,-0.0941607,0.00514933,-0.0498446,0.0028965,-0.0195054,0.00128733,-0.00314324,0.000321833,1.11022e-16,-3.46945e-18,-0.5,0,0.22,6.27088
-1.93309,0.0743145,0.8,1.51471,-2,0,0,0,3,0,-2,0,-1.7814,0.000131976,-1.58,0.000527903,-1.39581,0.00118778,-1.22882,0.00211161,-1.07904,0.00329939,-0.946461,0.00475113,-0.83109,0.00646681,-0.732926,0.00844644,-0.651967,0.01069,-0.588213,0.0131976,-0.538385,0.015818,-0.476848,0.0173708,-0.398153,0.017605,-0.302397,0.0165208,-0.20911,0.014118,-0.132981,0.0103967,-0.0740087,0.00593332,-0.0321933,0.00263703,-0.00753506,0.000659258,0,-3.46945e-18,-0.5,0,0.22,6.44973
-1.93309,0.0743145,1,1.81785,-2,0,0,0,3,0,-2,0,-1.73971,0.000190087,-1.50421,0.000760347,-1.29348,0.00171078,-1.10754,0.00304139,-0.946379,0.00475217,-0.809999,0.00684313,-0.698401,0.00931425,-0.611584,0.0121656,-0.549549,0.015397,-0.512296,0.0190087,-0.499824,0.0230005,-0.487497,0.0260864,-0.450485,0.0269702,-0.388786,0.0256518,-0.3024,0.0221312,-0.197491,0.0164084,-0.111089,0.00927201,-0.0493728,0.00398269,-0.0123432,0.000895555,8.32667e-17,0,-0.5,0,0.22,6.75287
-1.93309,0.0743145,1.2,2.31072,-2,0,0,0,3,0,-2,0,-1.67341,0.000307134,-1.38687,0.00122854,-1.14036,0.00276421,-0.933896,0.00491415,-0.767473,0.00767836,-0.64109,0.0110568,-0.554748,0.0150496,-0.508448,0.0196566,-0.502188,0.0248779,-0.535969,0.0307134,-0.594734,0.036493,-0.619532,0.0395924,-0.604393,0.0397458,-0.549316,0.0369532,-0.454302,0.0312148,-0.319351,0.0225304,-0.179717,0.0126069,-0.0798743,0.00546139,-0.0199686,0.00126181,0,-3.46945e-18,-0.5,0,0.22,7.55645
-1.93309,0.0743145,1.4,2.94413,-2,0,0,0,3,0,-2,0,-1.59088,0.000498594,-1.24677,0.00199438,-0.96765,0.00448735,-0.753536,0.0079775,-0.604423,0.0124648,-0.520312,0.0179494,-0.501203,0.0244311,-0.547095,0.03191,-0.657988,0.040038,-0.818315,0.0475136,-0.930649,0.05192,-0.978061,0.0529374,-0.960553,0.0505657,-0.878124,0.044805,-0.730775,0.0356553,-0.518505,0.02332,-0.292143,0.0124422,-0.129841,0.00495333,-0.0324603,0.000853539,-1.66533e-16,0,-0.5,0,0.22,8.82327
-1.93309,0.0743145,1.6,3.65178,-2,0,0,0,3,0,-2,0,-1.50224,0.000767085,-1.10447,0.00306834,-0.806719,0.00690377,-0.608968,0.0122734,-0.511221,0.0191771,-0.513478,0.0276151,-0.615741,0.0374533,-0.818007,0.0472366,-1.11466,0.0555328,-1.36953,0.0609898,-1.52444,0.0630723,-1.57939,0.06178,-1.53439,0.0571131,-1.38942,0.0490715,-1.1445,0.0376552,-0.799613,0.0239187,-0.449817,0.0129003,-0.199919,0.00525658,-0.0499797,0.000987536,-4.44089e-16,0,-0.5,0,0.22,10.2386
-1.93309,0.0743145,1.8,4.03481,-2,0,0,0,3,0,-2,0,-1.45582,0.000936442,-1.03372,0.00374577,-0.73371,0.00842797,-0.55578,0.0149831,-0.499934,0.023411,-0.566171,0.0337102,-0.754492,0.0447598,-1.0649,0.054345,-1.45103,0.0620528,-1.73308,0.0670269,-1.89309,0.0686301,-1.93104,0.0668624,-1.84694,0.0617239,-1.64079,0.0532144,-1.31259,0.0413341,-0.867676,0.0269671,-0.468482,0.015169,-0.19134,0.00674179,-0.0362485,0.00168545,-4.44089e-16,0,-0.5,0,0.22,11.0046
-1.93309,0.0743145,2,3.98871,-2,0,0,0,3,0,-2,0,-1.46135,0.000915164,-1.04201,0.00366066,-0.741973,0.00823648,-0.56125,0.0146426,-0.499836,0.0228791,-0.557732,0.0329459,-0.734938,0.0439122,-1.03145,0.0535466,-1.4151,0.0613506,-1.70702,0.0673243,-1.87965,0.070431,-1.93302,0.0695125,-1.86714,0.0645679,-1.682,0.0555972,-1.37761,0.0426004,-0.954045,0.0267566,-0.53665,0.0140914,-0.238511,0.00545237,-0.0596278,0.000839439,-2.22045e-16,6.93889e-18,-0.5,0,0.22,10.9124
-1.93309,0.0743145,2.2,4.05339,-2,0,0,0,3,0,-2,0,-1.4536,0.000945085,-1.0304,0.00378034,-0.730421,0.00850576,-0.553648,0.0151214,-0.500086,0.0236271,-0.569734,0.0340184,-0.762592,0.0450979,-1.07866,0.0546623,-1.46514,0.0623365,-1.74311,0.0681205,-1.89787,0.0719906,-1.92946,0.0725319,-1.83789,0.0689155,-1.62316,0.0611414,-1.28529,0.0492095,-0.834021,0.033262,-0.442358,0.0187099,-0.173849,0.0083155,-0.0284949,0.00207887,-3.33067e-16,0,-0.5,0,0.22,11.0418
-1.93309,0.0743145,2.4,4.02921,-2,0,0,0,3,0,-2,0,-1.45649,0.000933842,-1.03473,0.00373537,-0.734707,0.00840458,-0.556432,0.0149415,-0.499901,0.0233461,-0.565115,0.0336172,-0.752073,0.0446574,-1.06078,0.0542488,-1.44673,0.0619725,-1.72999,0.0678285,-1.89149,0.0718168,-1.93263,0.0739261,-1.86121,0.0724256,-1.66814,0.0660702,-1.3534,0.05486,-0.918236,0.0387948,-0.506384,0.021847,-0.216195,0.00970977,-0.047667,0.00242744,-2.22045e-16,0,-0.5,0,0.22,10.9934
-1.9691,0.0951057,0.2,1.45541,-2,0,0,0,3,0,-2,0,-1.78963,0.000170575,-1.59514,0.000682298,-1.41553,0.00151974,-1.22894,0.00234745,-1.03942,0.00302894,-0.865633,0.00356421,-0.707737,0.00395327,-0.565726,0.00419611,-0.439602,0.00429274,-0.329363,0.00424315,-0.23501,0.00404734,-0.156543,0.00370532,-0.0939619,0.00321708,-0.0472666,0.00258263,-0.0164572,0.0018277,-0.00153371,0.00116973,2.22045e-16,0.000657972,2.22045e-16,0.000292432,2.22045e-16,7.31079e-05,2.22045e-16,0,-0.5,0,0.22,6.38876
-1.9691,0.0951057,0.4,1.25161,-2,0,0,0,3,0,-2,0,-1.81813,0.000126149,-1.64801,0.000504594,-1.48963,0.00113534,-1.34301,0.00201838,-1.20812,0.00315371,-1.08498,0.00454135,-0.969249,0.00606129,-0.843574,0.00723459,-0.710404,0.00801147,-0.587111,0.00839193,-0.47556,0.00837597,-0.375751,0.00796359,-0.287684,0.00715478,-0.21136,0.00594955,-0.146778,0.0043479,-0.0939378,0.00269107,-0.05284,0.0014286,-0.0234844,0.000562548,-0.00587111,9.29169e-05,1.11022e-16,0,-0.5,0,0.22,6.28819
-1.9691,0.0951057,0.6,1.34369,-2,0,0,0,3,0,-2,0,-1.80522,0.000145393,-1.62397,0.000581574,-1.45626,0.00130854,-1.30209,0.0023263,-1.16146,0.00363484,-1.03436,0.00523417,-0.920809,0.00712428,-0.820792,0.00930518,-0.734248,0.011774,-0.645906,0.0138509,-0.544053,0.0150145,-0.432335,0.0152649,-0.331006,0.0146019,-0.243188,0.0130257,-0.168881,0.0105362,-0.108084,0.00714999,-0.0607971,0.00399278,-0.0270209,0.00174886,-0.00675523,0.000418212,0,-8.67362e-19,-0.5,0,0.22,6.24873
-1.9691,0.0951057,0.8,1.51077,-2,0,0,0,3,0,-2,0,-1.78194,0.000183799,-1.581,0.000735198,-1.39717,0.00165419,-1.23045,0.00294079,-1.08085,0.00459499,-0.948362,0.00661678,-0.832989,0.00900617,-0.734731,0.0117632,-0.653586,0.0148878,-0.589556,0.0183799,-0.539781,0.0220508,-0.478943,0.024228,-0.401092,0.0245185,-0.306251,0.0229221,-0.212674,0.0194389,-0.136112,0.0140689,-0.0765628,0.00782574,-0.0340279,0.00333487,-0.00850698,0.000730805,-5.55112e-17,0,-0.5,0,0.22,6.4458
-1.9691,0.0951057,1,1.81907,-2,0,0,0,3,0,-2,0,-1.73955,0.000266467,-1.5039,0.00106587,-1.29307,0.00239821,-1.10705,0.00426348,-0.945847,0.00666168,-0.809452,0.00959282,-0.697869,0.0130569,-0.611097,0.0170539,-0.549138,0.0215839,-0.51199,0.0266467,-0.499653,0.0322425,-0.487143,0.0365667,-0.450002,0.0378529,-0.388229,0.0361012,-0.301826,0.0313115,-0.197047,0.023484,-0.110839,0.0135252,-0.0492619,0.00597896,-0.0123155,0.00147071,5.55112e-17,-6.93889e-18,-0.5,0,0.22,6.7541
-1.9691,0.0951057,1.2,2.31631,-2,0,0,0,3,0,-2,0,-1.67267,0.000432054,-1.38557,0.00172822,-1.1387,0.00388849,-0.932058,0.00691287,-0.765648,0.0108014,-0.639469,0.015554,-0.55352,0.0211707,-0.507801,0.0276515,-0.502313,0.0349964,-0.537055,0.0432054,-0.595657,0.0512728,-0.619464,0.0555951,-0.603239,0.0558504,-0.546979,0.0520386,-0.450686,0.0441599,-0.314359,0.0322141,-0.175751,0.0183016,-0.077143,0.00813402,-0.0185683,0.00203351,1.11022e-16,-6.93889e-18,-0.5,0,0.22,7.56764
-1.9691,0.0951057,1.4,2.96744,-2,0,0,0,3,0,-2,0,-1.5879,0.000709103,-1.24182,0.00283641,-0.961776,0.00638193,-0.747756,0.0113456,-0.599764,0.0177276,-0.5178,0.0255277,-0.501862,0.034746,-0.551952,0.0453826,-0.66807,0.0564945,-0.829213,0.0657993,-0.936975,0.0711212,-0.978832,0.072191,-0.954782,0.0690089,-0.864828,0.0615747,-0.708967,0.0498886,-0.487208,0.034016,-0.266745,0.019134,-0.112188,0.008504,-0.0235362,0.002126,0,0,-0.5,0,0.22,8.8699
-1.9691,0.0951057,1.6,3.73167,-2,0,0,0,3,0,-2,0,-1.49246,0.00112138,-1.08933,0.00448551,-0.790621,0.0100924,-0.596327,0.017942,-0.506449,0.0280344,-0.520987,0.0403696,-0.639941,0.0544029,-0.863311,0.0667934,-1.17226,0.0767679,-1.4114,0.082896,-1.54619,0.0848598,-1.57661,0.0826592,-1.50268,0.0762943,-1.32439,0.065765,-1.04175,0.0510714,-0.665349,0.0333147,-0.344878,0.0187395,-0.128764,0.00832867,-0.0170069,0.00208217,2.22045e-16,1.38778e-17,-0.5,0,0.22,10.3984
-1.9691,0.0951057,1.8,4.0917,-2,0,0,0,3,0,-2,0,-1.44901,0.0013482,-1.02356,0.00539279,-0.723647,0.0121338,-0.549269,0.0215712,-0.500426,0.033705,-0.57712,0.0485139,-0.77935,0.0630169,-1.10712,0.0748235,-1.50072,0.0839023,-1.7809,0.0892352,-1.9356,0.0903315,-1.9648,0.087191,-1.8685,0.0798138,-1.64672,0.0681998,-1.29943,0.0523492,-0.838408,0.0338937,-0.442429,0.0190652,-0.171943,0.00847343,-0.0269507,0.00211836,1.11022e-16,6.93889e-18,-0.5,0,0.22,11.1184
-1.9691,0.0951057,2,4.02138,-2,0,0,0,3,0,-2,0,-1.45742,0.00130226,-1.0361,0.00520903,-0.736041,0.0117203,-0.557238,0.0208361,-0.499693,0.0325564,-0.563407,0.0468806,-0.748379,0.0614148,-1.05461,0.0733601,-1.44617,0.0827008,-1.74166,0.0894339,-1.91593,0.0923312,-1.969,0.0903924,-1.90089,0.0836176,-1.71158,0.0720068,-1.40109,0.0555599,-0.969519,0.0356398,-0.545355,0.0194914,-0.24238,0.0081791,-0.060595,0.0017028,1.11022e-16,0,-0.5,0,0.22,10.9778
-1.9691,0.0951057,2.2,4.0259,-2,0,0,0,3,0,-2,0,-1.45688,0.00130518,-1.03529,0.00522074,-0.735234,0.0117467,-0.556708,0.020883,-0.499713,0.0326296,-0.564248,0.0469855,-0.750315,0.061519,-1.05791,0.0734556,-1.44977,0.082782,-1.74429,0.0894979,-1.91728,0.093597,-1.96879,0.093603,-1.89885,0.0883894,-1.70747,0.0779563,-1.39463,0.0623037,-0.960646,0.0417563,-0.538322,0.0234879,-0.237445,0.0104391,-0.0580143,0.00260977,3.33067e-16,-1.38778e-17,-0.5,0,0.22,10.9868
-1.9691,0.0951057,2.4,4.02143,-2,0,0,0,3,0,-2,0,-1.45742,0.00130229,-1.03609,0.00520916,-0.736032,0.0117206,-0.557232,0.0208366,-0.499693,0.0325572,-0.563416,0.0468817,-0.748401,0.061416,-1.05465,0.0733612,-1.44621,0.0827017,-1.74169,0.0894377,-1.9159,0.0935691,-1.96886,0.0950891,-1.90061,0.0921239,-1.71123,0.0832073,-1.4007,0.0683394,-0.969147,0.04752,-0.545145,0.0267129,-0.242287,0.0118573,-0.0605717,0.00295295,1.11022e-16,1.38778e-17,-0.5,0,0.22,10.9779
-2.01045,0.0994522,0.2,1.45541,-2,0,0,0,3,0,-2,0,-1.78963,0.000170575,-1.59514,0.000682298,-1.41553,0.00151974,-1.22894,0.00234745,-1.03942,0.00302894,-0.865633,0.00356421,-0.707737,0.00395327,-0.565726,0.00419611,-0.439602,0.00429274,-0.329363,0.00424315,-0.23501,0.00404734,-0.156543,0.00370532,-0.0939619,0.00321708,-0.0472666,0.00258263,-0.0164572,0.0018277,-0.00153371,0.00116973,2.22045e-16,0.000657972,2.22045e-16,0.000292432,2.22045e-16,7.31079e-05,2.22045e-16,0,-0.5,0,0.22,6.38876
-2.01045,0.0994522,0.4,1.25161,-2,0,0,0,3,0,-2,0,-1.81813,0.000126149,-1.64801,0.000504594,-1.48963,0.00113534,-1.34301,0.00201838,-1.20812,0.00315371,-1.08498,0.00454135,-0.969249,0.00606129,-0.843574,0.00723459,-0.710404,0.00801147,-0.587111,0.00839193,-0.47556,0.00837597,-0.375751,0.00796359,-0.287684,0.00715478,-0.21136,0.00594955,-0.146778,0.0043479,-0.0939378,0.00269107,-0.05284,0.0014286,-0.0234844,0.000562548,-0.00587111,9.29169e-05,1.11022e-16,0,-0.5,0,0.22,6.28819
-2.01045,0.0994522,0.6,1.34369,-2,0,0,0,3,0,-2,0,-1.80522,0.000145393,-1.62397,0.000581574,-1.45626,0.00130854,-1.30209,0.0023263,-1.16146,0.00363484,-1.03436,0.00523417,-0.920809,0.00712428,-0.820792,0.00930518,-0.734248,0.011774,-0.645906,0.0138509,-0.544053,0.0150145,-0.432335,0.0152649,-0.331006,0.0146019,-0.243188,0.0130257,-0.168881,0.0105362,-0.108084,0.00714999,-0.0607971,0.00399278,-0.0270209,0.00174886,-0.00675523,0.000418212,0,-8.67362e-19,-0.5,0,0.22,6.24873
-2.01045,0.0994522,0.8,1.51077,-2,0,0,0,3,0,-2,0,-1.78194,0.000183799,-1.581,0.000735198,-1.39717,0.00165419,-1.23045,0.00294079,-1.08085,0.00459499,-0.948362,0.00661678,-0.832989,0.00900617,-0.734731,0.0117632,-0.653586,0.0148878,-0.589556,0.0183799,-0.539781,0.0220508,-0.478943,0.024228,-0.401092,0.0245185,-0.306251,0.0229221,-0.212674,0.0194389,-0.136112,0.0140689,-0.0765628,0.00782574,-0.0340279,0.00333487,-0.00850698,0.000730805,-5.55112e-17,0,-0.5,0,0.22,6.4458
-2.01045,0.0994522,1,1.81907,-2,0,0,0,3,0,-2,0,-1.73955,0.000266467,-1.5039,0.00106587,-1.29307,0.00239821,-1.10705,0.00426348,-0.945847,0.00666168,-0.809452,0.00959282,-0.697869,0.0130569,-0.611097,0.0170539,-0.549138,0.0215839,-0.51199,0.0266467,-0.499653,0.0322425,-0.487143,0.0365667,-0.450002,0.0378529,-0.388229,0.0361012,-0.301826,0.0313115,-0.197047,0.023484,-0.110839,0.0135252,-0.0492619,0.00597896,-0.0123155,0.00147071,5.55112e-17,-6.93889e-18,-0.5,0,0.22,6.7541
-2.01045,0.0994522,1.2,2.31631,-2,0,0,0,3,0,-2,0,-1.67267,0.000432054,-1.38557,0.00172822,-1.1387,0.00388849,-0.932058,0.00691287,-0.765648,0.0108014,-0.639469,0.015554,-0.55352,0.0211707,-0.507801,0.0276515,-0.502313,0.0349964,-0.537055,0.0432054,-0.595657,0.0512728,-0.619464,0.0555951,-0.603239,0.0558504,-0.546979,0.0520386,-0.450686,0.0441599,-0.314359,0.0322141,-0.175751,0.0183016,-0.077143,0.00813402,-0.0185683,0.00203351,1.11022e-16,-6.93889e-18,-0.5,0,0.22,7.56764
-2.01045,0.0994522,1.4,2.95167,-2,0,0,0,3,0,-2,0,-1.58991,0.000701584,-1.24516,0.00280634,-0.965724,0.00631426,-0.75162,0.0112254,-0.602843,0.0175396,-0.519394,0.025257,-0.501273,0.0343776,-0.548478,0.0449014,-0.661011,0.056252,-0.821641,0.0661645,-0.932503,0.0720251,-0.978171,0.0734787,-0.958646,0.0705254,-0.873926,0.0631651,-0.724014,0.0513979,-0.508907,0.0352556,-0.284195,0.0198313,-0.124294,0.0088139,-0.0295866,0.00220348,-1.11022e-16,2.77556e-17,-0.5,0,0.22,8.83836
-2.01045,0.0994522,1.6,3.65202,-2,0,0,0,3,0,-2,0,-1.5022,0.00107402,-1.10441,0.00429608,-0.806619,0.00966619,-0.608838,0.0171843,-0.511064,0.0268505,-0.513296,0.0386647,-0.615534,0.0524392,-0.817779,0.0655758,-1.11438,0.0764963,-1.36914,0.0835279,-1.52398,0.0859579,-1.5789,0.0837861,-1.53389,0.0770128,-1.38896,0.0656377,-1.14411,0.049661,-0.799327,0.0310261,-0.449656,0.0164289,-0.199847,0.00643336,-0.0499618,0.0010395,0,-1.38778e-17,-0.5,0,0.22,10.2391
-2.01045,0.0994522,1.8,4.16347,-2,0,0,0,3,0,-2,0,-1.44047,0.0013959,-1.01092,0.00558362,-0.711343,0.0125631,-0.541748,0.0223345,-0.50213,0.0348976,-0.592491,0.0501808,-0.812831,0.0653378,-1.16315,0.0777434,-1.56317,0.0872576,-1.83921,0.0927187,-1.98532,0.0937931,-2.00149,0.0904808,-1.88772,0.082782,-1.64402,0.0706965,-1.27039,0.0542244,-0.792185,0.0350931,-0.40343,0.0197398,-0.144609,0.00877327,-0.0157222,0.00219332,0,2.77556e-17,-0.5,0,0.22,11.262
-2.01045,0.0994522,2,4.05789,-2,0,0,0,3,0,-2,0,-1.45305,0.00132601,-1.02957,0.00530404,-0.729564,0.0119341,-0.553026,0.0212162,-0.499958,0.0331503,-0.570361,0.0477286,-0.764234,0.0628441,-1.08158,0.0754526,-1.48197,0.0854091,-1.78149,0.0926904,-1.95758,0.0958826,-2.01027,0.0941505,-1.93957,0.0874941,-1.74546,0.0759135,-1.42795,0.0594086,-0.987204,0.0389236,-0.555302,0.0218066,-0.246801,0.00961397,-0.0617003,0.00234556,4.44089e-16,2.08167e-17,-0.5,0,0.22,11.0508
-2.01045,0.0994522,2.2,4.05802,-2,0,0,0,3,0,-2,0,-1.45304,0.00132609,-1.02955,0.00530437,-0.729542,0.0119348,-0.553012,0.0212175,-0.49996,0.0331523,-0.570385,0.0477315,-0.764288,0.0628471,-1.08167,0.0754554,-1.48207,0.0854115,-1.78156,0.0927154,-1.95757,0.0973297,-2.01018,0.097338,-1.93941,0.0916647,-1.74526,0.0803097,-1.42774,0.063273,-0.987005,0.0412288,-0.55519,0.0224248,-0.246751,0.00930254,-0.0616878,0.00186193,4.44089e-16,0,-0.5,0,0.22,11.0511
-2.01045,0.0994522,2.4,4.05808,-2,0,0,0,3,0,-2,0,-1.45303,0.00132613,-1.02954,0.00530453,-0.729531,0.0119352,-0.553005,0.0212181,-0.49996,0.0331533,-0.570397,0.047733,-0.764316,0.0628486,-1.08172,0.0754568,-1.48212,0.0854127,-1.7816,0.0927163,-1.95759,0.0973677,-2.01011,0.099311,-1.93924,0.0961142,-1.74502,0.0864787,-1.42747,0.0704043,-0.986738,0.047922,-0.55504,0.0262995,-0.246684,0.0111158,-0.0616711,0.00237087,0,0,-0.5,0,0.22,11.0512
-2.05,0.0866025,0.2,1.45541,-2,0,0,0,3,0,-2,0,-1.78963,0.000170575,-1.59514,0.000682298,-1.41553,0.00151974,-1.22894,0.00234745,-1.03942,0.00302894,-0.865633,0.00356421,-0.707737,0.00395327,-0.565726,0.00419611,-0.439602,0.00429274,-0.329363,0.00424315,-0.23501,0.00404734,-0.156543,0.00370532,-0.0939619,0.00321708,-0.0472666,0.00258263,-0.0164572,0.0018277,-0.00153371,0.00116973,2.22045e-16,0.000657972,2.22045e-16,0.000292432,2.22045e-16,7.31079e-05,2.22045e-16,0,-0.5,0,0.22,6.38876
-2.05,0.0866025,0.4,1.25161,-2,0,0,0,3,0,-2,0,-1.81813,0.000126149,-1.64801,0.000504594,-1.48963,0.00113534,-1.34301,0.00201838,-1.20812,0.00315371,-1.08498,0.00454135,-0.969249,0.00606129,-0.843574,0.00723459,-0.710404,0.00801147,-0.587111,0.00839193,-0.47556,0.00837597,-0.375751,0.00796359,-0.287684,0.00715478,-0.21136,0.00594955,-0.146778,0.0043479,-0.0939378,0.00269107,-0.05284,0.0014286,-0.0234844,0.000562548,-0.00587111,9.29169e-05,1.11022e-16,0,-0.5,0,0.22,6.28819
-2.05,0.0866025,0.6,1.34369,-2,0,0,0,3,0,-2,0,-1.80522,0.000145393,-1.62397,0.000581574,-1.45626,0.00130854,-1.30209,0.0023263,-1.16146,0.00363484,-1.03436,0.00523417,-0.920809,0.00712428,-0.820792,0.00930518,-0.734248,0.011774,-0.645906,0.0138509,-0.544053,0.0150145,-0.432335,0.0152649,-0.331006,0.0146019,-0.243188,0.0130257,-0.168881,0.0105362,-0.108084,0.00714999,-0.0607971,0.00399278,-0.0270209,0.00174886,-0.00675523,0.000418212,0,-8.67362e-19,-0.5,0,0.22,6.24873
-2.05,0.0866025,0.8,1.51077,-2,0,0,0,3,0,-2,0,-1.78194,0.000183799,-1.581,0.000735198,-1.39717,0.00165419,-1.23045,0.00294079,-1.08085,0.00459499,-0.948362,0.00661678,-0.832989,0.00900617,-0.734731,0.0117632,-0.653586,0.0148878,-0.589556,0.0183799,-0.539781,0.0220508,-0.478943,0.024228,-0.401092,0.0245185,-0.306251,0.0229221,-0.212674,0.0194389,-0.136112,0.0140689,-0.0765628,0.00782574,-0.0340279,0.00333487,-0.00850698,0.000730805,-5.55112e-17,0,-0.5,0,0.22,6.4458
-2.05,0.0866025,1,1.81907,-2,0,0,0,3,0,-2,0,-1.73955,0.000266467,-1.5039,0.00106587,-1.29307,0.00239821,-1.10705,0.00426348,-0.945847,0.00666168,-0.809452,0.00959282,-0.697869,0.0130569,-0.611097,0.0170539,-0.549138,0.0215839,-0.51199,0.0266467,-0.499653,0.0322425,-0.487143,0.0365667,-0.450002,0.0378529,-0.388229,0.0361012,-0.301826,0.0313115,-0.197047,0.023484,-0.110839,0.0135252,-0.0492619,0.00597896,-0.0123155,0.00147071,5.55112e-17,-6.93889e-18,-0.5,0,0.22,6.7541
-2.05,0.0866025,1.2,2.31182,-2,0,0,0,3,0,-2,0,-1.67326,0.000430383,-1.3866,0.00172153,-1.14002,0.00387345,-0.933504,0.00688613,-0.767066,0.0107596,-0.640704,0.0154938,-0.554416,0.0210888,-0.508203,0.0275445,-0.502064,0.034861,-0.536001,0.0430383,-0.594712,0.0506803,-0.61935,0.0546173,-0.604096,0.0546255,-0.548951,0.0507047,-0.453916,0.042855,-0.31899,0.0310763,-0.179509,0.0175942,-0.0797819,0.00780062,-0.0199455,0.0019359,0,6.93889e-18,-0.5,0,0.22,7.55867
-2.05,0.0866025,1.4,2.94603,-2,0,0,0,3,0,-2,0,-1.59063,0.000698909,-1.24635,0.00279564,-0.967138,0.00629018,-0.753007,0.0111825,-0.603955,0.0174727,-0.51998,0.0251607,-0.501084,0.0342465,-0.547266,0.044707,-0.658526,0.0548305,-0.818888,0.0632375,-0.930817,0.0679828,-0.977775,0.0687366,-0.959762,0.0654988,-0.876778,0.0582694,-0.728824,0.0470484,-0.515899,0.0319325,-0.29001,0.017962,-0.128371,0.00798313,-0.0317023,0.00199578,0,1.38778e-17,-0.5,0,0.22,8.82709
-2.05,0.0866025,1.6,3.65161,-2,0,0,0,3,0,-2,0,-1.50225,0.00107378,-1.10449,0.00429511,-0.806703,0.00966399,-0.608905,0.0171804,-0.511091,0.0268444,-0.51326,0.038656,-0.615413,0.0517085,-0.81755,0.062877,-1.11407,0.0718464,-1.36889,0.0773642,-1.52379,0.0788945,-1.57875,0.0764371,-1.5338,0.0699923,-1.38891,0.0595598,-1.1441,0.0451398,-0.799355,0.0285086,-0.449673,0.0154239,-0.199854,0.00632682,-0.0499636,0.00121728,3.33067e-16,-6.93889e-18,-0.5,0,0.22,10.2382
-2.05,0.0866025,1.8,4.22582,-2,0,0,0,3,0,-2,0,-1.43308,0.00143803,-1.00006,0.00575211,-0.700935,0.0129423,-0.535714,0.0230085,-0.504395,0.0359507,-0.606976,0.0510133,-0.843457,0.0638831,-1.21384,0.0738768,-1.61831,0.0808995,-1.89139,0.0843352,-2.03059,0.0840733,-2.03591,0.0801138,-1.90735,0.0724567,-1.64491,0.061102,-1.24859,0.0460498,-0.758463,0.0295808,-0.374752,0.0166392,-0.124921,0.0073952,-0.00897068,0.0018488,-2.22045e-16,-6.93889e-18,-0.5,0,0.22,11.3867
-2.05,0.0866025,2,4.09209,-2,0,0,0,3,0,-2,0,-1.44897,0.00134845,-1.02349,0.00539381,-0.72358,0.0121361,-0.549227,0.0215752,-0.500433,0.0337113,-0.577199,0.0482447,-0.779525,0.0612801,-1.10741,0.0716186,-1.51603,0.0792602,-1.81944,0.0841658,-1.99731,0.0852966,-2.04967,0.0821899,-1.97651,0.0748456,-1.77783,0.0632639,-1.45363,0.0474446,-1.00414,0.0297309,-0.564828,0.0159761,-0.251034,0.00645878,-0.0627586,0.001179,2.22045e-16,0,-0.5,0,0.22,11.1192
-2.05,0.0866025,2.2,4.12382,-2,0,0,0,3,0,-2,0,-1.44518,0.00136944,-1.01788,0.00547778,-0.718098,0.012325,-0.545827,0.0219111,-0.50107,0.0342361,-0.583827,0.048911,-0.794099,0.0619105,-1.13189,0.072171,-1.54128,0.0796927,-1.83771,0.0844756,-2.00664,0.0864342,-2.04808,0.0844402,-1.96205,0.0781427,-1.74855,0.0675417,-1.40758,0.0526373,-0.942589,0.0344278,-0.516115,0.0193657,-0.217111,0.00860696,-0.0455792,0.00215174,-2.22045e-16,-1.38778e-17,-0.5,0,0.22,11.1827
-2.05,0.0866025,2.4,4.10175,-2,0,0,0,3,0,-2,0,-1.44781,0.00135483,-1.02178,0.00541931,-0.721904,0.0121935,-0.548178,0.0216772,-0.500607,0.0338707,-0.579189,0.0484483,-0.783924,0.0614729,-1.11481,0.0717879,-1.52379,0.0793933,-1.82508,0.084289,-2.00022,0.086475,-2.04922,0.0863796,-1.97211,0.0823663,-1.76892,0.0733217,-1.43965,0.0592458,-0.985085,0.0402502,-0.549726,0.0226407,-0.240448,0.0100625,-0.0572525,0.00251564,-2.22045e-16,-1.38778e-17,-0.5,0,0.22,11.1385
-2.0809,0.0587785,0.2,1.19631,-2,0,0,0,3,0,-2,0,-1.82592,8.23226e-05,-1.66257,0.00032929,-1.50996,0.000740903,-1.36345,0.00126041,-1.20748,0.00169669,-1.05185,0.00203417,-0.906952,0.00227287,-0.772788,0.00241277,-0.649357,0.00245389,-0.536658,0.00239621,-0.434693,0.00223975,-0.343461,0.0019845,-0.262963,0.00163045,-0.193197,0.0011786,-0.134165,0.000745432,-0.0858653,0.000411053,-0.0482992,0.000175465,-0.0214663,3.86655e-05,-0.00536658,4.33681e-19,-6.66134e-16,4.33681e-19,-0.5,0,0.22,6.12966
-2.0809,0.0587785,0.4,1.31171,-2,0,0,0,3,0,-2,0,-1.80969,9.89715e-05,-1.63229,0.000395886,-1.46779,0.000890743,-1.3162,0.00158354,-1.1775,0.00247429,-1.05171,0.00356297,-0.928348,0.00465674,-0.792209,0.00547572,-0.655689,0.00601759,-0.532068,0.00628235,-0.421349,0.00627,-0.323531,0.00598054,-0.238614,0.00541397,-0.166599,0.00457029,-0.107485,0.0034495,-0.0612724,0.00221688,-0.0279613,0.00124699,-0.00755163,0.000554219,-4.33468e-05,0.000138555,2.22045e-16,0,-0.5,0,0.22,6.34827
-2.0809,0.0587785,0.6,1.36586,-2,0,0,0,3,0,-2,0,-1.80212,0.000107311,-1.61822,0.000429246,-1.44832,0.000965803,-1.29241,0.00171698,-1.15048,0.00268279,-1.02255,0.00386321,-0.908606,0.00525826,-0.808653,0.00686793,-0.722048,0.00867251,-0.630098,0.0100983,-0.524171,0.0108805,-0.411195,0.011019,-0.310971,0.0105138,-0.224724,0.00936496,-0.152454,0.00757245,-0.0941607,0.00514933,-0.0498446,0.0028965,-0.0195054,0.00128733,-0.00314324,0.000321833,1.11022e-16,-3.46945e-18,-0.5,0,0.22,6.27088
-2.0809,0.0587785,0.8,1.51471,-2,0,0,0,3,0,-2,0,-1.7814,0.000131976,-1.58,0.000527903,-1.39581,0.00118778,-1.22882,0.00211161,-1.07904,0.00329939,-0.946461,0.00475113,-0.83109,0.00646681,-0.732926,0.00844644,-0.651967,0.01069,-0.588213,0.0131976,-0.538385,0.015818,-0.476848,0.0173708,-0.398153,0.017605,-0.302397,0.0165208,-0.20911,0.014118,-0.132981,0.0103967,-0.0740087,0.00593332,-0.0321933,0.00263703,-0.00753506,0.000659258,0,-3.46945e-18,-0.5,0,0.22,6.44973
-2.0809,0.0587785,1,1.81785,-2,0,0,0,3,0,-2,0,-1.73971,0.000190087,-1.50421,0.000760347,-1.29348,0.00171078,-1.10754,0.00304139,-0.946379,0.00475217,-0.809999,0.00684313,-0.698401,0.00931425,-0.611584,0.0121656,-0.549549,0.015397,-0.512296,0.0190087,-0.499824,0.0230005,-0.487497,0.0260864,-0.450485,0.0269702,-0.388786,0.0256518,-0.3024,0.0221312,-0.197491,0.0164084,-0.111089,0.00927201,-0.0493728,0.00398269,-0.0123432,0.000895555,8.32667e-17,0,-0.5,0,0.22,6.75287
-2.0809,0.0587785,1.2,2.31689,-2,0,0,0,3,0,-2,0,-1.67259,0.000308778,-1.38544,0.00123511,-1.13855,0.002779,-0.931906,0.00494045,-0.76552,0.00771945,-0.63939,0.011116,-0.553515,0.0151301,-0.507895,0.0197618,-0.502531,0.025011,-0.537421,0.030841,-0.596029,0.0359751,-0.619643,0.0385288,-0.603088,0.0383672,-0.546365,0.0354903,-0.449474,0.0298981,-0.312414,0.0215906,-0.174081,0.0122188,-0.0759069,0.00543058,-0.0179007,0.00135765,-1.11022e-16,6.93889e-18,-0.5,0,0.22,7.5688
-2.0809,0.0587785,1.4,3.00185,-2,0,0,0,3,0,-2,0,-1.58351,0.000518336,-1.2346,0.00207334,-0.953257,0.00466503,-0.739493,0.00829338,-0.593304,0.0129584,-0.514691,0.0186601,-0.503653,0.0253985,-0.56019,0.0329444,-0.684302,0.0397447,-0.845447,0.0451336,-0.946311,0.0479166,-0.979646,0.048005,-0.945452,0.0453985,-0.843728,0.0400974,-0.674474,0.0321015,-0.440327,0.0215579,-0.230227,0.0121263,-0.0876563,0.00538948,-0.0126149,0.00134737,-1.11022e-16,-6.93889e-18,-0.5,0,0.22,8.93871
-2.0809,0.0587785,1.6,3.65148,-2,0,0,0,3,0,-2,0,-1.50227,0.000766961,-1.10453,0.00306784,-0.806779,0.00690265,-0.609016,0.0122714,-0.51124,0.019174,-0.513453,0.0276106,-0.615654,0.0365753,-0.817844,0.0440616,-1.11443,0.0499796,-1.36935,0.0534945,-1.5243,0.0542486,-1.57929,0.0522419,-1.53432,0.0474744,-1.38939,0.039946,-1.14449,0.0296568,-0.799633,0.018335,-0.449829,0.00965367,-0.199924,0.00373312,-0.049981,0.000573383,-1.11022e-16,-6.93889e-18,-0.5,0,0.22,10.238
-2.0809,0.0587785,1.8,4.11812,-2,0,0,0,3,0,-2,0,-1.44587,0.000975512,-1.01892,0.00390205,-0.719141,0.00877961,-0.546543,0.0156082,-0.501121,0.0243878,-0.582876,0.0346086,-0.791809,0.0433445,-1.12792,0.0501294,-1.5428,0.0549373,-1.84918,0.0572286,-2.0284,0.0567885,-2.08045,0.0536172,-2.00534,0.0477144,-1.80307,0.0390804,-1.47364,0.0277314,-1.0173,0.016789,-0.572232,0.00857801,-0.254325,0.00309833,-0.0635813,0.000349979,-2.22045e-16,6.93889e-18,-0.5,0,0.22,11.1713
-2.0809,0.0587785,2,4.11809,-2,0,0,0,3,0,-2,0,-1.44587,0.000975494,-1.01892,0.00390198,-0.719148,0.00877945,-0.546547,0.0156079,-0.50112,0.0243874,-0.582868,0.0346081,-0.791791,0.043344,-1.12789,0.050129,-1.54277,0.054963,-1.84915,0.0578139,-2.02836,0.0581321,-2.08041,0.0557189,-2.00531,0.0505745,-1.80304,0.0426987,-1.47361,0.0320917,-1.01728,0.0203399,-0.572222,0.0111648,-0.254321,0.0047209,-0.0635802,0.00100833,2.22045e-16,6.93889e-18,-0.5,0,0.22,11.1712
-2.0809,0.0587785,2.2,4.15311,-2,0,0,0,3,0,-2,0,-1.44171,0.00099216,-1.01276,0.00396864,-0.713162,0.00892944,-0.542911,0.0158746,-0.502008,0.024804,-0.590451,0.0351012,-0.808242,0.0438026,-1.15538,0.0505198,-1.57072,0.0552527,-1.86934,0.0580012,-2.03861,0.0587002,-2.07855,0.0567614,-1.98915,0.0520447,-1.77042,0.0445501,-1.42236,0.0342775,-0.949161,0.0222235,-0.518333,0.0125007,-0.216837,0.00555589,-0.0446737,0.00138897,0,0,-0.5,0,0.22,11.2412
-2.0809,0.0587785,2.4,4.11816,-2,0,0,0,3,0,-2,0,-1.44587,0.00097553,-1.01891,0.00390212,-0.719135,0.00877977,-0.546539,0.0156085,-0.501122,0.0243882,-0.582884,0.0346091,-0.791826,0.043345,-1.12795,0.0501299,-1.54283,0.0549636,-1.84919,0.0578464,-2.02837,0.0587785,-2.08038,0.0585704,-2.00523,0.0556055,-1.80293,0.049129,-1.47349,0.039141,-1.01717,0.0258662,-0.572156,0.0141437,-0.254292,0.00593286,-0.0635729,0.00123361,2.22045e-16,-6.93889e-18,-0.5,0,0.22,11.1713
-2.09781,0.0207912,0.2,1.19629,-2,0,0,0,3,0,-2,0,-1.82592,1.64648e-05,-1.66258,6.58592e-05,-1.50997,0.000148183,-1.36347,0.000249251,-1.2075,0.000321279,-1.05187,0.000360377,-0.906968,0.000366545,-0.772801,0.000339784,-0.649368,0.000280093,-0.536668,0.000187472,-0.434701,9.28432e-05,-0.343467,3.11122e-05,-0.262967,2.31085e-06,-0.1932,2.71051e-20,-0.134167,2.71051e-20,-0.0858668,2.71051e-20,-0.0483001,2.71051e-20,-0.0214667,2.71051e-20,-0.00536668,2.71051e-20,2.22045e-16,2.71051e-20,-0.5,0,0.22,6.12964
-2.09781,0.0207912,0.4,1.6,-2,0,0,0,3,0,-2,0,-1.7696,2.94524e-05,-1.5584,0.00011781,-1.3664,0.000265071,-1.1936,0.000471238,-1.04,0.00073631,-0.886398,0.00100138,-0.717124,0.00120755,-0.56078,0.00135481,-0.423636,0.00144317,-0.305692,0.00147262,-0.206947,0.00144317,-0.127403,0.00135481,-0.0670581,0.00120755,-0.0259134,0.00100138,-0.00396863,0.00073631,3.33067e-16,0.000471238,3.33067e-16,0.000265071,3.33067e-16,0.00011781,3.33067e-16,2.94524e-05,3.33067e-16,1.0842e-19,-0.5,0,0.22,6.63655
-2.09781,0.0207912,0.6,1.36569,-2,0,0,0,3,0,-2,0,-1.80214,2.14579e-05,-1.61827,8.58314e-05,-1.44839,0.000193121,-1.29249,0.000343326,-1.15058,0.000536446,-1.02267,0.000772483,-0.908736,0.00105143,-0.808795,0.0013733,-0.722205,0.00173418,-0.630287,0.00201945,-0.52438,0.00217596,-0.41136,0.00220373,-0.311079,0.00210276,-0.224785,0.00187304,-0.152479,0.00151457,-0.0941606,0.00102996,-0.0498301,0.000579355,-0.0194873,0.000257491,-0.00313237,6.43728e-05,1.66533e-16,0,-0.5,0,0.22,6.27069
-2.09781,0.0207912,0.8,1.51427,-2,0,0,0,3,0,-2,0,-1.78146,2.63809e-05,-1.58011,0.000105524,-1.39597,0.000237428,-1.22902,0.000422094,-1.07926,0.000659523,-0.94671,0.000949713,-0.831354,0.00129266,-0.733195,0.00168838,-0.652233,0.00213685,-0.588469,0.00263809,-0.538666,0.00316229,-0.477178,0.00347342,-0.398495,0.00352075,-0.302702,0.00330428,-0.209269,0.00282402,-0.133031,0.00207995,-0.0739896,0.0011871,-0.0321434,0.000527598,-0.00749284,0.0001319,0,4.33681e-19,-0.5,0,0.22,6.44928
-2.09781,0.0207912,1,1.89284,-2,0,0,0,3,0,-2,0,-1.72951,4.12202e-05,-1.48589,0.000164881,-1.26914,0.000370981,-1.07926,0.000659523,-0.916259,0.0010305,-0.780124,0.00148393,-0.670861,0.00201979,-0.588469,0.00263809,-0.532949,0.00333883,-0.5043,0.00412202,-0.497463,0.00494108,-0.47237,0.00542722,-0.420409,0.00550118,-0.341579,0.00516294,-0.236269,0.00441253,-0.137025,0.00324992,-0.06465,0.00185484,-0.0191429,0.000824372,-0.000504102,0.000206093,-1.11022e-16,-4.33681e-19,-0.5,0,0.22,6.82784
-2.09781,0.0207912,1.2,2.30928,-2,0,0,0,3,0,-2,0,-1.67361,6.13526e-05,-1.38721,0.000245411,-1.1408,0.000552174,-0.934397,0.000981642,-0.767986,0.00153382,-0.641569,0.00220869,-0.555149,0.00300628,-0.508724,0.00392657,-0.502294,0.00496956,-0.535861,0.00613526,-0.59468,0.00728798,-0.61968,0.007884,-0.60469,0.00786652,-0.549708,0.00723553,-0.454736,0.00599104,-0.319772,0.00413305,-0.17996,0.00219015,-0.0799821,0.000857595,-0.0199955,0.000138542,0,0,-0.5,0,0.22,7.55356
-2.09781,0.0207912,1.4,3.06613,-2,0,0,0,3,0,-2,0,-1.57534,0.000108159,-1.22118,0.000432634,-0.93753,0.000973427,-0.724389,0.00173054,-0.581757,0.00270396,-0.509633,0.00389371,-0.508017,0.00529977,-0.576909,0.00691936,-0.71631,0.00861519,-0.873102,0.0100666,-0.960618,0.0108747,-0.977628,0.0110338,-0.924133,0.010544,-0.800133,0.00940531,-0.605627,0.00761763,-0.36046,0.00519154,-0.170261,0.00292024,-0.0505662,0.00129789,-0.00137731,0.000324471,3.33067e-16,2.60209e-18,-0.5,0,0.22,9.06725
-2.09781,0.0207912,1.6,3.65148,-2,0,0,0,3,0,-2,0,-1.50228,0.000153398,-1.10455,0.00061359,-0.806831,0.00138058,-0.609106,0.00245436,-0.511382,0.00383494,-0.513656,0.00552231,-0.61593,0.00748978,-0.818203,0.00950936,-1.11489,0.0115032,-1.36987,0.012845,-1.52487,0.0132664,-1.57987,0.0127674,-1.53487,0.0113481,-1.38988,0.00900838,-1.14489,0.00580373,-0.799902,0.0029954,-0.44998,0.00110744,-0.199991,0.000139861,-0.0499978,-1.73472e-18,0,-1.73472e-18,-0.5,0,0.22,10.238
-2.09781,0.0207912,1.8,4.13213,-2,0,0,0,3,0,-2,0,-1.44421,0.000196439,-1.01648,0.000785756,-0.716804,0.00176795,-0.545187,0.00314302,-0.501629,0.00491097,-0.586129,0.00706523,-0.798686,0.00935064,-1.1393,0.0116361,-1.55755,0.0138727,-1.8655,0.0152296,-2.04541,0.0154079,-2.09726,0.0144076,-2.02106,0.0122286,-1.8168,0.00887108,-1.4845,0.00495388,-1.02442,0.00212595,-0.576239,0.000476653,-0.256106,4.33681e-18,-0.0640265,4.33681e-18,2.22045e-16,4.33681e-18,-0.5,0,0.22,11.1993
-2.09781,0.0207912,2,4.13211,-2,0,0,0,3,0,-2,0,-1.44421,0.000196438,-1.01648,0.000785751,-0.716806,0.00176794,-0.545189,0.003143,-0.501629,0.00491094,-0.586126,0.00706519,-0.79868,0.0093506,-1.13929,0.011636,-1.55754,0.0139214,-1.86549,0.0160066,-2.0454,0.0170969,-2.09725,0.0170085,-2.02105,0.0157415,-1.81679,0.013296,-1.48449,0.00967177,-1.02442,0.00553985,-0.576235,0.00251548,-0.256105,0.000669717,-0.0640262,2.57049e-06,-6.66134e-16,0,-0.5,0,0.22,11.1992
-2.09781,0.0207912,2.2,4.1321,-2,0,0,0,3,0,-2,0,-1.44421,0.000196437,-1.01648,0.000785747,-0.716808,0.00176793,-0.54519,0.00314299,-0.501629,0.00491092,-0.586124,0.00706516,-0.798675,0.00935055,-1.13928,0.011636,-1.55753,0.0139214,-1.86549,0.0160467,-2.04539,0.0177325,-2.09724,0.0184048,-2.02104,0.0178985,-1.81678,0.0162135,-1.48448,0.01335,-1.02441,0.00930789,-0.576232,0.00521355,-0.256103,0.00229722,-0.0640258,0.000559501,2.22045e-16,3.46945e-18,-0.5,0,0.22,11.1992
-2.09781,0.0207912,2.4,4.30214,-2,0,0,0,3,0,-2,0,-1.42409,0.000212936,-0.986983,0.000851744,-0.688693,0.00191643,-0.529215,0.00340698,-0.50855,0.0053234,-0.626697,0.00762942,-0.883656,0.0100089,-1.27943,0.0123883,-1.68651,0.0147531,-1.95502,0.016808,-2.08472,0.018437,-2.07561,0.0193376,-1.92769,0.0189712,-1.64096,0.0173271,-1.21543,0.0144055,-0.714913,0.0102063,-0.338817,0.0057492,-0.101528,0.0025552,-0.00304578,0.0006388,0,0,-0.5,0,0.22,11.5393
-2.09781,0.0207912,2.6,4.46605,-2,0,0,0,3,0,-2,0,-1.40489,0.000229471,-0.959368,0.000917883,-0.663439,0.00206524,-0.517101,0.00367153,-0.520354,0.00573677,-0.673198,0.00817335,-0.975633,0.0106434,-1.41804,0.0131135,-1.79422,0.0155057,-2.0208,0.0174788,-2.0978,0.018993,-2.0883,0.0199899,-1.96017,0.0198,-1.68245,0.0182332,-1.25515,0.0152897,-0.734228,0.0109693,-0.340342,0.00619563,-0.0960415,0.00275361,-0.00132664,0.000688403,0,0,-0.5,0,0.22,11.8671
-2.09781,0.0207912,2.8,4.61914,-2,0,0,0,3,0,-2,0,-1.38714,0.000245473,-0.934303,0.000981891,-0.641488,0.00220926,-0.508697,0.00392757,-0.535929,0.00613682,-0.723183,0.0086814,-1.07046,0.0112362,-1.53609,0.0137909,-1.88008,0.0161634,-2.06405,0.0180496,-2.09781,0.0194448,-2.09781,0.0203491,-2.03634,0.0203853,-1.81607,0.0189561,-1.43579,0.0160541,-0.905951,0.0116793,-0.447503,0.00662768,-0.149073,0.00294564,-0.0106589,0.000736409,0,1.73472e-18,-0.5,0,0.22,12.1733
-2.09781,0.0207912,3,4.7618,-2,0,0,0,3,0,-2,0,-1.37076,0.000260869,-0.91158,0.00104348,-0.622459,0.00234782,-0.503398,0.0041739,-0.554396,0.00652172,-0.775454,0.0091548,-1.16657,0.0117885,-1.63597,0.0144192,-1.94727,0.0167369,-2.08852,0.0185329,-2.09781,0.0198071,-2.09781,0.0205596,-2.08423,0.0207069,-1.93123,0.0194771,-1.60818,0.0166821,-1.11507,0.0123219,-0.585832,0.00704337,-0.224489,0.00313039,-0.0332005,0.000782597,0,-5.20417e-18,-0.5,0,0.22,12.4586
-2.09781,-0.0207912,0.2,1.19629,-2,0,0,0,3,0,-2,0,-1.82592,-1.64648e-05,-1.66258,-6.58592e-05,-1.50997,-0.000148183,-1.36347,-0.000249251,-1.2075,-0.000321279,-1.05187,-0.000360377,-0.906968,-0.000366545,-0.772801,-0.000339784,-0.649368,-0.000280093,-0.536668,-0.000187472,-0.434701,-9.28432e-05,-0.343467,-3.11122e-05,-0.262967,-2.31085e-06,-0.1932,-2.71051e-20,-0.134167,-2.71051e-20,-0.0858668,-2.71051e-20,-0.0483001,-2.71051e-20,-0.0214667,-2.71051e-20,-0.00536668,-2.71051e-20,2.22045e-16,-2.71051e-20,-0.5,0,0.22,6.12964
-2.09781,-0.0207912,0.4,1.6,-2,0,0,0,3,0,-2,0,-1.7696,-2.94524e-05,-1.5584,-0.00011781,-1.3664,-0.000265071,-1.1936,-0.000471238,-1.04,-0.00073631,-0.886398,-0.00100138,-0.717124,-0.00120755,-0.56078,-0.00135481,-0.423636,-0.00144317,-0.305692,-0.00147262,-0.206947,-0.00144317,-0.127403,-0.00135481,-0.0670581,-0.00120755,-0.0259134,-0.00100138,-0.00396863,-0.00073631,3.33067e-16,-0.000471238,3.33067e-16,-0.000265071,3.33067e-16,-0.00011781,3.33067e-16,-2.94524e-05,3.33067e-16,-1.0842e-19,-0.5,0,0.22,6.63655
-2.09781,-0.0207912,0.6,1.36569,-2,0,0,0,3,0,-2,0,-1.80214,-2.14579e-05,-1.61827,-8.58314e-05,-1.44839,-0.000193121,-1.29249,-0.000343326,-1.15058,-0.000536446,-1.02267,-0.000772483,-0.908736,-0.00105143,-0.808795,-0.0013733,-0.722205,-0.00173418,-0.630287,-0.00201945,-0.52438,-0.00217596,-0.41136,-0.00220373,-0.311079,-0.00210276,-0.224785,-0.00187304,-0.152479,-0.00151457,-0.0941606,-0.00102996,-0.0498301,-0.000579355,-0.0194873,-0.000257491,-0.00313237,-6.43728e-05,1.66533e-16,0,-0.5,0,0.22,6.27069
-2.09781,-0.0207912,0.8,1.51427,-2,0,0,0,3,0,-2,0,-1.78146,-2.63809e-05,-1.58011,-0.000105524,-1.39597,-0.000237428,-1.22902,-0.000422094,-1.07926,-0.000659523,-0.94671,-0.000949713,-0.831354,-0.00129266,-0.733195,-0.00168838,-0.652233,-0.00213685,-0.588469,-0.00263809,-0.538666,-0.00316229,-0.477178,-0.00347342,-0.398495,-0.00352075,-0.302702,-0.00330428,-0.209269,-0.00282402,-0.133031,-0.00207995,-0.0739896,-0.0011871,-0.0321434,-0.000527598,-0.00749284,-0.0001319,0,-4.33681e-19,-0.5,0,0.22,6.44928
-2.09781,-0.0207912,1,1.89284,-2,0,0,0,3,0,-2,0,-1.72951,-4.12202e-05,-1.48589,-0.000164881,-1.26914,-0.000370981,-1.07926,-0.000659523,-0.916259,-0.0010305,-0.780124,-0.00148393,-0.670861,-0.00201979,-0.588469,-0.00263809,-0.532949,-0.00333883,-0.5043,-0.00412202,-0.497463,-0.00494108,-0.47237,-0.00542722,-0.420409,-0.00550118,-0.341579,-0.00516294,-0.236269,-0.00441253,-0.137025,-0.00324992,-0.06465,-0.00185484,-0.0191429,-0.000824372,-0.000504102,-0.000206093,-1.11022e-16,4.33681e-19,-0.5,0,0.22,6.82784
-2.09781,-0.0207912,1.2,2.30928,-2,0,0,0,3,0,-2,0,-1.67361,-6.13526e-05,-1.38721,-0.000245411,-1.1408,-0.000552174,-0.934397,-0.000981642,-0.767986,-0.00153382,-0.641569,-0.00220869,-0.555149,-0.00300628,-0.508724,-0.00392657,-0.502294,-0.00496956,-0.535861,-0.00613526,-0.59468,-0.00728798,-0.61968,-0.007884,-0.60469,-0.00786652,-0.549708,-0.00723553,-0.454736,-0.00599104,-0.319772,-0.00413305,-0.17996,-0.00219015,-0.0799821,-0.000857595,-0.0199955,-0.000138542,0,0,-0.5,0,0.22,7.55356
-2.09781,-0.0207912,1.4,3.06613,-2,0,0,0,3,0,-2,0,-1.57534,-0.000108159,-1.22118,-0.000432634,-0.93753,-0.000973427,-0.724389,-0.00173054,-0.581757,-0.00270396,-0.509633,-0.00389371,-0.508017,-0.00529977,-0.576909,-0.00691936,-0.71631,-0.00861519,-0.873102,-0.0100666,-0.960618,-0.0108747,-0.977628,-0.0110338,-0.924133,-0.010544,-0.800133,-0.00940531,-0.605627,-0.00761763,-0.36046,-0.00519154,-0.170261,-0.00292024,-0.0505662,-0.00129789,-0.00137731,-0.000324471,3.33067e-16,-2.60209e-18,-0.5,0,0.22,9.06725
-2.09781,-0.0207912,1.6,3.65148,-2,0,0,0,3,0,-2,0,-1.50228,-0.000153398,-1.10455,-0.00061359,-0.806831,-0.00138058,-0.609106,-0.00245436,-0.511382,-0.00383494,-0.513656,-0.00552231,-0.61593,-0.00748978,-0.818203,-0.00950936,-1.11489,-0.0115032,-1.36987,-0.012845,-1.52487,-0.0132664,-1.57987,-0.0127674,-1.53487,-0.0113481,-1.38988,-0.00900838,-1.14489,-0.00580373,-0.799902,-0.0029954,-0.44998,-0.00110744,-0.199991,-0.000139861,-0.0499978,1.73472e-18,0,1.73472e-18,-0.5,0,0.22,10.238
-2.09781,-0.0207912,1.8,4.13213,-2,0,0,0,3,0,-2,0,-1.44421,-0.000196439,-1.01648,-0.000785756,-0.716804,-0.00176795,-0.545187,-0.00314302,-0.501629,-0.00491097,-0.586129,-0.00706523,-0.798686,-0.00935064,-1.1393,-0.0116361,-1.55755,-0.0138727,-1.8655,-0.0152296,-2.04541,-0.0154079,-2.09726,-0.0144076,-2.02106,-0.0122286,-1.8168,-0.00887108,-1.4845,-0.00495388,-1.02442,-0.00212595,-0.576239,-0.000476653,-0.256106,-4.33681e-18,-0.0640265,-4.33681e-18,2.22045e-16,-4.33681e-18,-0.5,0,0.22,11.1993
-2.09781,-0.0207912,2,4.13211,-2,0,0,0,3,0,-2,0,-1.44421,-0.000196438,-1.01648,-0.000785751,-0.716806,-0.00176794,-0.545189,-0.003143,-0.501629,-0.00491094,-0.586126,-0.00706519,-0.79868,-0.0093506,-1.13929,-0.011636,-1.55754,-0.0139214,-1.86549,-0.0160066,-2.0454,-0.0170969,-2.09725,-0.0170085,-2.02105,-0.0157415,-1.81679,-0.013296,-1.48449,-0.00967177,-1.02442,-0.00553985,-0.576235,-0.00251548,-0.256105,-0.000669717,-0.0640262,-2.57049e-06,-6.66134e-16,-3.46945e-18,-0.5,0,0.22,11.1992
-2.09781,-0.0207912,2.2,4.1321,-2,0,0,0,3,0,-2,0,-1.44421,-0.000196437,-1.01648,-0.000785747,-0.716808,-0.00176793,-0.54519,-0.00314299,-0.501629,-0.00491092,-0.586124,-0.00706516,-0.798675,-0.00935055,-1.13928,-0.011636,-1.55753,-0.0139214,-1.86549,-0.0160467,-2.04539,-0.0177325,-2.09724,-0.0184048,-2.02104,-0.0178985,-1.81678,-0.0162135,-1.48448,-0.01335,-1.02441,-0.00930789,-0.576232,-0.00521355,-0.256103,-0.00229722,-0.0640258,-0.000559501,2.22045e-16,0,-0.5,0,0.22,11.1992
-2.09781,-0.0207912,2.4,4.30214,-2,0,0,0,3,0,-2,0,-1.42409,-0.000212936,-0.986983,-0.000851744,-0.688693,-0.00191643,-0.529215,-0.00340698,-0.50855,-0.0053234,-0.626697,-0.00762942,-0.883656,-0.0100089,-1.27943,-0.0123883,-1.68651,-0.0147531,-1.95502,-0.016808,-2.08472,-0.018437,-2.07561,-0.0193376,-1.92769,-0.0189712,-1.64096,-0.0173271,-1.21543,-0.0144055,-0.714913,-0.0102063,-0.338817,-0.0057492,-0.101528,-0.0025552,-0.00304578,-0.0006388,0,-5.20417e-18,-0.5,0,0.22,11.5393
-2.09781,-0.0207912,2.6,4.46605,-2,0,0,0,3,0,-2,0,-1.40489,-0.000229471,-0.959368,-0.000917883,-0.663439,-0.00206524,-0.517101,-0.00367153,-0.520354,-0.00573677,-0.673198,-0.00817335,-0.975633,-0.0106434,-1.41804,-0.0131135,-1.79422,-0.0155057,-2.0208,-0.0174788,-2.0978,-0.018993,-2.0883,-0.0199899,-1.96017,-0.0198,-1.68245,-0.0182332,-1.25515,-0.0152897,-0.734228,-0.0109693,-0.340342,-0.00619563,-0.0960415,-0.00275361,-0.00132664,-0.000688403,0,0,-0.5,0,0.22,11.8671
-2.09781,-0.0207912,2.8,4.61914,-2,0,0,0,3,0,-2,0,-1.38714,-0.000245473,-0.934303,-0.000981891,-0.641488,-0.00220926,-0.508697,-0.00392757,-0.535929,-0.00613682,-0.723183,-0.0086814,-1.07046,-0.0112362,-1.53609,-0.0137909,-1.88008,-0.0161634,-2.06405,-0.0180496,-2.09781,-0.0194448,-2.09781,-0.0203491,-2.03634,-0.0203853,-1.81607,-0.0189561,-1.43579,-0.0160541,-0.905951,-0.0116793,-0.447503,-0.00662768,-0.149073,-0.00294564,-0.0106589,-0.000736409,0,-5.20417e-18,-0.5,0,0.22,12.1733
-2.09781,-0.0207912,3,4.7618,-2,0,0,0,3,0,-2,0,-1.37076,-0.000260869,-0.91158,-0.00104348,-0.622459,-0.00234782,-0.503398,-0.0041739,-0.554396,-0.00652172,-0.775454,-0.0091548,-1.16657,-0.0117885,-1.63597,-0.0144192,-1.94727,-0.0167369,-2.08852,-0.0185329,-2.09781,-0.0198071,-2.09781,-0.0205596,-2.08423,-0.0207069,-1.93123,-0.0194771,-1.60818,-0.0166821,-1.11507,-0.0123219,-0.585832,-0.00704337,-0.224489,-0.00313039,-0.0332005,-0.000782597,0,-1.73472e-18,-0.5,0,0.22,12.4586
-2.0809,-0.0587785,0.2,1.19631,-2,0,0,0,3,0,-2,0,-1.82592,-8.23226e-05,-1.66257,-0.00032929,-1.50996,-0.000740903,-1.36345,-0.00126041,-1.20748,-0.00169669,-1.05185,-0.00203417,-0.906952,-0.00227287,-0.772788,-0.00241277,-0.649357,-0.00245389,-0.536658,-0.00239621,-0.434693,-0.00223975,-0.343461,-0.0019845,-0.262963,-0.00163045,-0.193197,-0.0011786,-0.134165,-0.000745432,-0.0858653,-0.000411053,-0.0482992,-0.000175465,-0.0214663,-3.86655e-05,-0.00536658,-4.33681e-19,-6.66134e-16,-4.33681e-19,-0.5,0,0.22,6.12966
-2.0809,-0.0587785,0.4,1.31171,-2,0,0,0,3,0,-2,0,-1.80969,-9.89715e-05,-1.63229,-0.000395886,-1.46779,-0.000890743,-1.3162,-0.00158354,-1.1775,-0.00247429,-1.05171,-0.00356297,-0.928348,-0.00465674,-0.792209,-0.00547572,-0.655689,-0.00601759,-0.532068,-0.00628235,-0.421349,-0.00627,-0.323531,-0.00598054,-0.238614,-0.00541397,-0.166599,-0.00457029,-0.107485,-0.0034495,-0.0612724,-0.00221688,-0.0279613,-0.00124699,-0.00755163,-0.000554219,-4.33468e-05,-0.000138555,2.22045e-16,0,-0.5,0,0.22,6.34827
-2.0809,-0.0587785,0.6,1.36586,-2,0,0,0,3,0,-2,0,-1.80212,-0.000107311,-1.61822,-0.000429246,-1.44832,-0.000965803,-1.29241,-0.00171698,-1.15048,-0.00268279,-1.02255,-0.00386321,-0.908606,-0.00525826,-0.808653,-0.00686793,-0.722048,-0.00867251,-0.630098,-0.0100983,-0.524171,-0.0108805,-0.411195,-0.011019,-0.310971,-0.0105138,-0.224724,-0.00936496,-0.152454,-0.00757245,-0.0941607,-0.00514933,-0.0498446,-0.0028965,-0.0195054,-0.00128733,-0.00314324,-0.000321833,1.11022e-16,3.46945e-18,-0.5,0,0.22,6.27088
-2.0809,-0.0587785,0.8,1.51471,-2,0,0,0,3,0,-2,0,-1.7814,-0.000131976,-1.58,-0.000527903,-1.39581,-0.00118778,-1.22882,-0.00211161,-1.07904,-0.00329939,-0.946461,-0.00475113,-0.83109,-0.00646681,-0.732926,-0.00844644,-0.651967,-0.01069,-0.588213,-0.0131976,-0.538385,-0.015818,-0.476848,-0.0173708,-0.398153,-0.017605,-0.302397,-0.0165208,-0.20911,-0.014118,-0.132981,-0.0103967,-0.0740087,-0.00593332,-0.0321933,-0.00263703,-0.00753506,-0.000659258,0,3.46945e-18,-0.5,0,0.22,6.44973
-2.0809,-0.0587785,1,1.81785,-2,0,0,0,3,0,-2,0,-1.73971,-0.000190087,-1.50421,-0.000760347,-1.29348,-0.00171078,-1.10754,-0.00304139,-0.946379,-0.00475217,-0.809999,-0.00684313,-0.698401,-0.00931425,-0.611584,-0.0121656,-0.549549,-0.015397,-0.512296,-0.0190087,-0.499824,-0.0230005,-0.487497,-0.0260864,-0.450485,-0.0269702,-0.388786,-0.0256518,-0.3024,-0.0221312,-0.197491,-0.0164084,-0.111089,-0.00927201,-0.0493728,-0.00398269,-0.0123432,-0.000895555,8.32667e-17,0,-0.5,0,0.22,6.75287
-2.0809,-0.0587785,1.2,2.31689,-2,0,0,0,3,0,-2,0,-1.67259,-0.000308778,-1.38544,-0.00123511,-1.13855,-0.002779,-0.931906,-0.00494045,-0.76552,-0.00771945,-0.63939,-0.011116,-0.553515,-0.0151301,-0.507895,-0.0197618,-0.502531,-0.025011,-0.537421,-0.030841,-0.596029,-0.0359751,-0.619643,-0.0385288,-0.603088,-0.0383672,-0.546365,-0.0354903,-0.449474,-0.0298981,-0.312414,-0.0215906,-0.174081,-0.0122188,-0.0759069,-0.00543058,-0.0179007,-0.00135765,-1.11022e-16,-6.93889e-18,-0.5,0,0.22,7.5688
-2.0809,-0.0587785,1.4,3.00185,-2,0,0,0,3,0,-2,0,-1.58351,-0.000518336,-1.2346,-0.00207334,-0.953257,-0.00466503,-0.739493,-0.00829338,-0.593304,-0.0129584,-0.514691,-0.0186601,-0.503653,-0.0253985,-0.56019,-0.0329444,-0.684302,-0.0397447,-0.845447,-0.0451336,-0.946311,-0.0479166,-0.979646,-0.048005,-0.945452,-0.0453985,-0.843728,-0.0400974,-0.674474,-0.0321015,-0.440327,-0.0215579,-0.230227,-0.0121263,-0.0876563,-0.00538948,-0.0126149,-0.00134737,-1.11022e-16,-6.93889e-18,-0.5,0,0.22,8.93871
-2.0809,-0.0587785,1.6,3.65148,-2,0,0,0,3,0,-2,0,-1.50227,-0.000766961,-1.10453,-0.00306784,-0.806779,-0.00690265,-0.609016,-0.0122714,-0.51124,-0.019174,-0.513453,-0.0276106,-0.615654,-0.0365753,-0.817844,-0.0440616,-1.11443,-0.0499796,-1.36935,-0.0534945,-1.5243,-0.0542486,-1.57929,-0.0522419,-1.53432,-0.0474744,-1.38939,-0.039946,-1.14449,-0.0296568,-0.799633,-0.018335,-0.449829,-0.00965367,-0.199924,-0.00373312,-0.049981,-0.000573383,-1.11022e-16,-1.73472e-17,-0.5,0,0.22,10.238
-2.0809,-0.0587785,1.8,4.11812,-2,0,0,0,3,0,-2,0,-1.44587,-0.000975512,-1.01892,-0.00390205,-0.719141,-0.00877961,-0.546543,-0.0156082,-0.501121,-0.0243878,-0.582876,-0.0346086,-0.791809,-0.0433445,-1.12792,-0.0501294,-1.5428,-0.0549373,-1.84918,-0.0572286,-2.0284,-0.0567885,-2.08045,-0.0536172,-2.00534,-0.0477144,-1.80307,-0.0390804,-1.47364,-0.0277314,-1.0173,-0.016789,-0.572232,-0.00857801,-0.254325,-0.00309833,-0.0635813,-0.000349979,-2.22045e-16,-6.93889e-18,-0.5,0,0.22,11.1713
-2.0809,-0.0587785,2,4.11809,-2,0,0,0,3,0,-2,0,-1.44587,-0.000975494,-1.01892,-0.00390198,-0.719148,-0.00877945,-0.546547,-0.0156079,-0.50112,-0.0243874,-0.582868,-0.0346081,-0.791791,-0.043344,-1.12789,-0.050129,-1.54277,-0.054963,-1.84915,-0.0578139,-2.02836,-0.0581321,-2.08041,-0.0557189,-2.00531,-0.0505745,-1.80304,-0.0426987,-1.47361,-0.0320917,-1.01728,-0.0203399,-0.572222,-0.0111648,-0.254321,-0.0047209,-0.0635802,-0.00100833,2.22045e-16,-6.93889e-18,-0.5,0,0.22,11.1712
-2.0809,-0.0587785,2.2,4.15311,-2,0,0,0,3,0,-2,0,-1.44171,-0.00099216,-1.01276,-0.00396864,-0.713162,-0.00892944,-0.542911,-0.0158746,-0.502008,-0.024804,-0.590451,-0.0351012,-0.808242,-0.0438026,-1.15538,-0.0505198,-1.57072,-0.0552527,-1.86934,-0.0580012,-2.03861,-0.0587002,-2.07855,-0.0567614,-1.98915,-0.0520447,-1.77042,-0.0445501,-1.42236,-0.0342775,-0.949161,-0.0222235,-0.518333,-0.0125007,-0.216837,-0.00555589,-0.0446737,-0.00138897,0,-3.46945e-18,-0.5,0,0.22,11.2412
-2.0809,-0.0587785,2.4,4.11816,-2,0,0,0,3,0,-2,0,-1.44587,-0.00097553,-1.01891,-0.00390212,-0.719135,-0.00877977,-0.546539,-0.0156085,-0.501122,-0.0243882,-0.582884,-0.0346091,-0.791826,-0.043345,-1.12795,-0.0501299,-1.54283,-0.0549636,-1.84919,-0.0578464,-2.02837,-0.0587785,-2.08038,-0.0585704,-2.00523,-0.0556055,-1.80293,-0.049129,-1.47349,-0.039141,-1.01717,-0.0258662,-0.572156,-0.0141437,-0.254292,-0.00593286,-0.0635729,-0.00123361,2.22045e-16,-6.93889e-18,-0.5,0,0.22,11.1713
-2.05,-0.0866025,0.2,1.45541,-2,0,0,0,3,0,-2,0,-1.78963,-0.000170575,-1.59514,-0.000682298,-1.41553,-0.00151974,-1.22894,-0.00234745,-1.03942,-0.00302894,-0.865633,-0.00356421,-0.707737,-0.00395327,-0.565726,-0.00419611,-0.439602,-0.00429274,-0.329363,-0.00424315,-0.23501,-0.00404734,-0.156543,-0.00370532,-0.0939619,-0.00321708,-0.0472666,-0.00258263,-0.0164572,-0.0018277,-0.00153371,-0.00116973,2.22045e-16,-0.000657972,2.22045e-16,-0.000292432,2.22045e-16,-7.31079e-05,2.22045e-16,0,-0.5,0,0.22,6.38876
-2.05,-0.0866025,0.4,1.25161,-2,0,0,0,3,0,-2,0,-1.81813,-0.000126149,-1.64801,-0.000504594,-1.48963,-0.00113534,-1.34301,-0.00201838,-1.20812,-0.00315371,-1.08498,-0.00454135,-0.969249,-0.00606129,-0.843574,-0.00723459,-0.710404,-0.00801147,-0.587111,-0.00839193,-0.47556,-0.00837597,-0.375751,-0.00796359,-0.287684,-0.00715478,-0.21136,-0.00594955,-0.146778,-0.0043479,-0.0939378,-0.00269107,-0.05284,-0.0014286,-0.0234844,-0.000562548,-0.00587111,-9.29169e-05,1.11022e-16,0,-0.5,0,0.22,6.28819
-2.05,-0.0866025,0.6,1.34369,-2,0,0,0,3,0,-2,0,-1.80522,-0.000145393,-1.62397,-0.000581574,-1.45626,-0.00130854,-1.30209,-0.0023263,-1.16146,-0.00363484,-1.03436,-0.00523417,-0.920809,-0.00712428,-0.820792,-0.00930518,-0.734248,-0.011774,-0.645906,-0.0138509,-0.544053,-0.0150145,-0.432335,-0.0152649,-0.331006,-0.0146019,-0.243188,-0.0130257,-0.168881,-0.0105362,-0.108084,-0.00714999,-0.0607971,-0.00399278,-0.0270209,-0.00174886,-0.00675523,-0.000418212,0,8.67362e-19,-0.5,0,0.22,6.24873
-2.05,-0.0866025,0.8,1.51077,-2,0,0,0,3,0,-2,0,-1.78194,-0.000183799,-1.581,-0.000735198,-1.39717,-0.00165419,-1.23045,-0.00294079,-1.08085,-0.00459499,-0.948362,-0.00661678,-0.832989,-0.00900617,-0.734731,-0.0117632,-0.653586,-0.0148878,-0.589556,-0.0183799,-0.539781,-0.0220508,-0.478943,-0.024228,-0.401092,-0.0245185,-0.306251,-0.0229221,-0.212674,-0.0194389,-0.136112,-0.0140689,-0.0765628,-0.00782574,-0.0340279,-0.00333487,-0.00850698,-0.000730805,-5.55112e-17,0,-0.5,0,0.22,6.4458
-2.05,-0.0866025,1,1.81907,-2,0,0,0,3,0,-2,0,-1.73955,-0.000266467,-1.5039,-0.00106587,-1.29307,-0.00239821,-1.10705,-0.00426348,-0.945847,-0.00666168,-0.809452,-0.00959282,-0.697869,-0.0130569,-0.611097,-0.0170539,-0.549138,-0.0215839,-0.51199,-0.0266467,-0.499653,-0.0322425,-0.487143,-0.0365667,-0.450002,-0.0378529,-0.388229,-0.0361012,-0.301826,-0.0313115,-0.197047,-0.023484,-0.110839,-0.0135252,-0.0492619,-0.00597896,-0.0123155,-0.00147071,5.55112e-17,6.93889e-18,-0.5,0,0.22,6.7541
-2.05,-0.0866025,1.2,2.31182,-2,0,0,0,3,0,-2,0,-1.67326,-0.000430383,-1.3866,-0.00172153,-1.14002,-0.00387345,-0.933504,-0.00688613,-0.767066,-0.0107596,-0.640704,-0.0154938,-0.554416,-0.0210888,-0.508203,-0.0275445,-0.502064,-0.034861,-0.536001,-0.0430383,-0.594712,-0.0506803,-0.61935,-0.0546173,-0.604096,-0.0546255,-0.548951,-0.0507047,-0.453916,-0.042855,-0.31899,-0.0310763,-0.179509,-0.0175942,-0.0797819,-0.00780062,-0.0199455,-0.0019359,0,6.93889e-18,-0.5,0,0.22,7.55867
-2.05,-0.0866025,1.4,2.94603,-2,0,0,0,3,0,-2,0,-1.59063,-0.000698909,-1.24635,-0.00279564,-0.967138,-0.00629018,-0.753007,-0.0111825,-0.603955,-0.0174727,-0.51998,-0.0251607,-0.501084,-0.0342465,-0.547266,-0.044707,-0.658526,-0.0548305,-0.818888,-0.0632375,-0.930817,-0.0679828,-0.977775,-0.0687366,-0.959762,-0.0654988,-0.876778,-0.0582694,-0.728824,-0.0470484,-0.515899,-0.0319325,-0.29001,-0.017962,-0.128371,-0.00798313,-0.0317023,-0.00199578,0,6.93889e-18,-0.5,0,0.22,8.82709
-2.05,-0.0866025,1.6,3.65161,-2,0,0,0,3,0,-2,0,-1.50225,-0.00107378,-1.10449,-0.00429511,-0.806703,-0.00966399,-0.608905,-0.0171804,-0.511091,-0.0268444,-0.51326,-0.038656,-0.615413,-0.0517085,-0.81755,-0.062877,-1.11407,-0.0718464,-1.36889,-0.0773642,-1.52379,-0.0788945,-1.57875,-0.0764371,-1.5338,-0.0699923,-1.38891,-0.0595598,-1.1441,-0.0451398,-0.799355,-0.0285086,-0.449673,-0.0154239,-0.199854,-0.00632682,-0.0499636,-0.00121728,3.33067e-16,0,-0.5,0,0.22,10.2382
-2.05,-0.0866025,1.8,4.22582,-2,0,0,0,3,0,-2,0,-1.43308,-0.00143803,-1.00006,-0.00575211,-0.700935,-0.0129423,-0.535714,-0.0230085,-0.504395,-0.0359507,-0.606976,-0.0510133,-0.843457,-0.0638831,-1.21384,-0.0738768,-1.61831,-0.0808995,-1.89139,-0.0843352,-2.03059,-0.0840733,-2.03591,-0.0801138,-1.90735,-0.0724567,-1.64491,-0.061102,-1.24859,-0.0460498,-0.758463,-0.0295808,-0.374752,-0.0166392,-0.124921,-0.0073952,-0.00897068,-0.0018488,-2.22045e-16,-3.46945e-17,-0.5,0,0.22,11.3867
-2.05,-0.0866025,2,4.09209,-2,0,0,0,3,0,-2,0,-1.44897,-0.00134845,-1.02349,-0.00539381,-0.72358,-0.0121361,-0.549227,-0.0215752,-0.500433,-0.0337113,-0.577199,-0.0482447,-0.779525,-0.0612801,-1.10741,-0.0716186,-1.51603,-0.0792602,-1.81944,-0.0841658,-1.99731,-0.0852966,-2.04967,-0.0821899,-1.97651,-0.0748456,-1.77783,-0.0632639,-1.45363,-0.0474446,-1.00414,-0.0297309,-0.564828,-0.0159761,-0.251034,-0.00645878,-0.0627586,-0.001179,2.22045e-16,-1.38778e-17,-0.5,0,0.22,11.1192
-2.05,-0.0866025,2.2,4.12382,-2,0,0,0,3,0,-2,0,-1.44518,-0.00136944,-1.01788,-0.00547778,-0.718098,-0.012325,-0.545827,-0.0219111,-0.50107,-0.0342361,-0.583827,-0.048911,-0.794099,-0.0619105,-1.13189,-0.072171,-1.54128,-0.0796927,-1.83771,-0.0844756,-2.00664,-0.0864342,-2.04808,-0.0844402,-1.96205,-0.0781427,-1.74855,-0.0675417,-1.40758,-0.0526373,-0.942589,-0.0344278,-0.516115,-0.0193657,-0.217111,-0.00860696,-0.0455792,-0.00215174,-2.22045e-16,-6.93889e-18,-0.5,0,0.22,11.1827
-2.05,-0.0866025,2.4,4.10175,-2,0,0,0,3,0,-2,0,-1.44781,-0.00135483,-1.02178,-0.00541931,-0.721904,-0.0121935,-0.548178,-0.0216772,-0.500607,-0.0338707,-0.579189,-0.0484483,-0.783924,-0.0614729,-1.11481,-0.0717879,-1.52379,-0.0793933,-1.82508,-0.084289,-2.00022,-0.086475,-2.04922,-0.0863796,-1.97211,-0.0823663,-1.76892,-0.0733217,-1.43965,-0.0592458,-0.985085,-0.0402502,-0.549726,-0.0226407,-0.240448,-0.0100625,-0.0572525,-0.00251564,-2.22045e-16,0,-0.5,0,0.22,11.1385
-2.01045,-0.0994522,0.2,1.45541,-2,0,0,0,3,0,-2,0,-1.78963,-0.000170575,-1.59514,-0.000682298,-1.41553,-0.00151974,-1.22894,-0.00234745,-1.03942,-0.00302894,-0.865633,-0.00356421,-0.707737,-0.00395327,-0.565726,-0.00419611,-0.439602,-0.00429274,-0.329363,-0.00424315,-0.23501,-0.00404734,-0.156543,-0.00370532,-0.0939619,-0.00321708,-0.0472666,-0.00258263,-0.0164572,-0.0018277,-0.00153371,-0.00116973,2.22045e-16,-0.000657972,2.22045e-16,-0.000292432,2.22045e-16,-7.31079e-05,2.22045e-16,0,-0.5,0,0.22,6.38876
-2.01045,-0.0994522,0.4,1.25161,-2,0,0,0,3,0,-2,0,-1.81813,-0.000126149,-1.64801,-0.000504594,-1.48963,-0.00113534,-1.34301,-0.00201838,-1.20812,-0.00315371,-1.08498,-0.00454135,-0.969249,-0.00606129,-0.843574,-0.00723459,-0.710404,-0.00801147,-0.587111,-0.00839193,-0.47556,-0.00837597,-0.375751,-0.00796359,-0.287684,-0.00715478,-0.21136,-0.00594955,-0.146778,-0.0043479,-0.0939378,-0.00269107,-0.05284,-0.0014286,-0.0234844,-0.000562548,-0.00587111,-9.29169e-05,1.11022e-16,0,-0.5,0,0.22,6.28819
-2.01045,-0.0994522,0.6,1.34369,-2,0,0,0,3,0,-2,0,-1.80522,-0.000145393,-1.62397,-0.000581574,-1.45626,-0.00130854,-1.30209,-0.0023263,-1.16146,-0.00363484,-1.03436,-0.00523417,-0.920809,-0.00712428,-0.820792,-0.00930518,-0.734248,-0.011774,-0.645906,-0.0138509,-0.544053,-0.0150145,-0.432335,-0.0152649,-0.331006,-0.0146019,-0.243188,-0.0130257,-0.168881,-0.0105362,-0.108084,-0.00714999,-0.0607971,-0.00399278,-0.0270209,-0.00174886,-0.00675523,-0.000418212,0,8.67362e-19,-0.5,0,0.22,6.24873
-2.01045,-0.0994522,0.8,1.51077,-2,0,0,0,3,0,-2,0,-1.78194,-0.000183799,-1.581,-0.000735198,-1.39717,-0.00165419,-1.23045,-0.00294079,-1.08085,-0.00459499,-0.948362,-0.00661678,-0.832989,-0.00900617,-0.734731,-0.0117632,-0.653586,-0.0148878,-0.589556,-0.0183799,-0.539781,-0.0220508,-0.478943,-0.024228,-0.401092,-0.0245185,-0.306251,-0.0229221,-0.212674,-0.0194389,-0.136112,-0.0140689,-0.0765628,-0.00782574,-0.0340279,-0.00333487,-0.00850698,-0.000730805,-5.55112e-17,0,-0.5,0,0.22,6.4458
-2.01045,-0.0994522,1,1.81907,-2,0,0,0,3,0,-2,0,-1.73955,-0.000266467,-1.5039,-0.00106587,-1.29307,-0.00239821,-1.10705,-0.00426348,-0.945847,-0.00666168,-0.809452,-0.00959282,-0.697869,-0.0130569,-0.611097,-0.0170539,-0.549138,-0.0215839,-0.51199,-0.0266467,-0.499653,-0.0322425,-0.487143,-0.0365667,-0.450002,-0.0378529,-0.388229,-0.0361012,-0.301826,-0.0313115,-0.197047,-0.023484,-0.110839,-0.0135252,-0.0492619,-0.00597896,-0.0123155,-0.00147071,5.55112e-17,6.93889e-18,-0.5,0,0.22,6.7541
-2.01045,-0.0994522,1.2,2.31631,-2,0,0,0,3,0,-2,0,-1.67267,-0.000432054,-1.38557,-0.00172822,-1.1387,-0.00388849,-0.932058,-0.00691287,-0.765648,-0.0108014,-0.639469,-0.015554,-0.55352,-0.0211707,-0.507801,-0.0276515,-0.502313,-0.0349964,-0.537055,-0.0432054,-0.595657,-0.0512728,-0.619464,-0.0555951,-0.603239,-0.0558504,-0.546979,-0.0520386,-0.450686,-0.0441599,-0.314359,-0.0322141,-0.175751,-0.0183016,-0.077143,-0.00813402,-0.0185683,-0.00203351,1.11022e-16,6.93889e-18,-0.5,0,0.22,7.56764
-2.01045,-0.0994522,1.4,2.95167,-2,0,0,0,3,0,-2,0,-1.58991,-0.000701584,-1.24516,-0.00280634,-0.965724,-0.00631426,-0.75162,-0.0112254,-0.602843,-0.0175396,-0.519394,-0.025257,-0.501273,-0.0343776,-0.548478,-0.0449014,-0.661011,-0.056252,-0.821641,-0.0661645,-0.932503,-0.0720251,-0.978171,-0.0734787,-0.958646,-0.0705254,-0.873926,-0.0631651,-0.724014,-0.0513979,-0.508907,-0.0352556,-0.284195,-0.0198313,-0.124294,-0.0088139,-0.0295866,-0.00220348,-1.11022e-16,-1.38778e-17,-0.5,0,0.22,8.83836
-2.01045,-0.0994522,1.6,3.65202,-2,0,0,0,3,0,-2,0,-1.5022,-0.00107402,-1.10441,-0.00429608,-0.806619,-0.00966619,-0.608838,-0.0171843,-0.511064,-0.0268505,-0.513296,-0.0386647,-0.615534,-0.0524392,-0.817779,-0.0655758,-1.11438,-0.0764963,-1.36914,-0.0835279,-1.52398,-0.0859579,-1.5789,-0.0837861,-1.53389,-0.0770128,-1.38896,-0.0656377,-1.14411,-0.049661,-0.799327,-0.0310261,-0.449656,-0.0164289,-0.199847,-0.00643336,-0.0499618,-0.0010395,0,1.38778e-17,-0.5,0,0.22,10.2391
-2.01045,-0.0994522,1.8,4.16347,-2,0,0,0,3,0,-2,0,-1.44047,-0.0013959,-1.01092,-0.00558362,-0.711343,-0.0125631,-0.541748,-0.0223345,-0.50213,-0.0348976,-0.592491,-0.0501808,-0.812831,-0.0653378,-1.16315,-0.0777434,-1.56317,-0.0872576,-1.83921,-0.0927187,-1.98532,-0.0937931,-2.00149,-0.0904808,-1.88772,-0.082782,-1.64402,-0.0706965,-1.27039,-0.0542244,-0.792185,-0.0350931,-0.40343,-0.0197398,-0.144609,-0.00877327,-0.0157222,-0.00219332,0,-1.38778e-17,-0.5,0,0.22,11.262
-2.01045,-0.0994522,2,4.05789,-2,0,0,0,3,0,-2,0,-1.45305,-0.00132601,-1.02957,-0.00530404,-0.729564,-0.0119341,-0.553026,-0.0212162,-0.499958,-0.0331503,-0.570361,-0.0477286,-0.764234,-0.0628441,-1.08158,-0.0754526,-1.48197,-0.0854091,-1.78149,-0.0926904,-1.95758,-0.0958826,-2.01027,-0.0941505,-1.93957,-0.0874941,-1.74546,-0.0759135,-1.42795,-0.0594086,-0.987204,-0.0389236,-0.555302,-0.0218066,-0.246801,-0.00961397,-0.0617003,-0.00234556,4.44089e-16,-2.08167e-17,-0.5,0,0.22,11.0508
-2.01045,-0.0994522,2.2,4.05802,-2,0,0,0,3,0,-2,0,-1.45304,-0.00132609,-1.02955,-0.00530437,-0.729542,-0.0119348,-0.553012,-0.0212175,-0.49996,-0.0331523,-0.570385,-0.0477315,-0.764288,-0.0628471,-1.08167,-0.0754554,-1.48207,-0.0854115,-1.78156,-0.0927154,-1.95757,-0.0973297,-2.01018,-0.097338,-1.93941,-0.0916647,-1.74526,-0.0803097,-1.42774,-0.063273,-0.987005,-0.0412288,-0.55519,-0.0224248,-0.246751,-0.00930254,-0.0616878,-0.00186193,4.44089e-16,6.93889e-18,-0.5,0,0.22,11.0511
-2.01045,-0.0994522,2.4,4.05808,-2,0,0,0,3,0,-2,0,-1.45303,-0.00132613,-1.02954,-0.00530453,-0.729531,-0.0119352,-0.553005,-0.0212181,-0.49996,-0.0331533,-0.570397,-0.047733,-0.764316,-0.0628486,-1.08172,-0.0754568,-1.48212,-0.0854127,-1.7816,-0.0927163,-1.95759,-0.0973677,-2.01011,-0.099311,-1.93924,-0.0961142,-1.74502,-0.0864787,-1.42747,-0.0704043,-0.986738,-0.047922,-0.55504,-0.0262995,-0.246684,-0.0111158,-0.0616711,-0.00237087,0,1.38778e-17,-0.5,0,0.22,11.0512
-1.9691,-0.0951057,0.2,1.45541,-2,0,0,0,3,0,-2,0,-1.78963,-0.000170575,-1.59514,-0.000682298,-1.41553,-0.00151974,-1.22894,-0.00234745,-1.03942,-0.00302894,-0.865633,-0.00356421,-0.707737,-0.00395327,-0.565726,-0.00419611,-0.439602,-0.00429274,-0.329363,-0.00424315,-0.23501,-0.00404734,-0.156543,-0.00370532,-0.0939619,-0.00321708,-0.0472666,-0.00258263,-0.0164572,-0.0018277,-0.00153371,-0.00116973,2.22045e-16,-0.000657972,2.22045e-16,-0.000292432,2.22045e-16,-7.31079e-05,2.22045e-16,0,-0.5,0,0.22,6.38876
-1.9691,-0.0951057,0.4,1.25161,-2,0,0,0,3,0,-2,0,-1.81813,-0.000126149,-1.64801,-0.000504594,-1.48963,-0.00113534,-1.34301,-0.00201838,-1.20812,-0.00315371,-1.08498,-0.00454135,-0.969249,-0.00606129,-0.843574,-0.00723459,-0.710404,-0.00801147,-0.587111,-0.00839193,-0.47556,-0.00837597,-0.375751,-0.00796359,-0.287684,-0.00715478,-0.21136,-0.00594955,-0.146778,-0.0043479,-0.0939378,-0.00269107,-0.05284,-0.0014286,-0.0234844,-0.000562548,-0.00587111,-9.29169e-05,1.11022e-16,0,-0.5,0,0.22,6.28819
-1.9691,-0.0951057,0.6,1.34369,-2,0,0,0,3,0,-2,0,-1.80522,-0.000145393,-1.62397,-0.000581574,-1.45626,-0.00130854,-1.30209,-0.0023263,-1.16146,-0.00363484,-1.03436,-0.00523417,-0.920809,-0.00712428,-0.820792,-0.00930518,-0.734248,-0.011774,-0.645906,-0.0138509,-0.544053,-0.0150145,-0.432335,-0.0152649,-0.331006,-0.0146019,-0.243188,-0.0130257,-0.168881,-0.0105362,-0.108084,-0.00714999,-0.0607971,-0.00399278,-0.0270209,-0.00174886,-0.00675523,-0.000418212,0,8.67362e-19,-0.5,0,0.22,6.24873
-1.9691,-0.0951057,0.8,1.51077,-2,0,0,0,3,0,-2,0,-1.78194,-0.000183799,-1.581,-0.000735198,-1.39717,-0.00165419,-1.23045,-0.00294079,-1.08085,-0.00459499,-0.948362,-0.00661678,-0.832989,-0.00900617,-0.734731,-0.0117632,-0.653586,-0.0148878,-0.589556,-0.0183799,-0.539781,-0.0220508,-0.478943,-0.024228,-0.401092,-0.0245185,-0.306251,-0.0229221,-0.212674,-0.0194389,-0.136112,-0.0140689,-0.0765628,-0.00782574,-0.0340279,-0.00333487,-0.00850698,-0.000730805,-5.55112e-17,0,-0.5,0,0.22,6.4458
-1.9691,-0.0951057,1,1.81907,-2,0,0,0,3,0,-2,0,-1.73955,-0.000266467,-1.5039,-0.00106587,-1.29307,-0.00239821,-1.10705,-0.00426348,-0.945847,-0.00666168,-0.809452,-0.00959282,-0.697869,-0.0130569,-0.611097,-0.0170539,-0.549138,-0.0215839,-0.51199,-0.0266467,-0.499653,-0.0322425,-0.487143,-0.0365667,-0.450002,-0.0378529,-0.388229,-0.0361012,-0.301826,-0.0313115,-0.197047,-0.023484,-0.110839,-0.0135252,-0.0492619,-0.00597896,-0.0123155,-0.00147071,5.55112e-17,6.93889e-18,-0.5,0,0.22,6.7541
-1.9691,-0.0951057,1.2,2.31631,-2,0,0,0,3,0,-2,0,-1.67267,-0.000432054,-1.38557,-0.00172822,-1.1387,-0.00388849,-0.932058,-0.00691287,-0.765648,-0.0108014,-0.639469,-0.015554,-0.55352,-0.0211707,-0.507801,-0.0276515,-0.502313,-0.0349964,-0.537055,-0.0432054,-0.595657,-0.0512728,-0.619464,-0.0555951,-0.603239,-0.0558504,-0.546979,-0.0520386,-0.450686,-0.0441599,-0.314359,-0.0322141,-0.175751,-0.0183016,-0.077143,-0.00813402,-0.0185683,-0.00203351,1.11022e-16,6.93889e-18,-0.5,0,0.22,7.56764
-1.9691,-0.0951057,1.4,2.96744,-2,0,0,0,3,0,-2,0,-1.5879,-0.000709103,-1.24182,-0.00283641,-0.961776,-0.00638193,-0.747756,-0.0113456,-0.599764,-0.0177276,-0.5178,-0.0255277,-0.501862,-0.034746,-0.551952,-0.0453826,-0.66807,-0.0564945,-0.829213,-0.0657993,-0.936975,-0.0711212,-0.978832,-0.072191,-0.954782,-0.0690089,-0.864828,-0.0615747,-0.708967,-0.0498886,-0.487208,-0.034016,-0.266745,-0.019134,-0.112188,-0.008504,-0.0235362,-0.002126,0,0,-0.5,0,0.22,8.8699
-1.9691,-0.0951057,1.6,3.73167,-2,0,0,0,3,0,-2,0,-1.49246,-0.00112138,-1.08933,-0.00448551,-0.790621,-0.0100924,-0.596327,-0.017942,-0.506449,-0.0280344,-0.520987,-0.0403696,-0.639941,-0.0544029,-0.863311,-0.0667934,-1.17226,-0.0767679,-1.4114,-0.082896,-1.54619,-0.0848598,-1.57661,-0.0826592,-1.50268,-0.0762943,-1.32439,-0.065765,-1.04175,-0.0510714,-0.665349,-0.0333147,-0.344878,-0.0187395,-0.128764,-0.00832867,-0.0170069,-0.00208217,2.22045e-16,-1.38778e-17,-0.5,0,0.22,10.3984
-1.9691,-0.0951057,1.8,4.0917,-2,0,0,0,3,0,-2,0,-1.44901,-0.0013482,-1.02356,-0.00539279,-0.723647,-0.0121338,-0.549269,-0.0215712,-0.500426,-0.033705,-0.57712,-0.0485139,-0.77935,-0.0630169,-1.10712,-0.0748235,-1.50072,-0.0839023,-1.7809,-0.0892352,-1.9356,-0.0903315,-1.9648,-0.087191,-1.8685,-0.0798138,-1.64672,-0.0681998,-1.29943,-0.0523492,-0.838408,-0.0338937,-0.442429,-0.0190652,-0.171943,-0.00847343,-0.0269507,-0.00211836,1.11022e-16,-6.93889e-18,-0.5,0,0.22,11.1184
-1.9691,-0.0951057,2,4.02138,-2,0,0,0,3,0,-2,0,-1.45742,-0.00130226,-1.0361,-0.00520903,-0.736041,-0.0117203,-0.557238,-0.0208361,-0.499693,-0.0325564,-0.563407,-0.0468806,-0.748379,-0.0614148,-1.05461,-0.0733601,-1.44617,-0.0827008,-1.74166,-0.0894339,-1.91593,-0.0923312,-1.969,-0.0903924,-1.90089,-0.0836176,-1.71158,-0.0720068,-1.40109,-0.0555599,-0.969519,-0.0356398,-0.545355,-0.0194914,-0.24238,-0.0081791,-0.060595,-0.0017028,1.11022e-16,0,-0.5,0,0.22,10.9778
-1.9691,-0.0951057,2.2,4.0259,-2,0,0,0,3,0,-2,0,-1.45688,-0.00130518,-1.03529,-0.00522074,-0.735234,-0.0117467,-0.556708,-0.020883,-0.499713,-0.0326296,-0.564248,-0.0469855,-0.750315,-0.061519,-1.05791,-0.0734556,-1.44977,-0.082782,-1.74429,-0.0894979,-1.91728,-0.093597,-1.96879,-0.093603,-1.89885,-0.0883894,-1.70747,-0.0779563,-1.39463,-0.0623037,-0.960646,-0.0417563,-0.538322,-0.0234879,-0.237445,-0.0104391,-0.0580143,-0.00260977,3.33067e-16,1.38778e-17,-0.5,0,0.22,10.9868
-1.9691,-0.0951057,2.4,4.02143,-2,0,0,0,3,0,-2,0,-1.45742,-0.00130229,-1.03609,-0.00520916,-0.736032,-0.0117206,-0.557232,-0.0208366,-0.499693,-0.0325572,-0.563416,-0.0468817,-0.748401,-0.061416,-1.05465,-0.0733612,-1.44621,-0.0827017,-1.74169,-0.0894377,-1.9159,-0.0935691,-1.96886,-0.0950891,-1.90061,-0.0921239,-1.71123,-0.0832073,-1.4007,-0.0683394,-0.969147,-0.04752,-0.545145,-0.0267129,-0.242287,-0.0118573,-0.0605717,-0.00295295,1.11022e-16,-1.38778e-17,-0.5,0,0.22,10.9779
-1.93309,-0.0743145,0.2,1.19631,-2,0,0,0,3,0,-2,0,-1.82592,-8.23226e-05,-1.66257,-0.00032929,-1.50996,-0.000740903,-1.36345,-0.00126041,-1.20748,-0.00169669,-1.05185,-0.00203417,-0.906952,-0.00227287,-0.772788,-0.00241277,-0.649357,-0.00245389,-0.536658,-0.00239621,-0.434693,-0.00223975,-0.343461,-0.0019845,-0.262963,-0.00163045,-0.193197,-0.0011786,-0.134165,-0.000745432,-0.0858653,-0.000411053,-0.0482992,-0.000175465,-0.0214663,-3.86655e-05,-0.00536658,-4.33681e-19,-6.66134e-16,-4.33681e-19,-0.5,0,0.22,6.12966
-1.93309,-0.0743145,0.4,1.31171,-2,0,0,0,3,0,-2,0,-1.80969,-9.89715e-05,-1.63229,-0.000395886,-1.46779,-0.000890743,-1.3162,-0.00158354,-1.1775,-0.00247429,-1.05171,-0.00356297,-0.928348,-0.00465674,-0.792209,-0.00547572,-0.655689,-0.00601759,-0.532068,-0.00628235,-0.421349,-0.00627,-0.323531,-0.00598054,-0.238614,-0.00541397,-0.166599,-0.00457029,-0.107485,-0.0034495,-0.0612724,-0.00221688,-0.0279613,-0.00124699,-0.00755163,-0.000554219,-4.33468e-05,-0.000138555,2.22045e-16,0,-0.5,0,0.22,6.34827
-1.93309,-0.0743145,0.6,1.36586,-2,0,0,0,3,0,-2,0,-1.80212,-0.000107311,-1.61822,-0.000429246,-1.44832,-0.000965803,-1.29241,-0.00171698,-1.15048,-0.00268279,-1.02255,-0.00386321,-0.908606,-0.00525826,-0.808653,-0.00686793,-0.722048,-0.00867251,-0.630098,-0.0100983,-0.524171,-0.0108805,-0.411195,-0.011019,-0.310971,-0.0105138,-0.224724,-0.00936496,-0.152454,-0.00757245,-0.0941607,-0.00514933,-0.0498446,-0.0028965,-0.0195054,-0.00128733,-0.00314324,-0.000321833,1.11022e-16,3.46945e-18,-0.5,0,0.22,6.27088
-1.93309,-0.0743145,0.8,1.51471,-2,0,0,0,3,0,-2,0,-1.7814,-0.000131976,-1.58,-0.000527903,-1.39581,-0.00118778,-1.22882,-0.00211161,-1.07904,-0.00329939,-0.946461,-0.00475113,-0.83109,-0.00646681,-0.732926,-0.00844644,-0.651967,-0.01069,-0.588213,-0.0131976,-0.538385,-0.015818,-0.476848,-0.0173708,-0.398153,-0.017605,-0.302397,-0.0165208,-0.20911,-0.014118,-0.132981,-0.0103967,-0.0740087,-0.00593332,-0.0321933,-0.00263703,-0.00753506,-0.000659258,0,3.46945e-18,-0.5,0,0.22,6.44973
-1.93309,-0.0743145,1,1.81785,-2,0,0,0,3,0,-2,0,-1.73971,-0.000190087,-1.50421,-0.000760347,-1.29348,-0.00171078,-1.10754,-0.00304139,-0.946379,-0.00475217,-0.809999,-0.00684313,-0.698401,-0.00931425,-0.611584,-0.0121656,-0.549549,-0.015397,-0.512296,-0.0190087,-0.499824,-0.0230005,-0.487497,-0.0260864,-0.450485,-0.0269702,-0.388786,-0.0256518,-0.3024,-0.0221312,-0.197491,-0.0164084,-0.111089,-0.00927201,-0.0493728,-0.00398269,-0.0123432,-0.000895555,8.32667e-17,0,-0.5,0,0.22,6.75287
-1.93309,-0.0743145,1.2,2.31072,-2,0,0,0,3,0,-2,0,-1.67341,-0.000307134,-1.38687,-0.00122854,-1.14036,-0.00276421,-0.933896,-0.00491415,-0.767473,-0.00767836,-0.64109,-0.0110568,-0.554748,-0.0150496,-0.508448,-0.0196566,-0.502188,-0.0248779,-0.535969,-0.0307134,-0.594734,-0.036493,-0.619532,-0.0395924,-0.604393,-0.0397458,-0.549316,-0.0369532,-0.454302,-0.0312148,-0.319351,-0.0225304,-0.179717,-0.0126069,-0.0798743,-0.00546139,-0.0199686,-0.00126181,0,3.46945e-18,-0.5,0,0.22,7.55645
-1.93309,-0.0743145,1.4,2.94413,-2,0,0,0,3,0,-2,0,-1.59088,-0.000498594,-1.24677,-0.00199438,-0.96765,-0.00448735,-0.753536,-0.0079775,-0.604423,-0.0124648,-0.520312,-0.0179494,-0.501203,-0.0244311,-0.547095,-0.03191,-0.657988,-0.040038,-0.818315,-0.0475136,-0.930649,-0.05192,-0.978061,-0.0529374,-0.960553,-0.0505657,-0.878124,-0.044805,-0.730775,-0.0356553,-0.518505,-0.02332,-0.292143,-0.0124422,-0.129841,-0.00495333,-0.0324603,-0.000853539,-1.66533e-16,-6.93889e-18,-0.5,0,0.22,8.82327
-1.93309,-0.0743145,1.6,3.65178,-2,0,0,0,3,0,-2,0,-1.50224,-0.000767085,-1.10447,-0.00306834,-0.806719,-0.00690377,-0.608968,-0.0122734,-0.511221,-0.0191771,-0.513478,-0.0276151,-0.615741,-0.0374533,-0.818007,-0.0472366,-1.11466,-0.0555328,-1.36953,-0.0609898,-1.52444,-0.0630723,-1.57939,-0.06178,-1.53439,-0.0571131,-1.38942,-0.0490715,-1.1445,-0.0376552,-0.799613,-0.0239187,-0.449817,-0.0129003,-0.199919,-0.00525658,-0.0499797,-0.000987536,-4.44089e-16,-6.93889e-18,-0.5,0,0.22,10.2386
-1.93309,-0.0743145,1.8,4.03481,-2,0,0,0,3,0,-2,0,-1.45582,-0.000936442,-1.03372,-0.00374577,-0.73371,-0.00842797,-0.55578,-0.0149831,-0.499934,-0.023411,-0.566171,-0.0337102,-0.754492,-0.0447598,-1.0649,-0.054345,-1.45103,-0.0620528,-1.73308,-0.0670269,-1.89309,-0.0686301,-1.93104,-0.0668624,-1.84694,-0.0617239,-1.64079,-0.0532144,-1.31259,-0.0413341,-0.867676,-0.0269671,-0.468482,-0.015169,-0.19134,-0.00674179,-0.0362485,-0.00168545,-4.44089e-16,1.38778e-17,-0.5,0,0.22,11.0046
-1.93309,-0.0743145,2,3.98871,-2,0,0,0,3,0,-2,0,-1.46135,-0.000915164,-1.04201,-0.00366066,-0.741973,-0.00823648,-0.56125,-0.0146426,-0.499836,-0.0228791,-0.557732,-0.0329459,-0.734938,-0.0439122,-1.03145,-0.0535466,-1.4151,-0.0613506,-1.70702,-0.0673243,-1.87965,-0.070431,-1.93302,-0.0695125,-1.86714,-0.0645679,-1.682,-0.0555972,-1.37761,-0.0426004,-0.954045,-0.0267566,-0.53665,-0.0140914,-0.238511,-0.00545237,-0.0596278,-0.000839439,-2.22045e-16,-1.38778e-17,-0.5,0,0.22,10.9124
-1.93309,-0.0743145,2.2,4.05339,-2,0,0,0,3,0,-2,0,-1.4536,-0.000945085,-1.0304,-0.00378034,-0.730421,-0.00850576,-0.553648,-0.0151214,-0.500086,-0.0236271,-0.569734,-0.0340184,-0.762592,-0.0450979,-1.07866,-0.0546623,-1.46514,-0.0623365,-1.74311,-0.0681205,-1.89787,-0.0719906,-1.92946,-0.0725319,-1.83789,-0.0689155,-1.62316,-0.0611414,-1.28529,-0.0492095,-0.834021,-0.033262,-0.442358,-0.0187099,-0.173849,-0.0083155,-0.0284949,-0.00207887,-3.33067e-16,1.38778e-17,-0.5,0,0.22,11.0418
-1.93309,-0.0743145,2.4,4.02921,-2,0,0,0,3,0,-2,0,-1.45649,-0.000933842,-1.03473,-0.00373537,-0.734707,-0.00840458,-0.556432,-0.0149415,-0.499901,-0.0233461,-0.565115,-0.0336172,-0.752073,-0.0446574,-1.06078,-0.0542488,-1.44673,-0.0619725,-1.72999,-0.0678285,-1.89149,-0.0718168,-1.93263,-0.0739261,-1.86121,-0.0724256,-1.66814,-0.0660702,-1.3534,-0.05486,-0.918236,-0.0387948,-0.506384,-0.021847,-0.216195,-0.00970977,-0.047667,-0.00242744,-2.22045e-16,0,-0.5,0,0.22,10.9934
-1.90865,-0.0406737,0.2,1.77978,-2,0,0,0,3,0,-2,0,-1.74491,-0.000109327,-1.51358,-0.000437308,-1.29255,-0.000901394,-1.05924,-0.00130152,-0.846783,-0.00162876,-0.658077,-0.00188312,-0.493128,-0.00206459,-0.351937,-0.00217318,-0.234502,-0.00220888,-0.140824,-0.00217169,-0.0709036,-0.00206162,-0.0247398,-0.00187866,-0.00233294,-0.00162282,4.44089e-16,-0.00129409,4.44089e-16,-0.000911071,4.44089e-16,-0.000583085,4.44089e-16,-0.000327985,4.44089e-16,-0.000145771,4.44089e-16,-3.64428e-05,4.44089e-16,0,-0.5,0,0.22,6.71313
-1.90865,-0.0406737,0.4,1.25147,-2,0,0,0,3,0,-2,0,-1.81815,-5.40554e-05,-1.64805,-0.000216222,-1.48969,-0.000486498,-1.34308,-0.000864886,-1.20822,-0.00135138,-1.0851,-0.00194599,-0.969393,-0.00259551,-0.843749,-0.00308705,-0.710572,-0.00339841,-0.58725,-0.00352959,-0.475672,-0.00348059,-0.37584,-0.00325141,-0.287752,-0.00284205,-0.21141,-0.00225251,-0.146812,-0.00150399,-0.0939599,-0.000857889,-0.0528525,-0.000391968,-0.02349,-0.000106226,-0.0058725,-6.64251e-07,-2.22045e-16,6.50521e-19,-0.5,0,0.22,6.28803
-1.90865,-0.0406737,0.6,1.36575,-2,0,0,0,3,0,-2,0,-1.80213,-6.4378e-05,-1.61825,-0.000257512,-1.44836,-0.000579402,-1.29246,-0.00103005,-1.15055,-0.00160945,-1.02263,-0.00231761,-0.908693,-0.00315452,-0.808748,-0.00412019,-0.722153,-0.00520287,-0.630224,-0.00605856,-0.52431,-0.00652802,-0.411305,-0.00661126,-0.311043,-0.00630828,-0.224765,-0.00561907,-0.152471,-0.00454364,-0.0941606,-0.00308979,-0.0498349,-0.00173801,-0.0194934,-0.000772449,-0.00313599,-0.000193112,-1.66533e-16,-8.67362e-19,-0.5,0,0.22,6.27076
-1.90865,-0.0406737,0.8,1.51442,-2,0,0,0,3,0,-2,0,-1.78144,-7.91569e-05,-1.58007,-0.000316628,-1.39591,-0.000712412,-1.22895,-0.00126651,-1.07919,-0.00197892,-0.946627,-0.00284965,-0.831266,-0.00387869,-0.733105,-0.00506604,-0.652144,-0.00641171,-0.588384,-0.00791569,-0.538572,-0.00948819,-0.477068,-0.010421,-0.398381,-0.0105625,-0.3026,-0.00991273,-0.209216,-0.00847164,-0.133015,-0.00623925,-0.0739959,-0.00356086,-0.03216,-0.0015826,-0.00750688,-0.000395651,2.22045e-16,0,-0.5,0,0.22,6.44942
-1.90865,-0.0406737,1,1.82109,-2,0,0,0,3,0,-2,0,-1.73927,-0.000114461,-1.50342,-0.000457846,-1.29243,-0.00103015,-1.10632,-0.00183138,-0.945079,-0.00286154,-0.80871,-0.00412061,-0.697212,-0.00560861,-0.610587,-0.00732553,-0.548833,-0.00927138,-0.511951,-0.0114461,-0.499932,-0.0138496,-0.487065,-0.0156926,-0.449359,-0.016239,-0.386813,-0.0154887,-0.299429,-0.0134417,-0.194228,-0.0100981,-0.108419,-0.00583497,-0.0474489,-0.00259332,-0.0113178,-0.00064833,1.38778e-16,3.46945e-18,-0.5,0,0.22,6.7561
-1.90865,-0.0406737,1.2,2.30981,-2,0,0,0,3,0,-2,0,-1.67353,-0.000184141,-1.38708,-0.000736562,-1.14064,-0.00165727,-0.934213,-0.00294625,-0.767798,-0.00460352,-0.641395,-0.00662906,-0.555005,-0.00902289,-0.508627,-0.011785,-0.502262,-0.0149154,-0.535909,-0.0184141,-0.59471,-0.0218706,-0.619636,-0.0236548,-0.604591,-0.0235982,-0.549573,-0.0217008,-0.454584,-0.0179627,-0.319622,-0.0123837,-0.179873,-0.0065584,-0.0799437,-0.00256502,-0.0199859,-0.000412416,5.55112e-17,0,-0.5,0,0.22,7.55463
-1.90865,-0.0406737,1.4,2.96527,-2,0,0,0,3,0,-2,0,-1.58818,-0.000303477,-1.24231,-0.00121391,-0.962373,-0.00273129,-0.748385,-0.00485563,-0.60034,-0.00758692,-0.518238,-0.0109252,-0.50208,-0.0148704,-0.551865,-0.0194225,-0.667594,-0.0241761,-0.828785,-0.0281592,-0.936973,-0.0304405,-0.979239,-0.0309012,-0.955584,-0.0295413,-0.866008,-0.0263607,-0.710511,-0.0213594,-0.489094,-0.0145652,-0.268119,-0.00819295,-0.113065,-0.00364131,-0.0239324,-0.000910327,-1.11022e-16,-3.46945e-18,-0.5,0,0.22,8.86555
-1.90865,-0.0406737,1.6,3.88728,-2,0,0,0,3,0,-2,0,-1.47357,-0.00052154,-1.06047,-0.00208616,-0.760697,-0.00469386,-0.57425,-0.00834464,-0.501131,-0.0130385,-0.541339,-0.0187754,-0.694874,-0.0249567,-0.961737,-0.0301612,-1.27508,-0.0341176,-1.48121,-0.0363543,-1.57401,-0.0368526,-1.5535,-0.0356124,-1.41967,-0.0326338,-1.17252,-0.0279168,-0.812052,-0.0214614,-0.439943,-0.0139074,-0.180837,-0.00782291,-0.0350503,-0.00347685,2.22045e-16,-0.000869212,2.22045e-16,0,-0.5,0,0.22,10.7096
-1.90865,-0.0406737,1.8,4.00586,-2,0,0,0,3,0,-2,0,-1.45929,-0.000553845,-1.03894,-0.00221538,-0.738923,-0.00498461,-0.559258,-0.00886152,-0.49994,-0.0138461,-0.560968,-0.0199384,-0.742344,-0.0261556,-1.04407,-0.031273,-1.42484,-0.0352827,-1.70592,-0.0378057,-1.86666,-0.0384827,-1.90706,-0.0373136,-1.82712,-0.0342984,-1.62685,-0.029437,-1.30624,-0.0227296,-0.869261,-0.0147688,-0.472035,-0.00830747,-0.195147,-0.00369221,-0.038597,-0.000923052,1.11022e-16,3.46945e-18,-0.5,0,0.22,10.9467
-1.90865,-0.0406737,2,4.11334,-2,0,0,0,3,0,-2,0,-1.44645,-0.000583962,-1.01978,-0.00233585,-0.720009,-0.00525566,-0.547127,-0.0093434,-0.501137,-0.0145991,-0.582038,-0.0210074,-0.78983,-0.0272012,-1.12451,-0.032227,-1.50373,-0.0360849,-1.76085,-0.0387453,-1.89108,-0.0396636,-1.89443,-0.0386353,-1.7709,-0.0356606,-1.52049,-0.0307394,-1.1432,-0.0238716,-0.683956,-0.0155719,-0.330788,-0.00875921,-0.104502,-0.00389298,-0.00509689,-0.000973246,1.11022e-16,-6.93889e-18,-0.5,0,0.22,11.1617
-1.90865,-0.0406737,2.2,3.96606,-2,0,0,0,3,0,-2,0,-1.46408,-0.000542893,-1.04612,-0.00217157,-0.746126,-0.00488603,-0.564102,-0.00868628,-0.500046,-0.0135723,-0.553956,-0.0195441,-0.725833,-0.0257584,-1.01568,-0.0309067,-1.39384,-0.0349692,-1.68337,-0.0379459,-1.85493,-0.0398369,-1.90853,-0.0400481,-1.84419,-0.0377324,-1.6619,-0.0328833,-1.36167,-0.025501,-0.943558,-0.0160479,-0.530752,-0.00829738,-0.23589,-0.00308021,-0.0589724,-0.000396382,-4.44089e-16,-3.46945e-18,-0.5,0,0.22,10.8671
-1.90865,-0.0406737,2.4,4.00085,-2,0,0,0,3,0,-2,0,-1.4599,-0.000552459,-1.03984,-0.00220984,-0.739825,-0.00497213,-0.559858,-0.00883934,-0.499937,-0.0138115,-0.560061,-0.0198885,-0.740231,-0.0261059,-1.04045,-0.0312272,-1.42098,-0.0352437,-1.70314,-0.0381552,-1.86524,-0.0399619,-1.90865,-0.0406636,-1.84833,-0.0395201,-1.66799,-0.0357986,-1.36763,-0.0294992,-0.947268,-0.0206218,-0.530427,-0.0116009,-0.23361,-0.00515596,-0.0568152,-0.00128899,0,0,-0.5,0,0.22,10.9367
-1,0,0.2,1.19629,-2,0,0,0,3,0,-2,0,-1.82592,0,-1.66258,0,-1.50997,0,-1.36347,0,-1.2075,0,-1.05187,0,-0.906968,0,-0.772801,0,-0.649368,0,-0.536668,0,-0.434701,0,-0.343467,0,-0.262967,0,-0.1932,0,-0.134167,0,-0.0858668,0,-0.0483001,0,-0.0214667,0,-0.00536668,0,2.22045e-16,0,-0.5,0,0.22,6.12964
-1,0,0.4,1.25144,-2,0,0,0,3,0,-2,0,-1.81816,0,-1.64806,0,-1.48971,0,-1.3431,0,-1.20824,0,-1.08513,0,-0.969427,0,-0.843791,0,-0.710612,0,-0.587283,0,-0.475699,0,-0.375861,0,-0.287769,0,-0.211422,0,-0.146821,0,-0.0939652,0,-0.0528554,0,-0.0234913,0,-0.00587283,0,3.33067e-16,0,-0.5,0,0.22,6.28799
-1,0,0.6,1.34309,-2,0,0,0,3,0,-2,0,-1.8053,0,-1.62413,0,-1.45649,0,-1.30238,0,-1.16179,0,-1.03474,0,-0.921216,0,-0.821221,0,-0.734698,0,-0.646462,0,-0.544697,0,-0.432935,0,-0.331466,0,-0.243526,0,-0.169115,0,-0.108234,0,-0.0608814,0,-0.0270584,0,-0.0067646,0,-5.55112e-17,0,-0.5,0,0.22,6.24809
-1,0,0.8,1.50921,-2,0,0,0,3,0,-2,0,-1.78216,0,-1.5814,0,-1.39773,0,-1.23114,0,-1.08163,0,-0.949202,0,-0.833859,0,-0.735598,0,-0.65442,0,-0.590325,0,-0.540601,0,-0.479976,0,-0.402269,0,-0.307489,0,-0.213534,0,-0.136662,0,-0.0768723,0,-0.0341655,0,-0.00854137,0,-1.11022e-16,0,-0.5,0,0.22,6.4442
-1,0,1,1.81649,-2,0,0,0,3,0,-2,0,-1.7399,0,-1.50455,0,-1.29394,0,-1.10808,0,-0.946973,0,-0.810609,0,-0.698991,0,-0.612122,0,-0.549999,0,-0.512623,0,-0.499994,0,-0.487871,0,-0.451003,0,-0.389387,0,-0.303025,0,-0.197977,0,-0.111362,0,-0.0494942,0,-0.0123735,0,-8.32667e-17,0,-0.5,0,0.22,6.75148
-1,0,1.2,2.3092,-2,0,0,0,3,0,-2,0,-1.67362,0,-1.38723,0,-1.14083,0,-0.934423,0,-0.768011,0,-0.641591,0,-0.555165,0,-0.508731,0,-0.50229,0,-0.535842,0,-0.594662,0,-0.619672,0,-0.60469,0,-0.549715,0,-0.454747,0,-0.319786,0,-0.179968,0,-0.0799857,0,-0.0199964,0,5.55112e-17,0,-0.5,0,0.22,7.5534
-1,0,1.4,2.94308,-2,0,0,0,3,0,-2,0,-1.59102,0,-1.247,0,-0.967945,0,-0.753852,0,-0.604722,0,-0.520555,0,-0.50135,0,-0.547107,0,-0.657828,0,-0.818156,0,-0.930675,0,-0.97823,0,-0.960823,0,-0.878454,0,-0.731122,0,-0.518827,0,-0.292332,0,-0.129925,0,-0.0324813,0,-1.11022e-16,0,-0.5,0,0.22,8.82116
-1,0,1.6,2.97121,-2,0,0,0,3,0,-2,0,-1.58742,0,-1.24106,0,-0.960902,0,-0.746956,0,-0.599222,0,-0.517697,0,-0.502383,0,-0.55328,0,-0.670387,0,-0.835756,0,-0.950127,0,-0.998288,0,-0.980239,0,-0.895979,0,-0.745509,0,-0.528828,0,-0.297947,0,-0.132421,0,-0.0331052,0,0,0,-0.5,0,0.22,8.87742
-1,0,1.8,2.97121,-2,0,0,0,3,0,-2,0,-1.58742,0,-1.24106,0,-0.960902,0,-0.746956,0,-0.599222,0,-0.517697,0,-0.502383,0,-0.55328,0,-0.670387,0,-0.835756,0,-0.950127,0,-0.998288,0,-0.980239,0,-0.895979,0,-0.745509,0,-0.528828,0,-0.297947,0,-0.132421,0,-0.0331052,0,-1.11022e-16,0,-0.5,0,0.22,8.87742
-1.08645,0.406737,0.2,1.19991,-2,0,0,0,3,0,-2,0,-1.82535,0.000808601,-1.66138,0.0032344,-1.50809,0.00727741,-1.36071,0.0123801,-1.20381,0.0167291,-1.04822,0.0201846,-0.903403,0.0227467,-0.769343,0.0244153,-0.646045,0.0251904,-0.533508,0.0250721,-0.431733,0.0240604,-0.340719,0.0221552,-0.260465,0.0193565,-0.190974,0.0156644,-0.132243,0.0111682,-0.0842739,0.00714763,-0.047066,0.00402054,-0.0206193,0.00178691,-0.00493384,0.000446727,-4.44089e-16,-3.46945e-18,-0.5,0,0.22,6.13392
-1.08645,0.406737,0.4,1.26162,-2,0,0,0,3,0,-2,0,-1.81666,0.000893922,-1.64512,0.00357569,-1.48538,0.00804529,-1.33745,0.0143027,-1.20132,0.022348,-1.07699,0.0321812,-0.959383,0.0428306,-0.831503,0.0510533,-0.698821,0.056589,-0.577136,0.0594377,-0.467082,0.0595994,-0.36866,0.0570741,-0.281868,0.0518619,-0.206709,0.0439627,-0.14318,0.0333765,-0.0912832,0.0214959,-0.0510174,0.0120914,-0.0223831,0.00537397,-0.0053801,0.00134349,4.44089e-16,1.04083e-17,-0.5,0,0.22,6.29942
-1.08645,0.406737,0.6,1.37354,-2,0,0,0,3,0,-2,0,-1.80096,0.00105956,-1.61592,0.00423824,-1.44486,0.00953605,-1.28779,0.016953,-1.14472,0.026489,-1.01563,0.0381442,-0.900536,0.0519185,-0.79943,0.0678119,-0.71139,0.08553,-0.617933,0.0991866,-0.511838,0.106481,-0.404443,0.107414,-0.309652,0.101985,-0.227499,0.0901944,-0.157986,0.0720417,-0.101111,0.0478837,-0.0568748,0.0263815,-0.0252777,0.0112411,-0.00631942,0.00246257,0,0,-0.5,0,0.22,6.2805
-1.08645,0.406737,0.8,1.58408,-2,0,0,0,3,0,-2,0,-1.77169,0.00140927,-1.56199,0.00563709,-1.3709,0.0126835,-1.19841,0.0225484,-1.04453,0.0352318,-0.909264,0.0507338,-0.792601,0.0690544,-0.694546,0.0901935,-0.615098,0.114151,-0.554258,0.140927,-0.498732,0.164409,-0.429122,0.175674,-0.345262,0.174646,-0.254246,0.161326,-0.176246,0.135713,-0.112497,0.097808,-0.062998,0.0553168,-0.0277498,0.0245852,-0.00675214,0.00614631,5.55112e-17,2.77556e-17,-0.5,0,0.22,6.52039
-1.08645,0.406737,1,1.92594,-2,0,0,0,3,0,-2,0,-1.72486,0.00208317,-1.47723,0.00833269,-1.2571,0.0187485,-1.06448,0.0333307,-0.899365,0.0520793,-0.761755,0.0749942,-0.65165,0.102075,-0.569051,0.133323,-0.513957,0.168737,-0.486369,0.208258,-0.477173,0.244093,-0.450923,0.262319,-0.404059,0.261863,-0.336583,0.242725,-0.248494,0.204905,-0.157664,0.148402,-0.0873494,0.0840703,-0.0376473,0.0373646,-0.00855789,0.00934115,8.32667e-17,2.77556e-17,-0.5,0,0.22,6.86224
-1.08645,0.406737,1.2,2.37389,-2,0,0,0,3,0,-2,0,-1.66481,0.00316492,-1.37141,0.0126597,-1.1198,0.0284842,-0.909973,0.0506386,-0.741938,0.0791229,-0.615691,0.113937,-0.531233,0.155081,-0.488563,0.202555,-0.487682,0.25023,-0.528589,0.291577,-0.580069,0.32103,-0.594998,0.330188,-0.572899,0.318966,-0.513773,0.287365,-0.41762,0.235384,-0.284724,0.163037,-0.158031,0.0917082,-0.0683644,0.0407592,-0.0157254,0.0101898,-1.66533e-16,-8.32667e-17,-0.5,0,0.22,7.68409
-1.08645,0.406737,1.4,2.9491,-2,0,0,0,3,0,-2,0,-1.58988,0.0048845,-1.24426,0.019538,-0.963124,0.0439605,-0.746485,0.078152,-0.59434,0.122112,-0.506688,0.175842,-0.48353,0.236413,-0.524865,0.289215,-0.630693,0.332249,-0.784824,0.364244,-0.892255,0.377753,-0.937503,0.371563,-0.920567,0.345674,-0.841448,0.300084,-0.700146,0.234796,-0.49666,0.153505,-0.279825,0.0855861,-0.124366,0.0373668,-0.0310916,0.00884708,1.11022e-16,2.77556e-17,-0.5,0,0.22,8.83451
-1.08645,0.406737,1.6,3.16062,-2,0,0,0,3,0,-2,0,-1.56294,0.0056103,-1.19997,0.0224412,-0.911064,0.0504927,-0.696238,0.0897648,-0.555489,0.140257,-0.488817,0.201971,-0.496221,0.264144,-0.577702,0.315102,-0.73326,0.354839,-0.921723,0.383356,-1.04167,0.397125,-1.08952,0.39054,-1.06529,0.36353,-0.968967,0.316094,-0.800565,0.248234,-0.560079,0.163402,-0.312117,0.0919135,-0.136033,0.0408504,-0.032034,0.0102126,-2.22045e-16,-2.77556e-17,-0.5,0,0.22,9.25755
-1.08645,0.406737,1.8,3.16199,-2,0,0,0,3,0,-2,0,-1.56277,0.00561516,-1.19968,0.0224607,-0.910736,0.0505365,-0.69593,0.0898426,-0.555265,0.140379,-0.48874,0.202146,-0.496357,0.264316,-0.578114,0.315259,-0.734012,0.354972,-0.9224,0.383455,-1.0413,0.400707,-1.08661,0.404406,-1.0605,0.385496,-0.963196,0.343063,-0.794686,0.277108,-0.554973,0.188175,-0.30954,0.105849,-0.13519,0.0470438,-0.0320408,0.011761,-1.11022e-16,2.77556e-17,-0.5,0,0.22,9.26029
-1.33087,0.743145,0.2,1.202,-2,0,0,0,3,0,-2,0,-1.82498,0.0012033,-1.66053,0.00481322,-1.50664,0.0108297,-1.35851,0.0184095,-1.20089,0.0248633,-1.04555,0.0299906,-0.900969,0.0337916,-0.767137,0.0362661,-0.644061,0.0374141,-0.531739,0.0372357,-0.430171,0.0357309,-0.339358,0.0328996,-0.2593,0.0287418,-0.189996,0.0232577,-0.131446,0.0165805,-0.0836513,0.0106116,-0.0466109,0.005969,-0.020325,0.00265289,-0.0047936,0.000663222,-2.22045e-16,-3.46945e-18,-0.5,0,0.22,6.13682
-1.33087,0.743145,0.4,1.2691,-2,0,0,0,3,0,-2,0,-1.81552,0.0013414,-1.64283,0.00536559,-1.48191,0.0120726,-1.33276,0.0214623,-1.1954,0.0335349,-1.06981,0.0482903,-0.950388,0.0641085,-0.820631,0.0762352,-0.689591,0.0843623,-0.56991,0.0884898,-0.461627,0.0886177,-0.364742,0.084746,-0.279256,0.0768746,-0.205167,0.0650036,-0.142477,0.0491331,-0.0911855,0.0315086,-0.0512919,0.0176325,-0.0227964,0.00775602,-0.0056991,0.00187914,2.22045e-16,-6.93889e-18,-0.5,0,0.22,6.30866
-1.33087,0.743145,0.6,1.41136,-2,0,0,0,3,0,-2,0,-1.79558,0.00165898,-1.60573,0.00663591,-1.43044,0.0149308,-1.26972,0.0265437,-1.12356,0.0414745,-0.991973,0.0597232,-0.874951,0.08129,-0.772495,0.106175,-0.681345,0.132829,-0.581743,0.151871,-0.473262,0.161722,-0.373568,0.162382,-0.285652,0.15385,-0.209513,0.136128,-0.145152,0.109214,-0.092568,0.0735298,-0.0517617,0.0413605,-0.0227327,0.0183824,-0.00548129,0.00459561,1.11022e-16,0,-0.5,0,0.22,6.32048
-1.33087,0.743145,0.8,1.67189,-2,0,0,0,3,0,-2,0,-1.75944,0.00232799,-1.53932,0.00931195,-1.33963,0.0209519,-1.16039,0.0372478,-1.00159,0.0581997,-0.863231,0.0838076,-0.745311,0.114071,-0.647831,0.148991,-0.570792,0.188567,-0.511227,0.230757,-0.445229,0.259105,-0.367583,0.270021,-0.282496,0.263507,-0.207199,0.239562,-0.14355,0.198185,-0.0915472,0.139378,-0.0511917,0.0784393,-0.0224832,0.0348619,-0.00542169,0.00871548,-5.55112e-17,-8.32667e-17,-0.5,0,0.22,6.60977
-1.33087,0.743145,1,2.06098,-2,0,0,0,3,0,-2,0,-1.70638,0.00353764,-1.44383,0.0141506,-1.21234,0.0318388,-1.01191,0.0566023,-0.842537,0.0884411,-0.704229,0.127355,-0.596982,0.173344,-0.520798,0.226409,-0.475675,0.286549,-0.459552,0.35225,-0.439064,0.399004,-0.402535,0.418235,-0.349965,0.409941,-0.281353,0.374124,-0.199224,0.310783,-0.127297,0.219919,-0.0714113,0.123857,-0.0315669,0.0550475,-0.00776382,0.0137619,2.77556e-17,-5.55112e-17,-0.5,0,0.22,7.05984
-1.33087,0.743145,1.2,2.49546,-2,0,0,0,3,0,-2,0,-1.64845,0.00518644,-1.34244,0.0207458,-1.08197,0.046678,-0.867031,0.082983,-0.697635,0.129661,-0.573778,0.186712,-0.495459,0.254136,-0.462679,0.331932,-0.475437,0.417124,-0.528046,0.492462,-0.563269,0.538445,-0.566287,0.550603,-0.537101,0.528934,-0.475709,0.473439,-0.382113,0.384118,-0.25764,0.261343,-0.144922,0.145289,-0.06441,0.0630602,-0.0161025,0.0146574,-5.55112e-17,1.11022e-16,-0.5,0,0.22,7.92881
-1.33087,0.743145,1.4,3.00814,-2,0,0,0,3,0,-2,0,-1.58187,0.00753637,-1.2299,0.0301455,-0.944111,0.0678273,-0.724492,0.120582,-0.571044,0.188409,-0.483768,0.271309,-0.462663,0.369282,-0.50773,0.467901,-0.618969,0.551455,-0.766606,0.615192,-0.861935,0.644979,-0.899053,0.639875,-0.87796,0.599882,-0.798655,0.524997,-0.66114,0.415223,-0.465413,0.274579,-0.26195,0.153603,-0.116422,0.067518,-0.0291056,0.0163231,-5.55112e-17,-1.66533e-16,-0.5,0,0.22,8.95416
-1.33087,0.743145,1.6,3.52903,-2,0,0,0,3,0,-2,0,-1.51618,0.0103724,-1.12344,0.0414895,-0.821763,0.0933514,-0.611163,0.165958,-0.491635,0.259309,-0.46318,0.373401,-0.525798,0.486885,-0.679489,0.579625,-0.923376,0.65162,-1.15203,0.697159,-1.29363,0.708845,-1.34819,0.686648,-1.31571,0.630568,-1.19618,0.540604,-0.989608,0.416756,-0.695995,0.270422,-0.391694,0.151991,-0.174086,0.0674442,-0.0435215,0.0167806,2.22045e-16,-1.11022e-16,-0.5,0,0.22,9.99595
-1.33087,0.743145,1.8,3.53279,-2,0,0,0,3,0,-2,0,-1.51571,0.0103945,-1.1227,0.041578,-0.820945,0.0935505,-0.61046,0.166312,-0.491242,0.259863,-0.463291,0.374193,-0.526608,0.487654,-0.681191,0.580327,-0.925985,0.65221,-1.15221,0.703304,-1.28895,0.728162,-1.33979,0.715913,-1.30483,0.666257,-1.18406,0.579195,-0.977482,0.454726,-0.685101,0.299254,-0.385245,0.16833,-0.171025,0.0748134,-0.04261,0.0187033,0,5.55112e-17,-0.5,0,0.22,10.0035
-1.33087,0.743145,2,3.53783,-2,0,0,0,3,0,-2,0,-1.51509,0.0104242,-1.12171,0.0416967,-0.819849,0.0938177,-0.60952,0.166787,-0.49072,0.260605,-0.463446,0.375252,-0.5277,0.488683,-0.683482,0.581264,-0.929469,0.652998,-1.15477,0.703883,-1.28855,0.73392,-1.33265,0.73797,-1.29254,0.700817,-1.16858,0.621458,-0.960768,0.499892,-0.66911,0.337647,-0.376064,0.189927,-0.166861,0.0844118,-0.0415066,0.021103,-2.22045e-16,-5.55112e-17,-0.5,0,0.22,10.0136
-1.69098,0.951057,0.2,1.20544,-2,0,0,0,3,0,-2,0,-1.82448,0.00127532,-1.65956,0.00510127,-1.50523,0.0114779,-1.35652,0.019487,-1.19829,0.0262958,-1.04275,0.0317043,-0.898024,0.0357123,-0.764103,0.03832,-0.64099,0.0395273,-0.528685,0.0393341,-0.427187,0.0377406,-0.336498,0.0347467,-0.256616,0.0303523,-0.187542,0.0245576,-0.129276,0.017505,-0.0818182,0.0112032,-0.0451679,0.00630179,-0.0193255,0.00280079,-0.00429086,0.000700199,0,-3.46945e-18,-0.5,0,0.22,6.14042
-1.69098,0.951057,0.4,1.27119,-2,0,0,0,3,0,-2,0,-1.81521,0.00141823,-1.64221,0.00567291,-1.48099,0.0127641,-1.33155,0.0226916,-1.19389,0.0354557,-1.06802,0.0510562,-0.948151,0.0677305,-0.817918,0.0804858,-0.687281,0.0890185,-0.568001,0.0933285,-0.460081,0.0934159,-0.363521,0.0892807,-0.27832,0.0809229,-0.20448,0.0683424,-0.142,0.0515392,-0.0908801,0.0329758,-0.0511201,0.0183991,-0.02272,0.00804506,-0.00568001,0.00191364,0,0,-0.5,0,0.22,6.31116
-1.69098,0.951057,0.6,1.41795,-2,0,0,0,3,0,-2,0,-1.79464,0.00176461,-1.60393,0.00705846,-1.42789,0.0158815,-1.26651,0.0282338,-1.11979,0.0441154,-0.987733,0.0635261,-0.870334,0.0864661,-0.767595,0.112935,-0.675739,0.141024,-0.575151,0.160823,-0.467302,0.170913,-0.369226,0.171294,-0.282689,0.161967,-0.20769,0.142931,-0.144229,0.114186,-0.0923065,0.0763287,-0.0519224,0.042685,-0.0230766,0.01875,-0.00576916,0.00452359,0,0,-0.5,0,0.22,6.32754
-1.69098,0.951057,0.8,1.69323,-2,0,0,0,3,0,-2,0,-1.75647,0.00251627,-1.53384,0.0100651,-1.33212,0.0226465,-1.15131,0.0402604,-0.991395,0.0629069,-0.852391,0.0905859,-0.734292,0.123297,-0.637099,0.161042,-0.560812,0.203818,-0.500585,0.248069,-0.43253,0.276246,-0.353421,0.28598,-0.270838,0.27727,-0.198983,0.250117,-0.138183,0.20452,-0.088437,0.140502,-0.0497458,0.0777328,-0.0221093,0.0334071,-0.00552731,0.00752486,5.55112e-17,-5.55112e-17,-0.5,0,0.22,6.63144
-1.69098,0.951057,1,2.08489,-2,0,0,0,3,0,-2,0,-1.70311,0.00381498,-1.43792,0.0152599,-1.20443,0.0343348,-1.00263,0.0610397,-0.832523,0.0953745,-0.694114,0.137339,-0.5874,0.186934,-0.512381,0.244159,-0.469058,0.309013,-0.453529,0.378482,-0.430902,0.425592,-0.392907,0.443951,-0.339544,0.433559,-0.270813,0.394415,-0.190504,0.32652,-0.121668,0.229873,-0.0681998,0.129381,-0.0300997,0.0575027,-0.00736755,0.0143757,-1.38778e-16,-2.77556e-17,-0.5,0,0.22,7.10799
-1.69098,0.951057,1.2,2.58015,-2,0,0,0,3,0,-2,0,-1.63725,0.0058427,-1.32304,0.0233708,-1.05737,0.0525843,-0.840248,0.0934832,-0.671665,0.146067,-0.551624,0.210337,-0.480125,0.286292,-0.457167,0.373933,-0.482752,0.473259,-0.53756,0.566337,-0.56526,0.62132,-0.562242,0.636943,-0.528506,0.613204,-0.464053,0.550104,-0.368882,0.447643,-0.245741,0.306071,-0.13823,0.170527,-0.0614354,0.0743447,-0.0153588,0.0175231,5.55112e-17,-1.11022e-16,-0.5,0,0.22,8.0985
-1.69098,0.951057,1.4,3.07526,-2,0,0,0,3,0,-2,0,-1.57319,0.00830022,-1.21534,0.0332009,-0.926449,0.074702,-0.706517,0.132803,-0.555545,0.207505,-0.473532,0.298808,-0.460478,0.406711,-0.516384,0.528131,-0.641249,0.638328,-0.784627,0.721648,-0.871727,0.762857,-0.901856,0.761813,-0.875014,0.718517,-0.791201,0.632968,-0.650418,0.505166,-0.452663,0.33802,-0.254044,0.190136,-0.112394,0.0845051,-0.027714,0.0211263,1.11022e-16,1.66533e-16,-0.5,0,0.22,9.08873
-1.69098,0.951057,1.6,3.6687,-2,0,0,0,3,0,-2,0,-1.49877,0.0118127,-1.09567,0.0472507,-0.790723,0.106314,-0.583913,0.189003,-0.475245,0.295317,-0.464718,0.425256,-0.552333,0.568677,-0.738089,0.691281,-1.01468,0.789539,-1.24914,0.850357,-1.39197,0.868858,-1.44314,0.84504,-1.40267,0.778905,-1.27055,0.670452,-1.04679,0.519681,-0.731376,0.338543,-0.411112,0.19043,-0.182429,0.0846357,-0.0453916,0.0211589,-2.22045e-16,2.77556e-16,-0.5,0,0.22,10.2756
-1.69098,0.951057,1.8,3.92548,-2,0,0,0,3,0,-2,0,-1.46736,0.0135242,-1.04708,0.0540967,-0.739157,0.121718,-0.543597,0.216387,-0.460398,0.338104,-0.48956,0.486736,-0.631082,0.631699,-0.884965,0.749614,-1.22888,0.84048,-1.49678,0.898619,-1.65755,0.913427,-1.71129,0.884665,-1.65798,0.812332,-1.49763,0.696428,-1.23023,0.536953,-0.855797,0.348567,-0.481284,0.196069,-0.213813,0.0871418,-0.0533854,0.0217855,-1.11022e-16,0,-0.5,0,0.22,10.7892
-1.69098,0.951057,2,3.92869,-2,0,0,0,3,0,-2,0,-1.46697,0.0135463,-1.04648,0.0541853,-0.738539,0.121917,-0.543141,0.216741,-0.460289,0.338658,-0.48998,0.487514,-0.632217,0.632452,-0.886998,0.750297,-1.23125,0.841049,-1.49666,0.904709,-1.65188,0.93442,-1.70144,0.91691,-1.64546,0.85184,-1.48394,0.739212,-1.21688,0.579024,-0.844311,0.380262,-0.474925,0.213858,-0.211078,0.0950126,-0.0527694,0.0237268,-3.33067e-16,-4.44089e-16,-0.5,0,0.22,10.7956
-1.69098,0.951057,2.2,3.93355,-2,0,0,0,3,0,-2,0,-1.46638,0.0135798,-1.04558,0.0543193,-0.737607,0.122218,-0.542455,0.217277,-0.460126,0.339496,-0.490621,0.488689,-0.633938,0.633588,-0.890079,0.751327,-1.23482,0.841906,-1.49924,0.905326,-1.65083,0.941587,-1.69275,0.942185,-1.63117,0.890416,-1.46625,0.785837,-1.19801,0.628447,-0.826665,0.421359,-0.464999,0.236804,-0.206666,0.105059,-0.0516665,0.0261244,0,-1.11022e-16,-0.5,0,0.22,10.8053
-2.10453,0.994522,0.2,1.19842,-2,0,0,0,3,0,-2,0,-1.8255,0.00113162,-1.66154,0.00452648,-1.5081,0.0101846,-1.36054,0.0173348,-1.20358,0.0234326,-1.04845,0.0282775,-0.904022,0.0318694,-0.770291,0.0342084,-0.647258,0.0352945,-0.534924,0.0351276,-0.433289,0.0337078,-0.342351,0.0310351,-0.262113,0.0271094,-0.192573,0.0219308,-0.133731,0.015627,-0.0855879,0.00999573,-0.0481432,0.0056174,-0.021397,0.002492,-0.00534924,0.00061954,8.88178e-16,-6.93889e-18,-0.5,0,0.22,6.13309
-2.10453,0.994522,0.4,1.26714,-2,0,0,0,3,0,-2,0,-1.81582,0.00126511,-1.64341,0.00506045,-1.48277,0.011386,-1.33391,0.0202418,-1.19682,0.0316278,-1.0715,0.0455441,-0.952486,0.060504,-0.823178,0.0719962,-0.691787,0.0797111,-0.571724,0.0836485,-0.463097,0.0838084,-0.365904,0.0801909,-0.280145,0.0727959,-0.205821,0.0616236,-0.142931,0.0466737,-0.0914759,0.0299943,-0.0514552,0.0168297,-0.022869,0.00744248,-0.00571724,0.00183273,-3.33067e-16,1.38778e-17,-0.5,0,0.22,6.30634
-2.10453,0.994522,0.6,1.40372,-2,0,0,0,3,0,-2,0,-1.79667,0.00155255,-1.60778,0.0062102,-1.43334,0.0139729,-1.27335,0.0248408,-1.12781,0.0388137,-0.99672,0.0558918,-0.880076,0.0760749,-0.77788,0.0993632,-0.687453,0.124544,-0.589117,0.142713,-0.480737,0.15208,-0.379842,0.152643,-0.290816,0.144402,-0.213661,0.127358,-0.148376,0.10151,-0.0949604,0.0674577,-0.0534152,0.0373961,-0.0237401,0.016138,-0.00593503,0.00368326,0,-2.77556e-17,-0.5,0,0.22,6.31248
-2.10453,0.994522,0.8,1.65385,-2,0,0,0,3,0,-2,0,-1.76195,0.00215513,-1.54396,0.00862051,-1.34602,0.0193961,-1.16814,0.034482,-1.01032,0.0538782,-0.872548,0.0775846,-0.754836,0.105601,-0.65718,0.137928,-0.57958,0.174565,-0.520336,0.214403,-0.45637,0.242376,-0.380386,0.253723,-0.294419,0.248445,-0.216308,0.22654,-0.150214,0.18801,-0.0961369,0.132854,-0.054077,0.0748056,-0.0240342,0.0332446,-0.00600856,0.0083094,0,-5.55112e-17,-0.5,0,0.22,6.59143
-2.10453,0.994522,1,2.03816,-2,0,0,0,3,0,-2,0,-1.70951,0.00327308,-1.44947,0.0130923,-1.2199,0.0294577,-1.02079,0.0523693,-0.852134,0.0818271,-0.713942,0.117831,-0.606209,0.160381,-0.528937,0.209477,-0.482124,0.26512,-0.464946,0.326732,-0.446667,0.37288,-0.41172,0.392705,-0.360104,0.386209,-0.291821,0.35339,-0.208352,0.29425,-0.133345,0.208788,-0.0750068,0.117392,-0.0333364,0.0519402,-0.00833409,0.0128103,0,-5.55112e-17,-0.5,0,0.22,7.01389
-2.10453,0.994522,1.2,2.54843,-2,0,0,0,3,0,-2,0,-1.64155,0.00511715,-1.33071,0.0204686,-1.0675,0.0460544,-0.851912,0.0818744,-0.683944,0.127929,-0.563598,0.184217,-0.490873,0.25074,-0.465769,0.327498,-0.488287,0.414489,-0.544914,0.503756,-0.576444,0.560427,-0.575934,0.58041,-0.543382,0.563707,-0.47879,0.510317,-0.382157,0.42024,-0.255658,0.293476,-0.143682,0.165091,-0.0637471,0.0733737,-0.0158533,0.0183434,1.11022e-16,-5.55112e-17,-0.5,0,0.22,8.03444
-2.10453,0.994522,1.4,3.09483,-2,0,0,0,3,0,-2,0,-1.57089,0.00754665,-1.21201,0.0301866,-0.923368,0.0679199,-0.704953,0.120746,-0.556769,0.188666,-0.478816,0.271679,-0.471094,0.369786,-0.533603,0.482575,-0.666343,0.597791,-0.811146,0.687271,-0.898134,0.734346,-0.927161,0.738983,-0.89823,0.701183,-0.811338,0.620946,-0.666487,0.498273,-0.463677,0.335009,-0.260818,0.187605,-0.115919,0.0826379,-0.0289798,0.0201079,-1.11022e-16,1.11022e-16,-0.5,0,0.22,9.12723
-2.10453,0.994522,1.6,3.70584,-2,0,0,0,3,0,-2,0,-1.49447,0.0108207,-1.08965,0.0432827,-0.785523,0.0973862,-0.582097,0.173131,-0.479372,0.270517,-0.477347,0.389545,-0.576021,0.527358,-0.775396,0.658668,-1.06254,0.766962,-1.29545,0.836191,-1.43497,0.861953,-1.48111,0.84425,-1.43388,0.783082,-1.29326,0.678447,-1.05927,0.530347,-0.73195,0.347726,-0.408914,0.195596,-0.179256,0.0869315,-0.0429772,0.0217329,2.22045e-16,3.33067e-16,-0.5,0,0.22,10.3493
-2.10453,0.994522,1.8,4.26923,-2,0,0,0,3,0,-2,0,-1.42644,0.0143608,-0.986524,0.0574434,-0.680254,0.129248,-0.50763,0.229774,-0.468652,0.359021,-0.56332,0.515028,-0.791633,0.666363,-1.15359,0.789299,-1.58311,0.88117,-1.89409,0.931124,-2.0754,0.937801,-2.12705,0.9012,-2.04903,0.821321,-1.84135,0.698166,-1.504,0.531733,-1.03733,0.342285,-0.583496,0.1918,-0.259331,0.0845933,-0.0648328,0.0206636,4.44089e-16,1.11022e-16,-0.5,0,0.22,11.476
-2.10453,0.994522,2,4.27334,-2,0,0,0,3,0,-2,0,-1.42595,0.0143885,-0.985805,0.0575542,-0.679562,0.129497,-0.507223,0.230217,-0.468788,0.359714,-0.564256,0.515963,-0.793628,0.667289,-1.1569,0.790136,-1.5857,0.884206,-1.89252,0.945947,-2.07005,0.962674,-2.11864,0.933261,-2.03827,0.857707,-1.82894,0.736013,-1.49066,0.568177,-1.02404,0.369126,-0.574602,0.207633,-0.254118,0.0922814,-0.0625886,0.0230704,2.22045e-16,0,-0.5,0,0.22,11.4843
-2.10453,0.994522,2.2,4.2732,-2,0,0,0,3,0,-2,0,-1.42597,0.0143876,-0.98583,0.0575503,-0.679586,0.129488,-0.507237,0.230201,-0.468783,0.35969,-0.564224,0.515931,-0.793559,0.667257,-1.15679,0.790107,-1.58559,0.884182,-1.89142,0.949482,-2.06495,0.98074,-2.11073,0.962865,-2.02903,0.894918,-1.81987,0.7769,-1.48323,0.608811,-1.01976,0.399915,-0.573616,0.224829,-0.25494,0.0998148,-0.0637351,0.0248719,2.22045e-16,-2.22045e-16,-0.5,0,0.22,11.484
-2.10453,0.994522,2.4,4.28006,-2,0,0,0,3,0,-2,0,-1.42515,0.0144338,-0.984632,0.0577353,-0.678435,0.129904,-0.506563,0.230941,-0.469016,0.360846,-0.565794,0.51749,-0.796897,0.668797,-1.16233,0.791498,-1.59096,0.885331,-1.89524,0.950296,-2.0652,0.986393,-2.10341,0.985596,-2.01549,0.930495,-1.80162,0.820489,-1.4618,0.655577,-0.997544,0.439241,-0.559248,0.247073,-0.246896,0.10981,-0.0604884,0.0274526,4.44089e-16,-1.11022e-16,-0.5,0,0.22,11.4977
-2.5,0.866025,0.2,1.19762,-2,0,0,0,3,0,-2,0,-1.82566,0.000887006,-1.66193,0.00354802,-1.50881,0.00798306,-1.36166,0.0135903,-1.20507,0.0183685,-1.04975,0.022158,-0.905141,0.0249588,-0.771244,0.0267709,-0.648059,0.0275943,-0.535586,0.0274291,-0.433825,0.0262751,-0.342775,0.0241325,-0.262437,0.0210012,-0.192811,0.0168812,-0.133897,0.0119144,-0.0856938,0.00755497,-0.0482028,0.00418421,-0.0214234,0.00180214,-0.00535586,0.00040876,4.44089e-16,0,-0.5,0,0.22,6.13179
-2.5,0.866025,0.4,1.26106,-2,0,0,0,3,0,-2,0,-1.81672,0.00098347,-1.64521,0.00393388,-1.48546,0.00885123,-1.33747,0.0157355,-1.20125,0.0245867,-1.07679,0.0354049,-0.959077,0.0471275,-0.83119,0.0561728,-0.698877,0.0622492,-0.577584,0.0653566,-0.467843,0.065495,-0.369654,0.0626643,-0.283016,0.0568647,-0.20793,0.0480962,-0.144396,0.0363586,-0.0924135,0.0233029,-0.0519826,0.0130242,-0.0231034,0.00571455,-0.00577584,0.00137385,-2.22045e-16,0,-0.5,0,0.22,6.29918
-2.5,0.866025,0.6,1.38007,-2,0,0,0,3,0,-2,0,-1.80003,0.00117785,-1.61416,0.00471141,-1.44237,0.0106007,-1.28467,0.0188456,-1.14106,0.0294463,-1.01154,0.0424027,-0.896102,0.0577147,-0.794758,0.0753825,-0.706267,0.0949766,-0.611691,0.109917,-0.504619,0.117969,-0.398493,0.119133,-0.304882,0.11341,-0.223785,0.100799,-0.155202,0.0813001,-0.099134,0.0551021,-0.0555797,0.0309949,-0.0245397,0.0137755,-0.00601396,0.00344388,1.11022e-16,-6.93889e-18,-0.5,0,0.22,6.2874
-2.5,0.866025,0.8,1.60129,-2,0,0,0,3,0,-2,0,-1.76929,0.00158572,-1.55755,0.00634286,-1.36477,0.0142714,-1.19097,0.0253714,-1.03613,0.0396429,-0.900258,0.0570858,-0.783354,0.0777001,-0.685418,0.101486,-0.60645,0.128443,-0.546448,0.158571,-0.48887,0.183351,-0.417693,0.194533,-0.332919,0.192117,-0.24477,0.176102,-0.169979,0.146489,-0.108787,0.103278,-0.0611924,0.0572045,-0.0271966,0.0245604,-0.00679916,0.00551464,5.55112e-17,0,-0.5,0,0.22,6.53787
-2.5,0.866025,1,1.96028,-2,0,0,0,3,0,-2,0,-1.72017,0.00237641,-1.46877,0.00950565,-1.24579,0.0213877,-1.05124,0.0380226,-0.885111,0.0594103,-0.74741,0.0855508,-0.638135,0.116444,-0.557285,0.15209,-0.50486,0.192489,-0.480862,0.237641,-0.470099,0.279246,-0.440964,0.300033,-0.392473,0.299466,-0.324629,0.277544,-0.237443,0.234268,-0.15125,0.169638,-0.0844107,0.0960945,-0.0369264,0.0427087,-0.00879648,0.0106772,-2.77556e-17,0,-0.5,0,0.22,6.89686
-2.5,0.866025,1.2,2.46361,-2,0,0,0,3,0,-2,0,-1.65291,0.00375346,-1.35071,0.0150138,-1.09341,0.0337811,-0.881009,0.0600553,-0.713505,0.0938364,-0.590897,0.135124,-0.513187,0.183919,-0.480373,0.240221,-0.492457,0.30403,-0.546787,0.374111,-0.588351,0.424859,-0.595265,0.446087,-0.567529,0.437793,-0.505143,0.399979,-0.408107,0.332645,-0.277202,0.235789,-0.155926,0.132826,-0.0693005,0.0590301,-0.0173251,0.0147547,1.11022e-16,0,-0.5,0,0.22,7.86381
-2.5,0.866025,1.4,3.0526,-2,0,0,0,3,0,-2,0,-1.57658,0.0057627,-1.22208,0.0230508,-0.936519,0.0518643,-0.719887,0.0922033,-0.572186,0.144068,-0.493415,0.207457,-0.483576,0.282372,-0.542667,0.368722,-0.67069,0.459476,-0.82337,0.538182,-0.917594,0.58222,-0.951436,0.591067,-0.924897,0.564723,-0.837977,0.503188,-0.690676,0.406461,-0.482994,0.2753,-0.271715,0.153697,-0.120762,0.0672849,-0.0301906,0.0160643,5.55112e-17,0,-0.5,0,0.22,9.04178
-2.5,0.866025,1.6,3.69961,-2,0,0,0,3,0,-2,0,-1.49568,0.00846443,-1.09261,0.0338577,-0.790791,0.0761799,-0.590217,0.135431,-0.490891,0.211611,-0.492812,0.30472,-0.595981,0.412617,-0.800398,0.522472,-1.09398,0.620594,-1.33353,0.685531,-1.47754,0.712937,-1.52599,0.702811,-1.47891,0.655154,-1.33627,0.569966,-1.09809,0.447246,-0.764369,0.293253,-0.429958,0.163653,-0.191093,0.0715843,-0.0477731,0.0170471,1.11022e-16,2.22045e-16,-0.5,0,0.22,10.3358
-2.5,0.866025,1.8,4.39439,-2,0,0,0,3,0,-2,0,-1.41226,0.0119422,-0.967376,0.0477688,-0.665335,0.10748,-0.506142,0.191075,-0.489795,0.298555,-0.616295,0.426564,-0.885643,0.555564,-1.29784,0.665402,-1.76063,0.746965,-2.08872,0.791435,-2.27687,0.798564,-2.32508,0.768351,-2.23337,0.700796,-2.00172,0.595899,-1.63014,0.453661,-1.11947,0.291323,-0.629701,0.162491,-0.279867,0.0710013,-0.0699667,0.0168531,0,5.55112e-17,-0.5,0,0.22,11.7254
-2.5,0.866025,2,4.54443,-2,0,0,0,3,0,-2,0,-1.39472,0.0127716,-0.942207,0.0510864,-0.642463,0.114944,-0.495487,0.204346,-0.501279,0.31929,-0.659839,0.453327,-0.971167,0.583987,-1.43526,0.69125,-1.9282,0.772715,-2.27174,0.819808,-2.46526,0.828346,-2.50877,0.798327,-2.40227,0.729752,-2.14575,0.622621,-1.73922,0.476934,-1.18476,0.308449,-0.663565,0.173502,-0.29238,0.0771122,-0.0712082,0.019278,-4.44089e-16,-2.22045e-16,-0.5,0,0.22,12.0254
-2.5,0.866025,2.2,4.54016,-2,0,0,0,3,0,-2,0,-1.39522,0.0127476,-0.942915,0.0509903,-0.643094,0.114728,-0.495754,0.203961,-0.500894,0.31869,-0.658515,0.452565,-0.968618,0.583196,-1.4312,0.690539,-1.9246,0.772386,-2.26742,0.827987,-2.46042,0.846117,-2.50441,0.823013,-2.39941,0.758676,-2.14541,0.653106,-1.74241,0.506303,-1.19198,0.329857,-0.670489,0.185543,-0.297995,0.0824621,-0.0744987,0.0206145,-4.44089e-16,0,-0.5,0,0.22,12.0169
-2.5,0.866025,2.4,4.54247,-2,0,0,0,3,0,-2,0,-1.39495,0.0127606,-0.942533,0.0510422,-0.642753,0.114845,-0.495609,0.204169,-0.501102,0.319014,-0.65923,0.452977,-0.969994,0.583624,-1.43339,0.690923,-1.92652,0.772702,-2.26861,0.828959,-2.45849,0.857876,-2.49956,0.844988,-2.39253,0.787177,-2.13741,0.684443,-1.7342,0.536786,-1.18473,0.351918,-0.66641,0.196564,-0.296182,0.0861327,-0.0740456,0.0206244,0,1.11022e-16,-0.5,0,0.22,12.0215
-2.5,0.866025,2.6,4.54885,-2,0,0,0,3,0,-2,0,-1.39421,0.0127964,-0.941476,0.0511858,-0.641812,0.115168,-0.495214,0.204743,-0.50168,0.319911,-0.661212,0.454115,-0.973809,0.584803,-1.43947,0.691984,-1.9318,0.773572,-2.27233,0.829567,-2.4598,0.85997,-2.49512,0.861048,-2.38256,0.815595,-2.12264,0.721461,-1.71536,0.578647,-1.16382,0.389442,-0.651839,0.219061,-0.287218,0.0973606,-0.0699544,0.0243402,-4.44089e-16,0,-0.5,0,0.22,12.0343
-2.80902,0.587785,0.2,1.19683,-2,0,0,0,3,0,-2,0,-1.82582,0.000559287,-1.66232,0.00223715,-1.50951,0.00503358,-1.36275,0.00857115,-1.20653,0.011585,-1.05102,0.0139729,-0.906237,0.015735,-0.772179,0.0168712,-0.648844,0.0173816,-0.536235,0.0172661,-0.43435,0.0165247,-0.34319,0.0151575,-0.262755,0.0131644,-0.193045,0.0105454,-0.134059,0.00740574,-0.0857976,0.004674,-0.0482612,0.00256814,-0.0214494,0.00108813,-0.00536235,0.000233997,2.22045e-16,1.73472e-18,-0.5,0,0.22,6.1305
-2.80902,0.587785,0.4,1.25526,-2,0,0,0,3,0,-2,0,-1.81759,0.000615231,-1.64693,0.00246092,-1.48802,0.00553708,-1.34087,0.00984369,-1.20547,0.0153808,-1.08183,0.0221483,-0.965335,0.0295358,-0.838805,0.0352624,-0.705882,0.0391117,-0.583374,0.0410837,-0.472533,0.0411783,-0.373359,0.0393957,-0.285853,0.0357357,-0.210014,0.0301985,-0.145843,0.0227839,-0.0933398,0.0145631,-0.0525036,0.00810722,-0.0233349,0.00352867,-0.00583374,0.000827431,8.88178e-16,3.46945e-18,-0.5,0,0.22,6.29241
-2.80902,0.587785,0.6,1.36336,-2,0,0,0,3,0,-2,0,-1.80243,0.000725761,-1.61872,0.00290305,-1.44888,0.00653185,-1.2929,0.0116122,-1.15079,0.018144,-1.02254,0.0261274,-0.90816,0.0355623,-0.807643,0.0464487,-0.720458,0.0586723,-0.628747,0.068395,-0.523799,0.0737447,-0.413319,0.0747216,-0.315332,0.0713255,-0.230583,0.0635565,-0.15907,0.0514146,-0.100795,0.0349834,-0.0557562,0.0196782,-0.0239547,0.00874585,-0.00539033,0.00218646,1.11022e-16,0,-0.5,0,0.22,6.26929
-2.80902,0.587785,0.8,1.54518,-2,0,0,0,3,0,-2,0,-1.77713,0.000932243,-1.57207,0.00372897,-1.38481,0.00839019,-1.21537,0.0149159,-1.06374,0.0233061,-0.92991,0.0335608,-0.813895,0.0456799,-0.71569,0.0596636,-0.635294,0.0755117,-0.572707,0.0932243,-0.52098,0.110576,-0.455774,0.119775,-0.374987,0.120147,-0.280449,0.111693,-0.194756,0.0944129,-0.124644,0.0683065,-0.0701122,0.0383935,-0.031161,0.0167732,-0.00779024,0.00397907,-1.11022e-16,1.38778e-17,-0.5,0,0.22,6.48081
-2.80902,0.587785,1,1.87653,-2,0,0,0,3,0,-2,0,-1.73165,0.00137493,-1.48958,0.00549974,-1.27376,0.0123744,-1.08422,0.0219989,-0.920937,0.0343733,-0.783925,0.0494976,-0.673178,0.0673718,-0.588699,0.0879958,-0.530486,0.11137,-0.49854,0.137493,-0.490019,0.16538,-0.469701,0.182791,-0.427071,0.186072,-0.362128,0.175225,-0.274872,0.150247,-0.17672,0.111141,-0.0990721,0.0635821,-0.0437369,0.0282587,-0.0107143,0.00706468,2.77556e-17,0,-0.5,0,0.22,6.81216
-2.80902,0.587785,1.2,2.37439,-2,0,0,0,3,0,-2,0,-1.66487,0.00220128,-1.37179,0.00880512,-1.12076,0.0198115,-0.911792,0.0352205,-0.744872,0.055032,-0.620006,0.0792461,-0.537193,0.107863,-0.496432,0.140882,-0.497725,0.178304,-0.541071,0.220128,-0.594752,0.256946,-0.611246,0.274658,-0.590089,0.273129,-0.531281,0.252357,-0.434823,0.212343,-0.300754,0.153087,-0.169089,0.0865901,-0.0750754,0.0384845,-0.0187124,0.00962112,0,-2.77556e-17,-0.5,0,0.22,7.6844
-2.80902,0.587785,1.4,2.98836,-2,0,0,0,3,0,-2,0,-1.58505,0.00348688,-1.23672,0.0139475,-0.954998,0.0313819,-0.73989,0.0557901,-0.591395,0.0871721,-0.509513,0.125528,-0.494244,0.170857,-0.545589,0.22316,-0.663546,0.279248,-0.822358,0.330859,-0.926969,0.361449,-0.968518,0.369475,-0.947006,0.354937,-0.862431,0.317835,-0.714795,0.258169,-0.504097,0.176149,-0.283778,0.0982729,-0.126124,0.0429603,-0.0315309,0.0102115,1.11022e-16,0,-0.5,0,0.22,8.91234
-2.80902,0.587785,1.6,3.68198,-2,0,0,0,3,0,-2,0,-1.49826,0.00529341,-1.09765,0.0211737,-0.798169,0.0476407,-0.599809,0.0846946,-0.502573,0.132335,-0.506462,0.190563,-0.611476,0.258199,-0.817615,0.327313,-1.11534,0.394439,-1.36219,0.441348,-1.51047,0.463248,-1.56021,0.46014,-1.51139,0.432024,-1.36401,0.3789,-1.11808,0.300768,-0.773629,0.200065,-0.432408,0.112536,-0.189741,0.0500162,-0.0456287,0.012504,-7.77156e-16,1.11022e-16,-0.5,0,0.22,10.2996
-2.80902,0.587785,1.8,4.39937,-2,0,0,0,3,0,-2,0,-1.41228,0.00755708,-0.968927,0.0302283,-0.669945,0.0680137,-0.515333,0.120913,-0.505091,0.188927,-0.639218,0.269882,-0.917714,0.352461,-1.34058,0.429159,-1.81192,0.487464,-2.14513,0.520682,-2.33539,0.528646,-2.38271,0.511354,-2.28709,0.468806,-2.04851,0.401004,-1.667,0.307946,-1.14356,0.198959,-0.643251,0.111339,-0.28589,0.0489749,-0.0714724,0.0118657,4.44089e-16,1.11022e-16,-0.5,0,0.22,11.7344
-2.80902,0.587785,2,4.73059,-2,0,0,0,3,0,-2,0,-1.37387,0.00873783,-0.914675,0.0349513,-0.622402,0.0786405,-0.497057,0.139805,-0.538637,0.218446,-0.747145,0.307185,-1.12258,0.394717,-1.66485,0.468125,-2.19959,0.522847,-2.56836,0.552772,-2.77125,0.557051,-2.80828,0.535685,-2.67944,0.488674,-2.38473,0.416017,-1.92416,0.317715,-1.30182,0.205163,-0.727593,0.115404,-0.319234,0.0512906,-0.0767431,0.0128227,2.22045e-16,0,-0.5,0,0.22,12.3968
-2.80902,0.587785,2.2,4.73143,-2,0,0,0,3,0,-2,0,-1.37378,0.00874092,-0.914542,0.0349637,-0.622292,0.0786682,-0.497027,0.139855,-0.538748,0.218523,-0.747454,0.307279,-1.12315,0.394818,-1.66572,0.468216,-2.20015,0.524133,-2.56791,0.560188,-2.76994,0.569498,-2.80627,0.551627,-2.67693,0.506576,-2.3819,0.434344,-1.92119,0.334932,-1.29905,0.217443,-0.725796,0.122312,-0.318225,0.0543609,-0.076337,0.0135902,1.11022e-15,-1.11022e-16,-0.5,0,0.22,12.3985
-2.80902,0.587785,2.4,4.72699,-2,0,0,0,3,0,-2,0,-1.37429,0.00872453,-0.915247,0.0348981,-0.62288,0.0785208,-0.497185,0.139592,-0.538162,0.218113,-0.745812,0.306779,-1.12013,0.394279,-1.66108,0.467731,-2.19634,0.523734,-2.56492,0.562288,-2.76743,0.579208,-2.80488,0.56711,-2.67731,0.525856,-2.3847,0.455445,-1.92708,0.355878,-1.30793,0.233254,-0.733414,0.131206,-0.323925,0.0583136,-0.0794631,0.0145784,-4.44089e-16,1.11022e-16,-0.5,0,0.22,12.3896
-2.80902,0.587785,2.6,4.72481,-2,0,0,0,3,0,-2,0,-1.37454,0.00871648,-0.915594,0.0348659,-0.623169,0.0784483,-0.497263,0.139464,-0.537876,0.217912,-0.745007,0.306534,-1.11866,0.394013,-1.6588,0.467492,-2.19446,0.523537,-2.56361,0.56215,-2.76623,0.58333,-2.80338,0.580047,-2.67613,0.545108,-2.38446,0.478515,-1.92838,0.380265,-1.31113,0.253244,-0.736734,0.14245,-0.326748,0.0633111,-0.0811711,0.0158278,0,5.55112e-17,-0.5,0,0.22,12.3853
-2.97815,0.207912,0.2,1.19637,-2,0,0,0,3,0,-2,0,-1.82591,0.000181102,-1.66255,0.000724409,-1.50991,0.00162992,-1.36338,0.00276988,-1.20739,0.00371428,-1.05177,0.00442816,-0.906881,0.00491153,-0.772727,0.00516437,-0.649306,0.00518669,-0.536616,0.00497849,-0.434659,0.00453977,-0.343434,0.00387053,-0.262942,0.00297077,-0.193182,0.00193825,-0.134154,0.0011082,-0.0858586,0.000508668,-0.0482955,0.000139659,-0.0214646,1.17036e-06,-0.00536616,0,-4.44089e-16,0,-0.5,0,0.22,6.12976
-2.97815,0.207912,0.4,1.25184,-2,0,0,0,3,0,-2,0,-1.8181,0.000198285,-1.64794,0.000793142,-1.48953,0.00178457,-1.34287,0.00317257,-1.20795,0.00495714,-1.08478,0.00713828,-0.968997,0.00952857,-0.843267,0.0113831,-0.710109,0.012625,-0.586867,0.0132541,-0.475362,0.0132705,-0.375595,0.0126741,-0.287565,0.0114651,-0.211272,0.0096433,-0.146717,0.00720881,-0.0938987,0.00456102,-0.052818,0.00250322,-0.0234747,0.00105813,-0.00586867,0.000225776,1.11022e-16,0,-0.5,0,0.22,6.28846
-2.97815,0.207912,0.6,1.35025,-2,0,0,0,3,0,-2,0,-1.8043,0.000230684,-1.62226,0.000922736,-1.45389,0.00207616,-1.29918,0.00369094,-1.15814,0.0057671,-1.03077,0.00830463,-0.917057,0.0113035,-0.817015,0.0147638,-0.730465,0.0186734,-0.641048,0.0219014,-0.538032,0.0237056,-0.425991,0.024086,-0.32515,0.0230428,-0.237909,0.0205758,-0.164267,0.016685,-0.104225,0.0113899,-0.0577817,0.0064068,-0.0249381,0.00284746,-0.00569384,0.000711866,5.55112e-17,0,-0.5,0,0.22,6.25535
-2.97815,0.207912,0.8,1.51299,-2,0,0,0,3,0,-2,0,-1.78163,0.000289644,-1.58042,0.00115858,-1.39637,0.0026068,-1.22948,0.00463431,-1.07974,0.00724111,-0.947166,0.0104272,-0.831749,0.0141926,-0.733491,0.0185372,-0.652392,0.0234612,-0.588452,0.0289644,-0.538595,0.0347297,-0.477456,0.0381408,-0.399401,0.0386168,-0.304485,0.0361577,-0.211448,0.0307633,-0.135327,0.0224338,-0.0761213,0.0126188,-0.0338317,0.00547957,-0.00845792,0.00127556,0,0,-0.5,0,0.22,6.44806
-2.97815,0.207912,1,1.82701,-2,0,0,0,3,0,-2,0,-1.73846,0.00042235,-1.50194,0.0016894,-1.29044,0.00380115,-1.10396,0.0067576,-0.942499,0.0105588,-0.80606,0.0152046,-0.694642,0.0206952,-0.608244,0.0270304,-0.546867,0.0342104,-0.51051,0.042235,-0.499103,0.0510965,-0.485349,0.0577251,-0.447012,0.0596205,-0.384091,0.0567825,-0.296587,0.0492113,-0.192031,0.0369068,-0.107155,0.0212998,-0.0468628,0.00946656,-0.0111536,0.00236664,0,-6.93889e-18,-0.5,0,0.22,6.76207
-2.97815,0.207912,1.2,2.31628,-2,0,0,0,3,0,-2,0,-1.67267,0.000678848,-1.38555,0.00271539,-1.13865,0.00610963,-0.931959,0.0108616,-0.765488,0.0169712,-0.639232,0.0244385,-0.553192,0.0332635,-0.507368,0.0434462,-0.501759,0.0549867,-0.536366,0.0678848,-0.594891,0.0805606,-0.61891,0.0873505,-0.603202,0.0877481,-0.547766,0.0817536,-0.452603,0.0693668,-0.317712,0.0505878,-0.178774,0.0287288,-0.0794551,0.0127603,-0.0198638,0.00318407,-1.11022e-16,0,-0.5,0,0.22,7.56762
-2.97815,0.207912,1.4,2.94795,-2,0,0,0,3,0,-2,0,-1.59038,0.00109959,-1.2459,0.00439836,-0.966557,0.00989631,-0.752358,0.0175934,-0.6033,0.0274898,-0.519382,0.0395852,-0.500606,0.0538799,-0.54697,0.0703738,-0.658475,0.0882795,-0.818762,0.105281,-0.930407,0.115817,-0.977294,0.118969,-0.959422,0.114739,-0.876792,0.103125,-0.729403,0.0841295,-0.517255,0.057776,-0.291413,0.0322596,-0.129517,0.014126,-0.0323792,0.00337517,0,0,-0.5,0,0.22,8.83096
-2.97815,0.207912,1.6,3.65417,-2,0,0,0,3,0,-2,0,-1.50192,0.00168954,-1.10393,0.00675818,-0.806029,0.0152059,-0.608219,0.0270327,-0.510499,0.0422386,-0.51287,0.0608236,-0.615331,0.0824868,-0.817883,0.104714,-1.11463,0.126697,-1.36886,0.142769,-1.52329,0.150555,-1.57792,0.150054,-1.53274,0.141267,-1.38775,0.124194,-1.14297,0.0988347,-0.798376,0.0658696,-0.449118,0.0369731,-0.199608,0.0163627,-0.049902,0.00403858,1.11022e-16,0,-0.5,0,0.22,10.2434
-2.97815,0.207912,1.8,4.3972,-2,0,0,0,3,0,-2,0,-1.41289,0.00244649,-0.970706,0.00978595,-0.673458,0.0220184,-0.521142,0.0391438,-0.513758,0.0611622,-0.651307,0.0873771,-0.933788,0.114124,-1.3612,0.140746,-1.83782,0.162615,-2.17477,0.175662,-2.36697,0.179816,-2.41444,0.175079,-2.31716,0.161448,-2.07513,0.138926,-1.68837,0.10751,-1.15794,0.0697569,-0.651339,0.0389807,-0.289484,0.017097,-0.072371,0.00410567,4.44089e-16,-2.77556e-17,-0.5,0,0.22,11.7295
-2.97815,0.207912,2,4.81412,-2,0,0,0,3,0,-2,0,-1.36474,0.00293241,-0.903202,0.0117297,-0.615382,0.0263917,-0.501281,0.0469186,-0.560899,0.0733102,-0.794237,0.102593,-1.20129,0.131877,-1.78132,0.158785,-2.33934,0.179094,-2.72377,0.190494,-2.93461,0.192833,-2.97188,0.186111,-2.83556,0.170327,-2.52566,0.145481,-2.04218,0.111574,-1.38865,0.0721527,-0.781118,0.0405224,-0.347163,0.0179537,-0.0867909,0.00444631,4.44089e-16,-1.38778e-17,-0.5,0,0.22,12.5633
-2.97815,0.207912,2.2,4.82141,-2,0,0,0,3,0,-2,0,-1.36391,0.0029413,-0.902069,0.0117652,-0.614471,0.0264717,-0.50112,0.0470608,-0.562013,0.0735318,-0.797152,0.102859,-1.20654,0.132187,-1.78912,0.159075,-2.34571,0.180104,-2.72812,0.193822,-2.93644,0.197946,-2.97069,0.192447,-2.83086,0.177326,-2.51695,0.152581,-2.02896,0.118213,-1.37173,0.076984,-0.767702,0.0433035,-0.337748,0.019246,-0.0818742,0.0048115,-6.66134e-16,0,-0.5,0,0.22,12.5779
-2.97815,0.207912,2.4,4.84789,-2,0,0,0,3,0,-2,0,-1.3609,0.0029737,-0.897962,0.0118948,-0.611191,0.0267633,-0.500585,0.0475792,-0.566144,0.0743374,-0.807869,0.103826,-1.22576,0.133315,-1.81724,0.160123,-2.36871,0.180991,-2.74401,0.195891,-2.94326,0.202277,-2.96655,0.198393,-2.81388,0.184241,-2.48523,0.15982,-1.98062,0.125131,-1.31136,0.0821514,-0.719996,0.0462102,-0.304601,0.0205378,-0.0651714,0.00513446,0,0,-0.5,0,0.22,12.6309
-2.97815,0.207912,2.6,4.8263,-2,0,0,0,3,0,-2,0,-1.36335,0.00294727,-0.901309,0.0117891,-0.613862,0.0265254,-0.501015,0.0471563,-0.562766,0.0736806,-0.799118,0.103038,-1.21007,0.132395,-1.79434,0.159269,-2.34999,0.180269,-2.73104,0.195374,-2.9375,0.204448,-2.96954,0.203879,-2.82725,0.192063,-2.51062,0.168999,-2.01965,0.134687,-1.36019,0.0899805,-0.758691,0.0506141,-0.33153,0.0224951,-0.0787047,0.00562378,0,0,-0.5,0,0.22,12.5877
-2.97815,0.207912,2.8,4.83441,-2,0,0,0,3,0,-2,0,-1.36243,0.00295718,-0.90005,0.0118287,-0.612855,0.0266146,-0.500847,0.0473149,-0.564025,0.0739273,-0.802389,0.103334,-1.21594,0.13274,-1.80296,0.159591,-2.35705,0.180541,-2.73595,0.195577,-2.93966,0.204699,-2.96822,0.207348,-2.82187,0.198736,-2.50067,0.177765,-2.00462,0.144436,-1.34142,0.0988679,-0.743941,0.0556132,-0.321311,0.024717,-0.0735308,0.00617924,2.22045e-16,-2.77556e-17,-0.5,0,0.22,12.6039
-2.97815,-0.207912,0.2,1.19637,-2,0,0,0,3,0,-2,0,-1.82591,-0.000181102,-1.66255,-0.000724409,-1.50991,-0.00162992,-1.36338,-0.00276988,-1.20739,-0.00371428,-1.05177,-0.00442816,-0.906881,-0.00491153,-0.772727,-0.00516437,-0.649306,-0.00518669,-0.536616,-0.00497849,-0.434659,-0.00453977,-0.343434,-0.00387053,-0.262942,-0.00297077,-0.193182,-0.00193825,-0.134154,-0.0011082,-0.0858586,-0.000508668,-0.0482955,-0.000139659,-0.0214646,-1.17036e-06,-0.00536616,0,-4.44089e-16,0,-0.5,0,0.22,6.12976
-2.97815,-0.207912,0.4,1.25184,-2,0,0,0,3,0,-2,0,-1.8181,-0.000198285,-1.64794,-0.000793142,-1.48953,-0.00178457,-1.34287,-0.00317257,-1.20795,-0.00495714,-1.08478,-0.00713828,-0.968997,-0.00952857,-0.843267,-0.0113831,-0.710109,-0.012625,-0.586867,-0.0132541,-0.475362,-0.0132705,-0.375595,-0.0126741,-0.287565,-0.0114651,-0.211272,-0.0096433,-0.146717,-0.00720881,-0.0938987,-0.00456102,-0.052818,-0.00250322,-0.0234747,-0.00105813,-0.00586867,-0.000225776,1.11022e-16,0,-0.5,0,0.22,6.28846
-2.97815,-0.207912,0.6,1.35025,-2,0,0,0,3,0,-2,0,-1.8043,-0.000230684,-1.62226,-0.000922736,-1.45389,-0.00207616,-1.29918,-0.00369094,-1.15814,-0.0057671,-1.03077,-0.00830463,-0.917057,-0.0113035,-0.817015,-0.0147638,-0.730465,-0.0186734,-0.641048,-0.0219014,-0.538032,-0.0237056,-0.425991,-0.024086,-0.32515,-0.0230428,-0.237909,-0.0205758,-0.164267,-0.016685,-0.104225,-0.0113899,-0.0577817,-0.0064068,-0.0249381,-0.00284746,-0.00569384,-0.000711866,5.55112e-17,0,-0.5,0,0.22,6.25535
-2.97815,-0.207912,0.8,1.51299,-2,0,0,0,3,0,-2,0,-1.78163,-0.000289644,-1.58042,-0.00115858,-1.39637,-0.0026068,-1.22948,-0.00463431,-1.07974,-0.00724111,-0.947166,-0.0104272,-0.831749,-0.0141926,-0.733491,-0.0185372,-0.652392,-0.0234612,-0.588452,-0.0289644,-0.538595,-0.0347297,-0.477456,-0.0381408,-0.399401,-0.0386168,-0.304485,-0.0361577,-0.211448,-0.0307633,-0.135327,-0.0224338,-0.0761213,-0.0126188,-0.0338317,-0.00547957,-0.00845792,-0.00127556,0,0,-0.5,0,0.22,6.44806
-2.97815,-0.207912,1,1.82701,-2,0,0,0,3,0,-2,0,-1.73846,-0.00042235,-1.50194,-0.0016894,-1.29044,-0.00380115,-1.10396,-0.0067576,-0.942499,-0.0105588,-0.80606,-0.0152046,-0.694642,-0.0206952,-0.608244,-0.0270304,-0.546867,-0.0342104,-0.51051,-0.042235,-0.499103,-0.0510965,-0.485349,-0.0577251,-0.447012,-0.0596205,-0.384091,-0.0567825,-0.296587,-0.0492113,-0.192031,-0.0369068,-0.107155,-0.0212998,-0.0468628,-0.00946656,-0.0111536,-0.00236664,0,6.93889e-18,-0.5,0,0.22,6.76207
-2.97815,-0.207912,1.2,2.31628,-2,0,0,0,3,0,-2,0,-1.67267,-0.000678848,-1.38555,-0.00271539,-1.13865,-0.00610963,-0.931959,-0.0108616,-0.765488,-0.0169712,-0.639232,-0.0244385,-0.553192,-0.0332635,-0.507368,-0.0434462,-0.501759,-0.0549867,-0.536366,-0.0678848,-0.594891,-0.0805606,-0.61891,-0.0873505,-0.603202,-0.0877481,-0.547766,-0.0817536,-0.452603,-0.0693668,-0.317712,-0.0505878,-0.178774,-0.0287288,-0.0794551,-0.0127603,-0.0198638,-0.00318407,-1.11022e-16,0,-0.5,0,0.22,7.56762
-2.97815,-0.207912,1.4,2.94795,-2,0,0,0,3,0,-2,0,-1.59038,-0.00109959,-1.2459,-0.00439836,-0.966557,-0.00989631,-0.752358,-0.0175934,-0.6033,-0.0274898,-0.519382,-0.0395852,-0.500606,-0.0538799,-0.54697,-0.0703738,-0.658475,-0.0882795,-0.818762,-0.105281,-0.930407,-0.115817,-0.977294,-0.118969,-0.959422,-0.114739,-0.876792,-0.103125,-0.729403,-0.0841295,-0.517255,-0.057776,-0.291413,-0.0322596,-0.129517,-0.014126,-0.0323792,-0.00337517,0,0,-0.5,0,0.22,8.83096
-2.97815,-0.207912,1.6,3.65417,-2,0,0,0,3,0,-2,0,-1.50192,-0.00168954,-1.10393,-0.00675818,-0.806029,-0.0152059,-0.608219,-0.0270327,-0.510499,-0.0422386,-0.51287,-0.0608236,-0.615331,-0.0824868,-0.817883,-0.104714,-1.11463,-0.126697,-1.36886,-0.142769,-1.52329,-0.150555,-1.57792,-0.150054,-1.53274,-0.141267,-1.38775,-0.124194,-1.14297,-0.0988347,-0.798376,-0.0658696,-0.449118,-0.0369731,-0.199608,-0.0163627,-0.049902,-0.00403858,1.11022e-16,0,-0.5,0,0.22,10.2434
-2.97815,-0.207912,1.8,4.3972,-2,0,0,0,3,0,-2,0,-1.41289,-0.00244649,-0.970706,-0.00978595,-0.673458,-0.0220184,-0.521142,-0.0391438,-0.513758,-0.0611622,-0.651307,-0.0873771,-0.933788,-0.114124,-1.3612,-0.140746,-1.83782,-0.162615,-2.17477,-0.175662,-2.36697,-0.179816,-2.41444,-0.175079,-2.31716,-0.161448,-2.07513,-0.138926,-1.68837,-0.10751,-1.15794,-0.0697569,-0.651339,-0.0389807,-0.289484,-0.017097,-0.072371,-0.00410567,4.44089e-16,0,-0.5,0,0.22,11.7295
-2.97815,-0.207912,2,4.81412,-2,0,0,0,3,0,-2,0,-1.36474,-0.00293241,-0.903202,-0.0117297,-0.615382,-0.0263917,-0.501281,-0.0469186,-0.560899,-0.0733102,-0.794237,-0.102593,-1.20129,-0.131877,-1.78132,-0.158785,-2.33934,-0.179094,-2.72377,-0.190494,-2.93461,-0.192833,-2.97188,-0.186111,-2.83556,-0.170327,-2.52566,-0.145481,-2.04218,-0.111574,-1.38865,-0.0721527,-0.781118,-0.0405224,-0.347163,-0.0179537,-0.0867909,-0.00444631,4.44089e-16,2.77556e-17,-0.5,0,0.22,12.5633
-2.97815,-0.207912,2.2,4.82141,-2,0,0,0,3,0,-2,0,-1.36391,-0.0029413,-0.902069,-0.0117652,-0.614471,-0.0264717,-0.50112,-0.0470608,-0.562013,-0.0735318,-0.797152,-0.102859,-1.20654,-0.132187,-1.78912,-0.159075,-2.34571,-0.180104,-2.72812,-0.193822,-2.93644,-0.197946,-2.97069,-0.192447,-2.83086,-0.177326,-2.51695,-0.152581,-2.02896,-0.118213,-1.37173,-0.076984,-0.767702,-0.0433035,-0.337748,-0.019246,-0.0818742,-0.0048115,-6.66134e-16,0,-0.5,0,0.22,12.5779
-2.97815,-0.207912,2.4,4.84789,-2,0,0,0,3,0,-2,0,-1.3609,-0.0029737,-0.897962,-0.0118948,-0.611191,-0.0267633,-0.500585,-0.0475792,-0.566144,-0.0743374,-0.807869,-0.103826,-1.22576,-0.133315,-1.81724,-0.160123,-2.36871,-0.180991,-2.74401,-0.195891,-2.94326,-0.202277,-2.96655,-0.198393,-2.81388,-0.184241,-2.48523,-0.15982,-1.98062,-0.125131,-1.31136,-0.0821514,-0.719996,-0.0462102,-0.304601,-0.0205378,-0.0651714,-0.00513446,0,2.77556e-17,-0.5,0,0.22,12.6309
-2.97815,-0.207912,2.6,4.8263,-2,0,0,0,3,0,-2,0,-1.36335,-0.00294727,-0.901309,-0.0117891,-0.613862,-0.0265254,-0.501015,-0.0471563,-0.562766,-0.0736806,-0.799118,-0.103038,-1.21007,-0.132395,-1.79434,-0.159269,-2.34999,-0.180269,-2.73104,-0.195374,-2.9375,-0.204448,-2.96954,-0.203879,-2.82725,-0.192063,-2.51062,-0.168999,-2.01965,-0.134687,-1.36019,-0.0899805,-0.758691,-0.0506141,-0.33153,-0.0224951,-0.0787047,-0.00562378,0,-4.16334e-17,-0.5,0,0.22,12.5877
-2.97815,-0.207912,2.8,4.83441,-2,0,0,0,3,0,-2,0,-1.36243,-0.00295718,-0.90005,-0.0118287,-0.612855,-0.0266146,-0.500847,-0.0473149,-0.564025,-0.0739273,-0.802389,-0.103334,-1.21594,-0.13274,-1.80296,-0.159591,-2.35705,-0.180541,-2.73595,-0.195577,-2.93966,-0.204699,-2.96822,-0.207348,-2.82187,-0.198736,-2.50067,-0.177765,-2.00462,-0.144436,-1.34142,-0.0988679,-0.743941,-0.0556132,-0.321311,-0.024717,-0.0735308,-0.00617924,2.22045e-16,0,-0.5,0,0.22,12.6039
-2.80902,-0.587785,0.2,1.19683,-2,0,0,0,3,0,-2,0,-1.82582,-0.000559287,-1.66232,-0.00223715,-1.50951,-0.00503358,-1.36275,-0.00857115,-1.20653,-0.011585,-1.05102,-0.0139729,-0.906237,-0.015735,-0.772179,-0.0168712,-0.648844,-0.0173816,-0.536235,-0.0172661,-0.43435,-0.0165247,-0.34319,-0.0151575,-0.262755,-0.0131644,-0.193045,-0.0105454,-0.134059,-0.00740574,-0.0857976,-0.004674,-0.0482612,-0.00256814,-0.0214494,-0.00108813,-0.00536235,-0.000233997,2.22045e-16,-1.73472e-18,-0.5,0,0.22,6.1305
-2.80902,-0.587785,0.4,1.25526,-2,0,0,0,3,0,-2,0,-1.81759,-0.000615231,-1.64693,-0.00246092,-1.48802,-0.00553708,-1.34087,-0.00984369,-1.20547,-0.0153808,-1.08183,-0.0221483,-0.965335,-0.0295358,-0.838805,-0.0352624,-0.705882,-0.0391117,-0.583374,-0.0410837,-0.472533,-0.0411783,-0.373359,-0.0393957,-0.285853,-0.0357357,-0.210014,-0.0301985,-0.145843,-0.0227839,-0.0933398,-0.0145631,-0.0525036,-0.00810722,-0.0233349,-0.00352867,-0.00583374,-0.000827431,8.88178e-16,-3.46945e-18,-0.5,0,0.22,6.29241
-2.80902,-0.587785,0.6,1.36336,-2,0,0,0,3,0,-2,0,-1.80243,-0.000725761,-1.61872,-0.00290305,-1.44888,-0.00653185,-1.2929,-0.0116122,-1.15079,-0.018144,-1.02254,-0.0261274,-0.90816,-0.0355623,-0.807643,-0.0464487,-0.720458,-0.0586723,-0.628747,-0.068395,-0.523799,-0.0737447,-0.413319,-0.0747216,-0.315332,-0.0713255,-0.230583,-0.0635565,-0.15907,-0.0514146,-0.100795,-0.0349834,-0.0557562,-0.0196782,-0.0239547,-0.00874585,-0.00539033,-0.00218646,1.11022e-16,0,-0.5,0,0.22,6.26929
-2.80902,-0.587785,0.8,1.54518,-2,0,0,0,3,0,-2,0,-1.77713,-0.000932243,-1.57207,-0.00372897,-1.38481,-0.00839019,-1.21537,-0.0149159,-1.06374,-0.0233061,-0.92991,-0.0335608,-0.813895,-0.0456799,-0.71569,-0.0596636,-0.635294,-0.0755117,-0.572707,-0.0932243,-0.52098,-0.110576,-0.455774,-0.119775,-0.374987,-0.120147,-0.280449,-0.111693,-0.194756,-0.0944129,-0.124644,-0.0683065,-0.0701122,-0.0383935,-0.031161,-0.0167732,-0.00779024,-0.00397907,-1.11022e-16,-1.38778e-17,-0.5,0,0.22,6.48081
-2.80902,-0.587785,1,1.87653,-2,0,0,0,3,0,-2,0,-1.73165,-0.00137493,-1.48958,-0.00549974,-1.27376,-0.0123744,-1.08422,-0.0219989,-0.920937,-0.0343733,-0.783925,-0.0494976,-0.673178,-0.0673718,-0.588699,-0.0879958,-0.530486,-0.11137,-0.49854,-0.137493,-0.490019,-0.16538,-0.469701,-0.182791,-0.427071,-0.186072,-0.362128,-0.175225,-0.274872,-0.150247,-0.17672,-0.111141,-0.0990721,-0.0635821,-0.0437369,-0.0282587,-0.0107143,-0.00706468,2.77556e-17,0,-0.5,0,0.22,6.81216
-2.80902,-0.587785,1.2,2.37439,-2,0,0,0,3,0,-2,0,-1.66487,-0.00220128,-1.37179,-0.00880512,-1.12076,-0.0198115,-0.911792,-0.0352205,-0.744872,-0.055032,-0.620006,-0.0792461,-0.537193,-0.107863,-0.496432,-0.140882,-0.497725,-0.178304,-0.541071,-0.220128,-0.594752,-0.256946,-0.611246,-0.274658,-0.590089,-0.273129,-0.531281,-0.252357,-0.434823,-0.212343,-0.300754,-0.153087,-0.169089,-0.0865901,-0.0750754,-0.0384845,-0.0187124,-0.00962112,0,2.77556e-17,-0.5,0,0.22,7.6844
-2.80902,-0.587785,1.4,2.98836,-2,0,0,0,3,0,-2,0,-1.58505,-0.00348688,-1.23672,-0.0139475,-0.954998,-0.0313819,-0.73989,-0.0557901,-0.591395,-0.0871721,-0.509513,-0.125528,-0.494244,-0.170857,-0.545589,-0.22316,-0.663546,-0.279248,-0.822358,-0.330859,-0.926969,-0.361449,-0.968518,-0.369475,-0.947006,-0.354937,-0.862431,-0.317835,-0.714795,-0.258169,-0.504097,-0.176149,-0.283778,-0.0982729,-0.126124,-0.0429603,-0.0315309,-0.0102115,1.11022e-16,0,-0.5,0,0.22,8.91234
-2.80902,-0.587785,1.6,3.68198,-2,0,0,0,3,0,-2,0,-1.49826,-0.00529341,-1.09765,-0.0211737,-0.798169,-0.0476407,-0.599809,-0.0846946,-0.502573,-0.132335,-0.506462,-0.190563,-0.611476,-0.258199,-0.817615,-0.327313,-1.11534,-0.394439,-1.36219,-0.441348,-1.51047,-0.463248,-1.56021,-0.46014,-1.51139,-0.432024,-1.36401,-0.3789,-1.11808,-0.300768,-0.773629,-0.200065,-0.432408,-0.112536,-0.189741,-0.0500162,-0.0456287,-0.012504,-7.77156e-16,-1.66533e-16,-0.5,0,0.22,10.2996
-2.80902,-0.587785,1.8,4.39937,-2,0,0,0,3,0,-2,0,-1.41228,-0.00755708,-0.968927,-0.0302283,-0.669945,-0.0680137,-0.515333,-0.120913,-0.505091,-0.188927,-0.639218,-0.269882,-0.917714,-0.352461,-1.34058,-0.429159,-1.81192,-0.487464,-2.14513,-0.520682,-2.33539,-0.528646,-2.38271,-0.511354,-2.28709,-0.468806,-2.04851,-0.401004,-1.667,-0.307946,-1.14356,-0.198959,-0.643251,-0.111339,-0.28589,-0.0489749,-0.0714724,-0.0118657,4.44089e-16,0,-0.5,0,0.22,11.7344
-2.80902,-0.587785,2,4.73059,-2,0,0,0,3,0,-2,0,-1.37387,-0.00873783,-0.914675,-0.0349513,-0.622402,-0.0786405,-0.497057,-0.139805,-0.538637,-0.218446,-0.747145,-0.307185,-1.12258,-0.394717,-1.66485,-0.468125,-2.19959,-0.522847,-2.56836,-0.552772,-2.77125,-0.557051,-2.80828,-0.535685,-2.67944,-0.488674,-2.38473,-0.416017,-1.92416,-0.317715,-1.30182,-0.205163,-0.727593,-0.115404,-0.319234,-0.0512906,-0.0767431,-0.0128227,2.22045e-16,-5.55112e-17,-0.5,0,0.22,12.3968
-2.80902,-0.587785,2.2,4.73143,-2,0,0,0,3,0,-2,0,-1.37378,-0.00874092,-0.914542,-0.0349637,-0.622292,-0.0786682,-0.497027,-0.139855,-0.538748,-0.218523,-0.747454,-0.307279,-1.12315,-0.394818,-1.66572,-0.468216,-2.20015,-0.524133,-2.56791,-0.560188,-2.76994,-0.569498,-2.80627,-0.551627,-2.67693,-0.506576,-2.3819,-0.434344,-1.92119,-0.334932,-1.29905,-0.217443,-0.725796,-0.122312,-0.318225,-0.0543609,-0.076337,-0.0135902,1.11022e-15,0,-0.5,0,0.22,12.3985
-2.80902,-0.587785,2.4,4.72699,-2,0,0,0,3,0,-2,0,-1.37429,-0.00872453,-0.915247,-0.0348981,-0.62288,-0.0785208,-0.497185,-0.139592,-0.538162,-0.218113,-0.745812,-0.306779,-1.12013,-0.394279,-1.66108,-0.467731,-2.19634,-0.523734,-2.56492,-0.562288,-2.76743,-0.579208,-2.80488,-0.56711,-2.67731,-0.525856,-2.3847,-0.455445,-1.92708,-0.355878,-1.30793,-0.233254,-0.733414,-0.131206,-0.323925,-0.0583136,-0.0794631,-0.0145784,-4.44089e-16,0,-0.5,0,0.22,12.3896
-2.80902,-0.587785,2.6,4.72481,-2,0,0,0,3,0,-2,0,-1.37454,-0.00871648,-0.915594,-0.0348659,-0.623169,-0.0784483,-0.497263,-0.139464,-0.537876,-0.217912,-0.745007,-0.306534,-1.11866,-0.394013,-1.6588,-0.467492,-2.19446,-0.523537,-2.56361,-0.56215,-2.76623,-0.58333,-2.80338,-0.580047,-2.67613,-0.545108,-2.38446,-0.478515,-1.92838,-0.380265,-1.31113,-0.253244,-0.736734,-0.14245,-0.326748,-0.0633111,-0.0811711,-0.0158278,0,1.11022e-16,-0.5,0,0.22,12.3853
-2.5,-0.866025,0.2,1.19762,-2,0,0,0,3,0,-2,0,-1.82566,-0.000887006,-1.66193,-0.00354802,-1.50881,-0.00798306,-1.36166,-0.0135903,-1.20507,-0.0183685,-1.04975,-0.022158,-0.905141,-0.0249588,-0.771244,-0.0267709,-0.648059,-0.0275943,-0.535586,-0.0274291,-0.433825,-0.0262751,-0.342775,-0.0241325,-0.262437,-0.0210012,-0.192811,-0.0168812,-0.133897,-0.0119144,-0.0856938,-0.00755497,-0.0482028,-0.00418421,-0.0214234,-0.00180214,-0.00535586,-0.00040876,4.44089e-16,0,-0.5,0,0.22,6.13179
-2.5,-0.866025,0.4,1.26106,-2,0,0,0,3,0,-2,0,-1.81672,-0.00098347,-1.64521,-0.00393388,-1.48546,-0.00885123,-1.33747,-0.0157355,-1.20125,-0.0245867,-1.07679,-0.0354049,-0.959077,-0.0471275,-0.83119,-0.0561728,-0.698877,-0.0622492,-0.577584,-0.0653566,-0.467843,-0.065495,-0.369654,-0.0626643,-0.283016,-0.0568647,-0.20793,-0.0480962,-0.144396,-0.0363586,-0.0924135,-0.0233029,-0.0519826,-0.0130242,-0.0231034,-0.00571455,-0.00577584,-0.00137385,-2.22045e-16,0,-0.5,0,0.22,6.29918
-2.5,-0.866025,0.6,1.38007,-2,0,0,0,3,0,-2,0,-1.80003,-0.00117785,-1.61416,-0.00471141,-1.44237,-0.0106007,-1.28467,-0.0188456,-1.14106,-0.0294463,-1.01154,-0.0424027,-0.896102,-0.0577147,-0.794758,-0.0753825,-0.706267,-0.0949766,-0.611691,-0.109917,-0.504619,-0.117969,-0.398493,-0.119133,-0.304882,-0.11341,-0.223785,-0.100799,-0.155202,-0.0813001,-0.099134,-0.0551021,-0.0555797,-0.0309949,-0.0245397,-0.0137755,-0.00601396,-0.00344388,1.11022e-16,6.93889e-18,-0.5,0,0.22,6.2874
-2.5,-0.866025,0.8,1.60129,-2,0,0,0,3,0,-2,0,-1.76929,-0.00158572,-1.55755,-0.00634286,-1.36477,-0.0142714,-1.19097,-0.0253714,-1.03613,-0.0396429,-0.900258,-0.0570858,-0.783354,-0.0777001,-0.685418,-0.101486,-0.60645,-0.128443,-0.546448,-0.158571,-0.48887,-0.183351,-0.417693,-0.194533,-0.332919,-0.192117,-0.24477,-0.176102,-0.169979,-0.146489,-0.108787,-0.103278,-0.0611924,-0.0572045,-0.0271966,-0.0245604,-0.00679916,-0.00551464,5.55112e-17,0,-0.5,0,0.22,6.53787
-2.5,-0.866025,1,1.96028,-2,0,0,0,3,0,-2,0,-1.72017,-0.00237641,-1.46877,-0.00950565,-1.24579,-0.0213877,-1.05124,-0.0380226,-0.885111,-0.0594103,-0.74741,-0.0855508,-0.638135,-0.116444,-0.557285,-0.15209,-0.50486,-0.192489,-0.480862,-0.237641,-0.470099,-0.279246,-0.440964,-0.300033,-0.392473,-0.299466,-0.324629,-0.277544,-0.237443,-0.234268,-0.15125,-0.169638,-0.0844107,-0.0960945,-0.0369264,-0.0427087,-0.00879648,-0.0106772,-2.77556e-17,0,-0.5,0,0.22,6.89686
-2.5,-0.866025,1.2,2.46361,-2,0,0,0,3,0,-2,0,-1.65291,-0.00375346,-1.35071,-0.0150138,-1.09341,-0.0337811,-0.881009,-0.0600553,-0.713505,-0.0938364,-0.590897,-0.135124,-0.513187,-0.183919,-0.480373,-0.240221,-0.492457,-0.30403,-0.546787,-0.374111,-0.588351,-0.424859,-0.595265,-0.446087,-0.567529,-0.437793,-0.505143,-0.399979,-0.408107,-0.332645,-0.277202,-0.235789,-0.155926,-0.132826,-0.0693005,-0.0590301,-0.0173251,-0.0147547,1.11022e-16,0,-0.5,0,0.22,7.86381
-2.5,-0.866025,1.4,3.0526,-2,0,0,0,3,0,-2,0,-1.57658,-0.0057627,-1.22208,-0.0230508,-0.936519,-0.0518643,-0.719887,-0.0922033,-0.572186,-0.144068,-0.493415,-0.207457,-0.483576,-0.282372,-0.542667,-0.368722,-0.67069,-0.459476,-0.82337,-0.538182,-0.917594,-0.58222,-0.951436,-0.591067,-0.924897,-0.564723,-0.837977,-0.503188,-0.690676,-0.406461,-0.482994,-0.2753,-0.271715,-0.153697,-0.120762,-0.0672849,-0.0301906,-0.0160643,5.55112e-17,0,-0.5,0,0.22,9.04178
-2.5,-0.866025,1.6,3.69961,-2,0,0,0,3,0,-2,0,-1.49568,-0.00846443,-1.09261,-0.0338577,-0.790791,-0.0761799,-0.590217,-0.135431,-0.490891,-0.211611,-0.492812,-0.30472,-0.595981,-0.412617,-0.800398,-0.522472,-1.09398,-0.620594,-1.33353,-0.685531,-1.47754,-0.712937,-1.52599,-0.702811,-1.47891,-0.655154,-1.33627,-0.569966,-1.09809,-0.447246,-0.764369,-0.293253,-0.429958,-0.163653,-0.191093,-0.0715843,-0.0477731,-0.0170471,1.11022e-16,0,-0.5,0,0.22,10.3358
-2.5,-0.866025,1.8,4.39439,-2,0,0,0,3,0,-2,0,-1.41226,-0.0119422,-0.967376,-0.0477688,-0.665335,-0.10748,-0.506142,-0.191075,-0.489795,-0.298555,-0.616295,-0.426564,-0.885643,-0.555564,-1.29784,-0.665402,-1.76063,-0.746965,-2.08872,-0.791435,-2.27687,-0.798564,-2.32508,-0.768351,-2.23337,-0.700796,-2.00172,-0.595899,-1.63014,-0.453661,-1.11947,-0.291323,-0.629701,-0.162491,-0.279867,-0.0710013,-0.0699667,-0.0168531,0,0,-0.5,0,0.22,11.7254
-2.5,-0.866025,2,4.54443,-2,0,0,0,3,0,-2,0,-1.39472,-0.0127716,-0.942207,-0.0510864,-0.642463,-0.114944,-0.495487,-0.204346,-0.501279,-0.31929,-0.659839,-0.453327,-0.971167,-0.583987,-1.43526,-0.69125,-1.9282,-0.772715,-2.27174,-0.819808,-2.46526,-0.828346,-2.50877,-0.798327,-2.40227,-0.729752,-2.14575,-0.622621,-1.73922,-0.476934,-1.18476,-0.308449,-0.663565,-0.173502,-0.29238,-0.0771122,-0.0712082,-0.019278,-4.44089e-16,2.22045e-16,-0.5,0,0.22,12.0254
-2.5,-0.866025,2.2,4.54016,-2,0,0,0,3,0,-2,0,-1.39522,-0.0127476,-0.942915,-0.0509903,-0.643094,-0.114728,-0.495754,-0.203961,-0.500894,-0.31869,-0.658515,-0.452565,-0.968618,-0.583196,-1.4312,-0.690539,-1.9246,-0.772386,-2.26742,-0.827987,-2.46042,-0.846117,-2.50441,-0.823013,-2.39941,-0.758676,-2.14541,-0.653106,-1.74241,-0.506303,-1.19198,-0.329857,-0.670489,-0.185543,-0.297995,-0.0824621,-0.0744987,-0.0206145,-4.44089e-16,1.11022e-16,-0.5,0,0.22,12.0169
-2.5,-0.866025,2.4,4.54247,-2,0,0,0,3,0,-2,0,-1.39495,-0.0127606,-0.942533,-0.0510422,-0.642753,-0.114845,-0.495609,-0.204169,-0.501102,-0.319014,-0.65923,-0.452977,-0.969994,-0.583624,-1.43339,-0.690923,-1.92652,-0.772702,-2.26861,-0.828959,-2.45849,-0.857876,-2.49956,-0.844988,-2.39253,-0.787177,-2.13741,-0.684443,-1.7342,-0.536786,-1.18473,-0.351918,-0.66641,-0.196564,-0.296182,-0.0861327,-0.0740456,-0.0206244,0,-1.11022e-16,-0.5,0,0.22,12.0215
-2.5,-0.866025,2.6,4.54885,-2,0,0,0,3,0,-2,0,-1.39421,-0.0127964,-0.941476,-0.0511858,-0.641812,-0.115168,-0.495214,-0.204743,-0.50168,-0.319911,-0.661212,-0.454115,-0.973809,-0.584803,-1.43947,-0.691984,-1.9318,-0.773572,-2.27233,-0.829567,-2.4598,-0.85997,-2.49512,-0.861048,-2.38256,-0.815595,-2.12264,-0.721461,-1.71536,-0.578647,-1.16382,-0.389442,-0.651839,-0.219061,-0.287218,-0.0973606,-0.0699544,-0.0243402,-4.44089e-16,0,-0.5,0,0.22,12.0343
-2.10453,-0.994522,0.2,1.19842,-2,0,0,0,3,0,-2,0,-1.8255,-0.00113162,-1.66154,-0.00452648,-1.5081,-0.0101846,-1.36054,-0.0173348,-1.20358,-0.0234326,-1.04845,-0.0282775,-0.904022,-0.0318694,-0.770291,-0.0342084,-0.647258,-0.0352945,-0.534924,-0.0351276,-0.433289,-0.0337078,-0.342351,-0.0310351,-0.262113,-0.0271094,-0.192573,-0.0219308,-0.133731,-0.015627,-0.0855879,-0.00999573,-0.0481432,-0.0056174,-0.021397,-0.002492,-0.00534924,-0.00061954,8.88178e-16,6.93889e-18,-0.5,0,0.22,6.13309
-2.10453,-0.994522,0.4,1.26714,-2,0,0,0,3,0,-2,0,-1.81582,-0.00126511,-1.64341,-0.00506045,-1.48277,-0.011386,-1.33391,-0.0202418,-1.19682,-0.0316278,-1.0715,-0.0455441,-0.952486,-0.060504,-0.823178,-0.0719962,-0.691787,-0.0797111,-0.571724,-0.0836485,-0.463097,-0.0838084,-0.365904,-0.0801909,-0.280145,-0.0727959,-0.205821,-0.0616236,-0.142931,-0.0466737,-0.0914759,-0.0299943,-0.0514552,-0.0168297,-0.022869,-0.00744248,-0.00571724,-0.00183273,-3.33067e-16,-1.38778e-17,-0.5,0,0.22,6.30634
-2.10453,-0.994522,0.6,1.40372,-2,0,0,0,3,0,-2,0,-1.79667,-0.00155255,-1.60778,-0.0062102,-1.43334,-0.0139729,-1.27335,-0.0248408,-1.12781,-0.0388137,-0.99672,-0.0558918,-0.880076,-0.0760749,-0.77788,-0.0993632,-0.687453,-0.124544,-0.589117,-0.142713,-0.480737,-0.15208,-0.379842,-0.152643,-0.290816,-0.144402,-0.213661,-0.127358,-0.148376,-0.10151,-0.0949604,-0.0674577,-0.0534152,-0.0373961,-0.0237401,-0.016138,-0.00593503,-0.00368326,0,2.77556e-17,-0.5,0,0.22,6.31248
-2.10453,-0.994522,0.8,1.65385,-2,0,0,0,3,0,-2,0,-1.76195,-0.00215513,-1.54396,-0.00862051,-1.34602,-0.0193961,-1.16814,-0.034482,-1.01032,-0.0538782,-0.872548,-0.0775846,-0.754836,-0.105601,-0.65718,-0.137928,-0.57958,-0.174565,-0.520336,-0.214403,-0.45637,-0.242376,-0.380386,-0.253723,-0.294419,-0.248445,-0.216308,-0.22654,-0.150214,-0.18801,-0.0961369,-0.132854,-0.054077,-0.0748056,-0.0240342,-0.0332446,-0.00600856,-0.0083094,0,5.55112e-17,-0.5,0,0.22,6.59143
-2.10453,-0.994522,1,2.03816,-2,0,0,0,3,0,-2,0,-1.70951,-0.00327308,-1.44947,-0.0130923,-1.2199,-0.0294577,-1.02079,-0.0523693,-0.852134,-0.0818271,-0.713942,-0.117831,-0.606209,-0.160381,-0.528937,-0.209477,-0.482124,-0.26512,-0.464946,-0.326732,-0.446667,-0.37288,-0.41172,-0.392705,-0.360104,-0.386209,-0.291821,-0.35339,-0.208352,-0.29425,-0.133345,-0.208788,-0.0750068,-0.117392,-0.0333364,-0.0519402,-0.00833409,-0.0128103,0,5.55112e-17,-0.5,0,0.22,7.01389
-2.10453,-0.994522,1.2,2.54843,-2,0,0,0,3,0,-2,0,-1.64155,-0.00511715,-1.33071,-0.0204686,-1.0675,-0.0460544,-0.851912,-0.0818744,-0.683944,-0.127929,-0.563598,-0.184217,-0.490873,-0.25074,-0.465769,-0.327498,-0.488287,-0.414489,-0.544914,-0.503756,-0.576444,-0.560427,-0.575934,-0.58041,-0.543382,-0.563707,-0.47879,-0.510317,-0.382157,-0.42024,-0.255658,-0.293476,-0.143682,-0.165091,-0.0637471,-0.0733737,-0.0158533,-0.0183434,1.11022e-16,5.55112e-17,-0.5,0,0.22,8.03444
-2.10453,-0.994522,1.4,3.09483,-2,0,0,0,3,0,-2,0,-1.57089,-0.00754665,-1.21201,-0.0301866,-0.923368,-0.0679199,-0.704953,-0.120746,-0.556769,-0.188666,-0.478816,-0.271679,-0.471094,-0.369786,-0.533603,-0.482575,-0.666343,-0.597791,-0.811146,-0.687271,-0.898134,-0.734346,-0.927161,-0.738983,-0.89823,-0.701183,-0.811338,-0.620946,-0.666487,-0.498273,-0.463677,-0.335009,-0.260818,-0.187605,-0.115919,-0.0826379,-0.0289798,-0.0201079,-1.11022e-16,-1.11022e-16,-0.5,0,0.22,9.12723
-2.10453,-0.994522,1.6,3.70584,-2,0,0,0,3,0,-2,0,-1.49447,-0.0108207,-1.08965,-0.0432827,-0.785523,-0.0973862,-0.582097,-0.173131,-0.479372,-0.270517,-0.477347,-0.389545,-0.576021,-0.527358,-0.775396,-0.658668,-1.06254,-0.766962,-1.29545,-0.836191,-1.43497,-0.861953,-1.48111,-0.84425,-1.43388,-0.783082,-1.29326,-0.678447,-1.05927,-0.530347,-0.73195,-0.347726,-0.408914,-0.195596,-0.179256,-0.0869315,-0.0429772,-0.0217329,2.22045e-16,-3.33067e-16,-0.5,0,0.22,10.3493
-2.10453,-0.994522,1.8,4.26923,-2,0,0,0,3,0,-2,0,-1.42644,-0.0143608,-0.986524,-0.0574434,-0.680254,-0.129248,-0.50763,-0.229774,-0.468652,-0.359021,-0.56332,-0.515028,-0.791633,-0.666363,-1.15359,-0.789299,-1.58311,-0.88117,-1.89409,-0.931124,-2.0754,-0.937801,-2.12705,-0.9012,-2.04903,-0.821321,-1.84135,-0.698166,-1.504,-0.531733,-1.03733,-0.342285,-0.583496,-0.1918,-0.259331,-0.0845933,-0.0648328,-0.0206636,4.44089e-16,-1.11022e-16,-0.5,0,0.22,11.476
-2.10453,-0.994522,2,4.27334,-2,0,0,0,3,0,-2,0,-1.42595,-0.0143885,-0.985805,-0.0575542,-0.679562,-0.129497,-0.507223,-0.230217,-0.468788,-0.359714,-0.564256,-0.515963,-0.793628,-0.667289,-1.1569,-0.790136,-1.5857,-0.884206,-1.89252,-0.945947,-2.07005,-0.962674,-2.11864,-0.933261,-2.03827,-0.857707,-1.82894,-0.736013,-1.49066,-0.568177,-1.02404,-0.369126,-0.574602,-0.207633,-0.254118,-0.0922814,-0.0625886,-0.0230704,-2.22045e-16,0,-0.5,0,0.22,11.4843
-2.10453,-0.994522,2.2,4.2732,-2,0,0,0,3,0,-2,0,-1.42597,-0.0143876,-0.98583,-0.0575503,-0.679586,-0.129488,-0.507237,-0.230201,-0.468783,-0.35969,-0.564224,-0.515931,-0.793559,-0.667257,-1.15679,-0.790107,-1.58559,-0.884182,-1.89142,-0.949482,-2.06495,-0.98074,-2.11073,-0.962865,-2.02903,-0.894918,-1.81987,-0.7769,-1.48323,-0.608811,-1.01976,-0.399915,-0.573616,-0.224829,-0.25494,-0.0998148,-0.0637351,-0.0248719,2.22045e-16,2.22045e-16,-0.5,0,0.22,11.484
-2.10453,-0.994522,2.4,4.28006,-2,0,0,0,3,0,-2,0,-1.42515,-0.0144338,-0.984632,-0.0577353,-0.678435,-0.129904,-0.506563,-0.230941,-0.469016,-0.360846,-0.565794,-0.51749,-0.796897,-0.668797,-1.16233,-0.791498,-1.59096,-0.885331,-1.89524,-0.950296,-2.0652,-0.986393,-2.10341,-0.985596,-2.01549,-0.930495,-1.80162,-0.820489,-1.4618,-0.655577,-0.997544,-0.439241,-0.559248,-0.247073,-0.246896,-0.10981,-0.0604884,-0.0274526,4.44089e-16,1.11022e-16,-0.5,0,0.22,11.4977
-1.69098,-0.951057,0.2,1.20544,-2,0,0,0,3,0,-2,0,-1.82448,-0.00127532,-1.65956,-0.00510127,-1.50523,-0.0114779,-1.35652,-0.019487,-1.19829,-0.0262958,-1.04275,-0.0317043,-0.898024,-0.0357123,-0.764103,-0.03832,-0.64099,-0.0395273,-0.528685,-0.0393341,-0.427187,-0.0377406,-0.336498,-0.0347467,-0.256616,-0.0303523,-0.187542,-0.0245576,-0.129276,-0.017505,-0.0818182,-0.0112032,-0.0451679,-0.00630179,-0.0193255,-0.00280079,-0.00429086,-0.000700199,0,3.46945e-18,-0.5,0,0.22,6.14042
-1.69098,-0.951057,0.4,1.27119,-2,0,0,0,3,0,-2,0,-1.81521,-0.00141823,-1.64221,-0.00567291,-1.48099,-0.0127641,-1.33155,-0.0226916,-1.19389,-0.0354557,-1.06802,-0.0510562,-0.948151,-0.0677305,-0.817918,-0.0804858,-0.687281,-0.0890185,-0.568001,-0.0933285,-0.460081,-0.0934159,-0.363521,-0.0892807,-0.27832,-0.0809229,-0.20448,-0.0683424,-0.142,-0.0515392,-0.0908801,-0.0329758,-0.0511201,-0.0183991,-0.02272,-0.00804506,-0.00568001,-0.00191364,0,0,-0.5,0,0.22,6.31116
-1.69098,-0.951057,0.6,1.41795,-2,0,0,0,3,0,-2,0,-1.79464,-0.00176461,-1.60393,-0.00705846,-1.42789,-0.0158815,-1.26651,-0.0282338,-1.11979,-0.0441154,-0.987733,-0.0635261,-0.870334,-0.0864661,-0.767595,-0.112935,-0.675739,-0.141024,-0.575151,-0.160823,-0.467302,-0.170913,-0.369226,-0.171294,-0.282689,-0.161967,-0.20769,-0.142931,-0.144229,-0.114186,-0.0923065,-0.0763287,-0.0519224,-0.042685,-0.0230766,-0.01875,-0.00576916,-0.00452359,0,0,-0.5,0,0.22,6.32754
-1.69098,-0.951057,0.8,1.69323,-2,0,0,0,3,0,-2,0,-1.75647,-0.00251627,-1.53384,-0.0100651,-1.33212,-0.0226465,-1.15131,-0.0402604,-0.991395,-0.0629069,-0.852391,-0.0905859,-0.734292,-0.123297,-0.637099,-0.161042,-0.560812,-0.203818,-0.500585,-0.248069,-0.43253,-0.276246,-0.353421,-0.28598,-0.270838,-0.27727,-0.198983,-0.250117,-0.138183,-0.20452,-0.088437,-0.140502,-0.0497458,-0.0777328,-0.0221093,-0.0334071,-0.00552731,-0.00752486,5.55112e-17,5.55112e-17,-0.5,0,0.22,6.63144
-1.69098,-0.951057,1,2.08489,-2,0,0,0,3,0,-2,0,-1.70311,-0.00381498,-1.43792,-0.0152599,-1.20443,-0.0343348,-1.00263,-0.0610397,-0.832523,-0.0953745,-0.694114,-0.137339,-0.5874,-0.186934,-0.512381,-0.244159,-0.469058,-0.309013,-0.453529,-0.378482,-0.430902,-0.425592,-0.392907,-0.443951,-0.339544,-0.433559,-0.270813,-0.394415,-0.190504,-0.32652,-0.121668,-0.229873,-0.0681998,-0.129381,-0.0300997,-0.0575027,-0.00736755,-0.0143757,-1.38778e-16,2.77556e-17,-0.5,0,0.22,7.10799
-1.69098,-0.951057,1.2,2.58015,-2,0,0,0,3,0,-2,0,-1.63725,-0.0058427,-1.32304,-0.0233708,-1.05737,-0.0525843,-0.840248,-0.0934832,-0.671665,-0.146067,-0.551624,-0.210337,-0.480125,-0.286292,-0.457167,-0.373933,-0.482752,-0.473259,-0.53756,-0.566337,-0.56526,-0.62132,-0.562242,-0.636943,-0.528506,-0.613204,-0.464053,-0.550104,-0.368882,-0.447643,-0.245741,-0.306071,-0.13823,-0.170527,-0.0614354,-0.0743447,-0.0153588,-0.0175231,5.55112e-17,1.11022e-16,-0.5,0,0.22,8.0985
-1.69098,-0.951057,1.4,3.07526,-2,0,0,0,3,0,-2,0,-1.57319,-0.00830022,-1.21534,-0.0332009,-0.926449,-0.074702,-0.706517,-0.132803,-0.555545,-0.207505,-0.473532,-0.298808,-0.460478,-0.406711,-0.516384,-0.528131,-0.641249,-0.638328,-0.784627,-0.721648,-0.871727,-0.762857,-0.901856,-0.761813,-0.875014,-0.718517,-0.791201,-0.632968,-0.650418,-0.505166,-0.452663,-0.33802,-0.254044,-0.190136,-0.112394,-0.0845051,-0.027714,-0.0211263,1.11022e-16,-1.66533e-16,-0.5,0,0.22,9.08873
-1.69098,-0.951057,1.6,3.6687,-2,0,0,0,3,0,-2,0,-1.49877,-0.0118127,-1.09567,-0.0472507,-0.790723,-0.106314,-0.583913,-0.189003,-0.475245,-0.295317,-0.464718,-0.425256,-0.552333,-0.568677,-0.738089,-0.691281,-1.01468,-0.789539,-1.24914,-0.850357,-1.39197,-0.868858,-1.44314,-0.84504,-1.40267,-0.778905,-1.27055,-0.670452,-1.04679,-0.519681,-0.731376,-0.338543,-0.411112,-0.19043,-0.182429,-0.0846357,-0.0453916,-0.0211589,-2.22045e-16,-2.77556e-16,-0.5,0,0.22,10.2756
-1.69098,-0.951057,1.8,3.92548,-2,0,0,0,3,0,-2,0,-1.46736,-0.0135242,-1.04708,-0.0540967,-0.739157,-0.121718,-0.543597,-0.216387,-0.460398,-0.338104,-0.48956,-0.486736,-0.631082,-0.631699,-0.884965,-0.749614,-1.22888,-0.84048,-1.49678,-0.898619,-1.65755,-0.913427,-1.71129,-0.884665,-1.65798,-0.812332,-1.49763,-0.696428,-1.23023,-0.536953,-0.855797,-0.348567,-0.481284,-0.196069,-0.213813,-0.0871418,-0.0533854,-0.0217855,2.22045e-16,0,-0.5,0,0.22,10.7892
-1.69098,-0.951057,2,3.92869,-2,0,0,0,3,0,-2,0,-1.46697,-0.0135463,-1.04648,-0.0541853,-0.738539,-0.121917,-0.543141,-0.216741,-0.460289,-0.338658,-0.48998,-0.487514,-0.632217,-0.632452,-0.886998,-0.750297,-1.23125,-0.841049,-1.49666,-0.904709,-1.65188,-0.93442,-1.70144,-0.91691,-1.64546,-0.85184,-1.48394,-0.739212,-1.21688,-0.579024,-0.844311,-0.380262,-0.474925,-0.213858,-0.211078,-0.0950126,-0.0527694,-0.0237268,1.11022e-16,4.44089e-16,-0.5,0,0.22,10.7956
-1.69098,-0.951057,2.2,3.93355,-2,0,0,0,3,0,-2,0,-1.46638,-0.0135798,-1.04558,-0.0543193,-0.737607,-0.122218,-0.542455,-0.217277,-0.460126,-0.339496,-0.490621,-0.488689,-0.633938,-0.633588,-0.890079,-0.751327,-1.23482,-0.841906,-1.49924,-0.905326,-1.65083,-0.941587,-1.69275,-0.942185,-1.63117,-0.890416,-1.46625,-0.785837,-1.19801,-0.628447,-0.826665,-0.421359,-0.464999,-0.236804,-0.206666,-0.105059,-0.0516665,-0.0261244,1.11022e-16,1.11022e-16,-0.5,0,0.22,10.8053
-1.33087,-0.743145,0.2,1.202,-2,0,0,0,3,0,-2,0,-1.82498,-0.0012033,-1.66053,-0.00481322,-1.50664,-0.0108297,-1.35851,-0.0184095,-1.20089,-0.0248633,-1.04555,-0.0299906,-0.900969,-0.0337916,-0.767137,-0.0362661,-0.644061,-0.0374141,-0.531739,-0.0372357,-0.430171,-0.0357309,-0.339358,-0.0328996,-0.2593,-0.0287418,-0.189996,-0.0232577,-0.131446,-0.0165805,-0.0836513,-0.0106116,-0.0466109,-0.005969,-0.020325,-0.00265289,-0.0047936,-0.000663222,-2.22045e-16,3.46945e-18,-0.5,0,0.22,6.13682
-1.33087,-0.743145,0.4,1.2691,-2,0,0,0,3,0,-2,0,-1.81552,-0.0013414,-1.64283,-0.00536559,-1.48191,-0.0120726,-1.33276,-0.0214623,-1.1954,-0.0335349,-1.06981,-0.0482903,-0.950388,-0.0641085,-0.820631,-0.0762352,-0.689591,-0.0843623,-0.56991,-0.0884898,-0.461627,-0.0886177,-0.364742,-0.084746,-0.279256,-0.0768746,-0.205167,-0.0650036,-0.142477,-0.0491331,-0.0911855,-0.0315086,-0.0512919,-0.0176325,-0.0227964,-0.00775602,-0.0056991,-0.00187914,2.22045e-16,6.93889e-18,-0.5,0,0.22,6.30866
-1.33087,-0.743145,0.6,1.41136,-2,0,0,0,3,0,-2,0,-1.79558,-0.00165898,-1.60573,-0.00663591,-1.43044,-0.0149308,-1.26972,-0.0265437,-1.12356,-0.0414745,-0.991973,-0.0597232,-0.874951,-0.08129,-0.772495,-0.106175,-0.681345,-0.132829,-0.581743,-0.151871,-0.473262,-0.161722,-0.373568,-0.162382,-0.285652,-0.15385,-0.209513,-0.136128,-0.145152,-0.109214,-0.092568,-0.0735298,-0.0517617,-0.0413605,-0.0227327,-0.0183824,-0.00548129,-0.00459561,1.11022e-16,0,-0.5,0,0.22,6.32048
-1.33087,-0.743145,0.8,1.67189,-2,0,0,0,3,0,-2,0,-1.75944,-0.00232799,-1.53932,-0.00931195,-1.33963,-0.0209519,-1.16039,-0.0372478,-1.00159,-0.0581997,-0.863231,-0.0838076,-0.745311,-0.114071,-0.647831,-0.148991,-0.570792,-0.188567,-0.511227,-0.230757,-0.445229,-0.259105,-0.367583,-0.270021,-0.282496,-0.263507,-0.207199,-0.239562,-0.14355,-0.198185,-0.0915472,-0.139378,-0.0511917,-0.0784393,-0.0224832,-0.0348619,-0.00542169,-0.00871548,-5.55112e-17,8.32667e-17,-0.5,0,0.22,6.60977
-1.33087,-0.743145,1,2.06098,-2,0,0,0,3,0,-2,0,-1.70638,-0.00353764,-1.44383,-0.0141506,-1.21234,-0.0318388,-1.01191,-0.0566023,-0.842537,-0.0884411,-0.704229,-0.127355,-0.596982,-0.173344,-0.520798,-0.226409,-0.475675,-0.286549,-0.459552,-0.35225,-0.439064,-0.399004,-0.402535,-0.418235,-0.349965,-0.409941,-0.281353,-0.374124,-0.199224,-0.310783,-0.127297,-0.219919,-0.0714113,-0.123857,-0.0315669,-0.0550475,-0.00776382,-0.0137619,2.77556e-17,5.55112e-17,-0.5,0,0.22,7.05984
-1.33087,-0.743145,1.2,2.49546,-2,0,0,0,3,0,-2,0,-1.64845,-0.00518644,-1.34244,-0.0207458,-1.08197,-0.046678,-0.867031,-0.082983,-0.697635,-0.129661,-0.573778,-0.186712,-0.495459,-0.254136,-0.462679,-0.331932,-0.475437,-0.417124,-0.528046,-0.492462,-0.563269,-0.538445,-0.566287,-0.550603,-0.537101,-0.528934,-0.475709,-0.473439,-0.382113,-0.384118,-0.25764,-0.261343,-0.144922,-0.145289,-0.06441,-0.0630602,-0.0161025,-0.0146574,-5.55112e-17,-1.66533e-16,-0.5,0,0.22,7.92881
-1.33087,-0.743145,1.4,3.00814,-2,0,0,0,3,0,-2,0,-1.58187,-0.00753637,-1.2299,-0.0301455,-0.944111,-0.0678273,-0.724492,-0.120582,-0.571044,-0.188409,-0.483768,-0.271309,-0.462663,-0.369282,-0.50773,-0.467901,-0.618969,-0.551455,-0.766606,-0.615192,-0.861935,-0.644979,-0.899053,-0.639875,-0.87796,-0.599882,-0.798655,-0.524997,-0.66114,-0.415223,-0.465413,-0.274579,-0.26195,-0.153603,-0.116422,-0.067518,-0.0291056,-0.0163231,-5.55112e-17,0,-0.5,0,0.22,8.95416
-1.33087,-0.743145,1.6,3.52903,-2,0,0,0,3,0,-2,0,-1.51618,-0.0103724,-1.12344,-0.0414895,-0.821763,-0.0933514,-0.611163,-0.165958,-0.491635,-0.259309,-0.46318,-0.373401,-0.525798,-0.486885,-0.679489,-0.579625,-0.923376,-0.65162,-1.15203,-0.697159,-1.29363,-0.708845,-1.34819,-0.686648,-1.31571,-0.630568,-1.19618,-0.540604,-0.989608,-0.416756,-0.695995,-0.270422,-0.391694,-0.151991,-0.174086,-0.0674442,-0.0435215,-0.0167806,-1.11022e-16,0,-0.5,0,0.22,9.99595
-1.33087,-0.743145,1.8,3.53279,-2,0,0,0,3,0,-2,0,-1.51571,-0.0103945,-1.1227,-0.041578,-0.820945,-0.0935505,-0.61046,-0.166312,-0.491242,-0.259863,-0.463291,-0.374193,-0.526608,-0.487654,-0.681191,-0.580327,-0.925985,-0.65221,-1.15221,-0.703304,-1.28895,-0.728162,-1.33979,-0.715913,-1.30483,-0.666257,-1.18406,-0.579195,-0.977482,-0.454726,-0.685101,-0.299254,-0.385245,-0.16833,-0.171025,-0.0748134,-0.04261,-0.0187033,0,0,-0.5,0,0.22,10.0035
-1.33087,-0.743145,2,3.53783,-2,0,0,0,3,0,-2,0,-1.51509,-0.0104242,-1.12171,-0.0416967,-0.819849,-0.0938177,-0.60952,-0.166787,-0.49072,-0.260605,-0.463446,-0.375252,-0.5277,-0.488683,-0.683482,-0.581264,-0.929469,-0.652998,-1.15477,-0.703883,-1.28855,-0.73392,-1.33265,-0.73797,-1.29254,-0.700817,-1.16858,-0.621458,-0.960768,-0.499892,-0.66911,-0.337647,-0.376064,-0.189927,-0.166861,-0.0844118,-0.0415066,-0.021103,0,5.55112e-17,-0.5,0,0.22,10.0136
-1.08645,-0.406737,0.2,1.19991,-2,0,0,0,3,0,-2,0,-1.82535,-0.000808601,-1.66138,-0.0032344,-1.50809,-0.00727741,-1.36071,-0.0123801,-1.20381,-0.0167291,-1.04822,-0.0201846,-0.903403,-0.0227467,-0.769343,-0.0244153,-0.646045,-0.0251904,-0.533508,-0.0250721,-0.431733,-0.0240604,-0.340719,-0.0221552,-0.260465,-0.0193565,-0.190974,-0.0156644,-0.132243,-0.0111682,-0.0842739,-0.00714763,-0.047066,-0.00402054,-0.0206193,-0.00178691,-0.00493384,-0.000446727,-4.44089e-16,3.46945e-18,-0.5,0,0.22,6.13392
-1.08645,-0.406737,0.4,1.26162,-2,0,0,0,3,0,-2,0,-1.81666,-0.000893922,-1.64512,-0.00357569,-1.48538,-0.00804529,-1.33745,-0.0143027,-1.20132,-0.022348,-1.07699,-0.0321812,-0.959383,-0.0428306,-0.831503,-0.0510533,-0.698821,-0.056589,-0.577136,-0.0594377,-0.467082,-0.0595994,-0.36866,-0.0570741,-0.281868,-0.0518619,-0.206709,-0.0439627,-0.14318,-0.0333765,-0.0912832,-0.0214959,-0.0510174,-0.0120914,-0.0223831,-0.00537397,-0.0053801,-0.00134349,4.44089e-16,-1.04083e-17,-0.5,0,0.22,6.29942
-1.08645,-0.406737,0.6,1.37354,-2,0,0,0,3,0,-2,0,-1.80096,-0.00105956,-1.61592,-0.00423824,-1.44486,-0.00953605,-1.28779,-0.016953,-1.14472,-0.026489,-1.01563,-0.0381442,-0.900536,-0.0519185,-0.79943,-0.0678119,-0.71139,-0.08553,-0.617933,-0.0991866,-0.511838,-0.106481,-0.404443,-0.107414,-0.309652,-0.101985,-0.227499,-0.0901944,-0.157986,-0.0720417,-0.101111,-0.0478837,-0.0568748,-0.0263815,-0.0252777,-0.0112411,-0.00631942,-0.00246257,0,0,-0.5,0,0.22,6.2805
-1.08645,-0.406737,0.8,1.58408,-2,0,0,0,3,0,-2,0,-1.77169,-0.00140927,-1.56199,-0.00563709,-1.3709,-0.0126835,-1.19841,-0.0225484,-1.04453,-0.0352318,-0.909264,-0.0507338,-0.792601,-0.0690544,-0.694546,-0.0901935,-0.615098,-0.114151,-0.554258,-0.140927,-0.498732,-0.164409,-0.429122,-0.175674,-0.345262,-0.174646,-0.254246,-0.161326,-0.176246,-0.135713,-0.112497,-0.097808,-0.062998,-0.0553168,-0.0277498,-0.0245852,-0.00675214,-0.00614631,5.55112e-17,-2.77556e-17,-0.5,0,0.22,6.52039
-1.08645,-0.406737,1,1.92594,-2,0,0,0,3,0,-2,0,-1.72486,-0.00208317,-1.47723,-0.00833269,-1.2571,-0.0187485,-1.06448,-0.0333307,-0.899365,-0.0520793,-0.761755,-0.0749942,-0.65165,-0.102075,-0.569051,-0.133323,-0.513957,-0.168737,-0.486369,-0.208258,-0.477173,-0.244093,-0.450923,-0.262319,-0.404059,-0.261863,-0.336583,-0.242725,-0.248494,-0.204905,-0.157664,-0.148402,-0.0873494,-0.0840703,-0.0376473,-0.0373646,-0.00855789,-0.00934115,8.32667e-17,5.55112e-17,-0.5,0,0.22,6.86224
-1.08645,-0.406737,1.2,2.37389,-2,0,0,0,3,0,-2,0,-1.66481,-0.00316492,-1.37141,-0.0126597,-1.1198,-0.0284842,-0.909973,-0.0506386,-0.741938,-0.0791229,-0.615691,-0.113937,-0.531233,-0.155081,-0.488563,-0.202555,-0.487682,-0.25023,-0.528589,-0.291577,-0.580069,-0.32103,-0.594998,-0.330188,-0.572899,-0.318966,-0.513773,-0.287365,-0.41762,-0.235384,-0.284724,-0.163037,-0.158031,-0.0917082,-0.0683644,-0.0407592,-0.0157254,-0.0101898,-1.66533e-16,-2.77556e-17,-0.5,0,0.22,7.68409
-1.08645,-0.406737,1.4,2.9491,-2,0,0,0,3,0,-2,0,-1.58988,-0.0048845,-1.24426,-0.019538,-0.963124,-0.0439605,-0.746485,-0.078152,-0.59434,-0.122112,-0.506688,-0.175842,-0.48353,-0.236413,-0.524865,-0.289215,-0.630693,-0.332249,-0.784824,-0.364244,-0.892255,-0.377753,-0.937503,-0.371563,-0.920567,-0.345674,-0.841448,-0.300084,-0.700146,-0.234796,-0.49666,-0.153505,-0.279825,-0.0855861,-0.124366,-0.0373668,-0.0310916,-0.00884708,1.11022e-16,0,-0.5,0,0.22,8.83451
-1.08645,-0.406737,1.6,3.16062,-2,0,0,0,3,0,-2,0,-1.56294,-0.0056103,-1.19997,-0.0224412,-0.911064,-0.0504927,-0.696238,-0.0897648,-0.555489,-0.140257,-0.488817,-0.201971,-0.496221,-0.264144,-0.577702,-0.315102,-0.73326,-0.354839,-0.921723,-0.383356,-1.04167,-0.397125,-1.08952,-0.39054,-1.06529,-0.36353,-0.968967,-0.316094,-0.800565,-0.248234,-0.560079,-0.163402,-0.312117,-0.0919135,-0.136033,-0.0408504,-0.032034,-0.0102126,-2.22045e-16,0,-0.5,0,0.22,9.25755
-1.08645,-0.406737,1.8,3.16199,-2,0,0,0,3,0,-2,0,-1.56277,-0.00561516,-1.19968,-0.0224607,-0.910736,-0.0505365,-0.69593,-0.0898426,-0.555265,-0.140379,-0.48874,-0.202146,-0.496357,-0.264316,-0.578114,-0.315259,-0.734012,-0.354972,-0.9224,-0.383455,-1.0413,-0.400707,-1.08661,-0.404406,-1.0605,-0.385496,-0.963196,-0.343063,-0.794686,-0.277108,-0.554973,-0.188175,-0.30954,-0.105849,-0.13519,-0.0470438,-0.0320408,-0.011761,0,-1.11022e-16,-0.5,0,0.22,9.26029
0,0,0.2,1.16025,-2,0,0,0,3,0,-2,0,-1.82091,0,-1.6356,0,-1.45891,0,-1.29233,0,-1.13583,0,-0.989437,0,-0.853137,0,-0.726933,0,-0.610826,0,-0.504815,0,-0.4089,0,-0.323081,0,-0.247359,0,-0.181733,0,-0.126204,0,-0.0807703,0,-0.0454333,0,-0.0201926,0,-0.00504814,0,-2.95823e-31,0,-0.5,0,0.22,6.31414
0,0,0.4,1.16025,-2,0,0,0,3,0,-2,0,-1.82091,0,-1.6356,0,-1.45891,0,-1.29233,0,-1.13583,0,-0.989437,0,-0.853137,0,-0.726933,0,-0.610826,0,-0.504815,0,-0.4089,0,-0.323081,0,-0.247359,0,-0.181733,0,-0.126204,0,-0.0807703,0,-0.0454333,0,-0.0201926,0,-0.00504814,0,4.93038e-31,0,-0.5,0,0.22,6.31414
0,0,0.6,1.16025,-2,0,0,0,3,0,-2,0,-1.82091,0,-1.6356,0,-1.45891,0,-1.29233,0,-1.13583,0,-0.989437,0,-0.853137,0,-0.726933,0,-0.610826,0,-0.504815,0,-0.4089,0,-0.323081,0,-0.247359,0,-0.181733,0,-0.126204,0,-0.0807703,0,-0.0454333,0,-0.0201926,0,-0.00504814,0,0,0,-0.5,0,0.22,6.31414
0,0,0.8,1.16025,-2,0,0,0,3,0,-2,0,-1.82091,0,-1.6356,0,-1.45891,0,-1.29233,0,-1.13583,0,-0.989437,0,-0.853137,0,-0.726933,0,-0.610826,0,-0.504815,0,-0.4089,0,-0.323081,0,-0.247359,0,-0.181733,0,-0.126204,0,-0.0807703,0,-0.0454333,0,-0.0201926,0,-0.00504814,0,-9.86076e-32,0,-0.5,0,0.22,6.31414
0,0,1,1.16025,-2,0,0,0,3,0,-2,0,-1.82091,0,-1.6356,0,-1.45891,0,-1.29233,0,-1.13583,0,-0.989437,0,-0.853137,0,-0.726933,0,-0.610826,0,-0.504815,0,-0.4089,0,-0.323081,0,-0.247359,0,-0.181733,0,-0.126204,0,-0.0807703,0,-0.0454333,0,-0.0201926,0,-0.00504814,0,-1.97215e-31,0,-0.5,0,0.22,6.31414
-0.172909,0.813473,0.2,1.21634,-2,0,0,0,3,0,-2,0,-1.82207,0.00320854,-1.6532,0.0128342,-1.49338,0.0288769,-1.33766,0.0488317,-1.17639,0.0657179,-1.02421,0.0791234,-0.882567,0.0890482,-0.751462,0.0954923,-0.630892,0.0984558,-0.520859,0.0979386,-0.421362,0.0939407,-0.332402,0.0864621,-0.253977,0.0755029,-0.186088,0.061063,-0.128736,0.0435085,-0.0819199,0.0278454,-0.0456399,0.015663,-0.0198961,0.00696135,-0.00468842,0.00174034,0,-2.77556e-17,-0.5,0,0.22,6.16032
-0.172909,0.813473,0.4,1.39262,-2,0,0,0,3,0,-2,0,-1.79704,0.00420593,-1.60595,0.0168237,-1.42672,0.0378534,-1.25936,0.0672949,-1.10386,0.105148,-0.960135,0.150793,-0.826787,0.191111,-0.703404,0.220833,-0.589986,0.239959,-0.486533,0.248489,-0.393045,0.246424,-0.309521,0.233762,-0.235963,0.210504,-0.172369,0.176651,-0.11874,0.132202,-0.0750764,0.084767,-0.0413774,0.0476814,-0.0176433,0.0211917,-0.00387402,0.00529794,-9.99201e-16,-5.55112e-17,-0.5,0,0.22,1.39262
-0.661739,1.48629,0.2,1.21742,-2,0,0,0,3,0,-2,0,-1.82215,0.00285736,-1.65384,0.0114295,-1.49506,0.0257163,-1.34066,0.0434696,-1.1792,0.0584864,-1.02586,0.0704071,-0.883198,0.0792318,-0.751211,0.0849605,-0.6299,0.0875932,-0.519265,0.0871299,-0.419306,0.0835706,-0.330024,0.0769153,-0.251417,0.067164,-0.183486,0.0543167,-0.126232,0.0387001,-0.0796533,0.024768,-0.043751,0.013932,-0.0185247,0.00619201,-0.0039745,0.001548,4.44089e-16,1.38778e-17,-0.5,0,0.22,6.15897
-0.661739,1.48629,0.4,1.35767,-2,0,0,0,3,0,-2,0,-1.80228,0.00355359,-1.61642,0.0142144,-1.44241,0.0319823,-1.28026,0.0568574,-1.12997,0.0888397,-0.99141,0.127834,-0.855861,0.163996,-0.729254,0.19075,-0.612776,0.208095,-0.506426,0.21603,-0.410205,0.214557,-0.324113,0.203675,-0.248149,0.183384,-0.182314,0.153684,-0.126607,0.114575,-0.0810282,0.0729961,-0.0455784,0.0406381,-0.0202571,0.017689,-0.00506426,0.00414874,1.11022e-16,-2.77556e-17,-0.5,0,0.22,6.18002
-0.661739,1.48629,0.6,1.79447,-2,0,0,0,3,0,-2,0,-1.74119,0.00620804,-1.50309,0.0248322,-1.28571,0.0558724,-1.08904,0.0993286,-0.913083,0.155201,-0.757845,0.223489,-0.622915,0.302573,-0.502362,0.368765,-0.394224,0.414242,-0.298502,0.439004,-0.215197,0.443051,-0.144307,0.426382,-0.0858341,0.388999,-0.0397769,0.330901,-0.00613567,0.252088,0.0150894,0.161996,0.0238985,0.09043,0.0202914,0.0395787,0.00620804,0.00944245,5.20417e-18,0,-0.5,0,0.22,1.79447
-1.38197,1.90211,0.2,1.20654,-2,0,0,0,3,0,-2,0,-1.8239,0.00245443,-1.65754,0.0098177,-1.50094,0.0220898,-1.34933,0.0374829,-1.18961,0.0505373,-1.03628,0.0608738,-0.893529,0.0684926,-0.76135,0.0733936,-0.639746,0.0755768,-0.528716,0.0750422,-0.42826,0.0717898,-0.338378,0.0658196,-0.259071,0.0571316,-0.190338,0.0457259,-0.132179,0.0320795,-0.0845945,0.0202334,-0.0475844,0.0111052,-0.0211486,0.00469471,-0.00528716,0.00100202,-2.22045e-16,-6.93889e-18,-0.5,0,0.22,6.14625
-1.38197,1.90211,0.4,1.32971,-2,0,0,0,3,0,-2,0,-1.80647,0.00298113,-1.62478,0.0119245,-1.45493,0.0268302,-1.29694,0.0476981,-1.15078,0.0745282,-1.01647,0.107321,-0.883379,0.139244,-0.752702,0.163011,-0.632479,0.178619,-0.52271,0.186069,-0.423395,0.18536,-0.334534,0.176493,-0.256128,0.159467,-0.188175,0.134282,-0.130677,0.100939,-0.0836335,0.0646897,-0.0470439,0.0362798,-0.0209084,0.0160284,-0.0052271,0.00393559,1.11022e-16,4.16334e-17,-0.5,0,0.22,6.13442
-1.38197,1.90211,0.6,1.65165,-2,0,0,0,3,0,-2,0,-1.76139,0.00459944,-1.54105,0.0183978,-1.33899,0.041395,-1.15521,0.0735911,-0.9897,0.114986,-0.842465,0.16558,-0.713505,0.225373,-0.600446,0.287023,-0.497368,0.331618,-0.403989,0.358199,-0.32031,0.366765,-0.246332,0.357318,-0.182053,0.329856,-0.127474,0.28438,-0.0825947,0.220891,-0.0474156,0.144113,-0.0219365,0.0810635,-0.00615723,0.0360282,-7.79045e-05,0.00900706,1.11022e-16,5.55112e-17,-0.5,0,0.22,1.65165
-2.20906,1.98904,0.2,1.20439,-2,0,0,0,3,0,-2,0,-1.82439,0.0020198,-1.65889,0.00807921,-1.50348,0.0181782,-1.3534,0.0308746,-1.19444,0.0416733,-1.04026,0.0502515,-0.896729,0.0566091,-0.76385,0.0607463,-0.64162,0.0626629,-0.530041,0.062359,-0.429112,0.0598345,-0.338832,0.0550895,-0.259203,0.048124,-0.190224,0.038938,-0.131896,0.0277566,-0.0842168,0.0177642,-0.0471882,0.00999237,-0.0208096,0.00444106,-0.0050812,0.00111026,2.22045e-16,0,-0.5,0,0.22,6.14194
-2.20906,1.98904,0.4,1.30508,-2,0,0,0,3,0,-2,0,-1.81017,0.00237167,-1.6322,0.00948667,-1.46609,0.021345,-1.31184,0.0379467,-1.16945,0.0592917,-1.03892,0.0853801,-0.91165,0.111879,-0.777776,0.131774,-0.653147,0.144967,-0.539393,0.151458,-0.436515,0.151249,-0.344512,0.144338,-0.263385,0.130726,-0.193133,0.110413,-0.133757,0.0833981,-0.0852564,0.0536103,-0.0476312,0.0301558,-0.0208816,0.0134026,-0.00500748,0.00335065,-1.11022e-16,1.38778e-17,-0.5,0,0.22,6.35208
-2.20906,1.98904,0.6,1.53863,-2,0,0,0,3,0,-2,0,-1.77745,0.00329642,-1.57138,0.0131857,-1.3818,0.0296678,-1.20871,0.0527427,-1.0521,0.0824105,-0.911982,0.118671,-0.788347,0.161525,-0.680673,0.210535,-0.574023,0.251441,-0.474344,0.277346,-0.384164,0.288251,-0.303483,0.284155,-0.232301,0.265058,-0.170618,0.23096,-0.118434,0.181862,-0.0757494,0.120005,-0.0425635,0.0675028,-0.0188767,0.0300012,-0.00468893,0.00750031,1.11022e-16,0,-0.5,0,0.22,1.53863
-3,1.73205,0.2,1.20615,-2,0,0,0,3,0,-2,0,-1.82432,0.00151946,-1.65911,0.00607783,-1.50439,0.0136751,-1.35518,0.0232115,-1.19656,0.0313163,-1.04131,0.0377538,-0.896847,0.0425242,-0.763167,0.0456275,-0.640268,0.0470636,-0.528153,0.0468325,-0.426821,0.0449342,-0.336271,0.0413688,-0.256504,0.0361362,-0.18752,0.0292365,-0.129319,0.0208395,-0.0819012,0.0133373,-0.0452657,0.00750224,-0.0194132,0.00333433,-0.00434346,0.000833582,-2.22045e-16,-1.04083e-17,-0.5,0,0.22,6.14181
-3,1.73205,0.4,1.28409,-2,0,0,0,3,0,-2,0,-1.81332,0.00172218,-1.63853,0.00688873,-1.47561,0.0154996,-1.32456,0.0275549,-1.1854,0.0430546,-1.05811,0.0619986,-0.935828,0.0818807,-0.803184,0.0969753,-0.674073,0.107058,-0.556268,0.11213,-0.449769,0.11219,-0.354576,0.107238,-0.270688,0.0972755,-0.198107,0.0823011,-0.136831,0.0623152,-0.0868602,0.0400919,-0.0481956,0.0225517,-0.0208368,0.010023,-0.00478364,0.00250574,0,1.38778e-17,-0.5,0,0.22,6.32562
-3,1.73205,0.6,1.45001,-2,0,0,0,3,0,-2,0,-1.79007,0.00219599,-1.59529,0.00878396,-1.41565,0.0197639,-1.25115,0.0351358,-1.1018,0.0548997,-0.9676,0.0790556,-0.848541,0.107603,-0.744627,0.140543,-0.649035,0.173728,-0.543668,0.196094,-0.440371,0.20704,-0.347948,0.206564,-0.266398,0.194668,-0.195721,0.171351,-0.135917,0.136614,-0.0869869,0.0912981,-0.0489302,0.0513426,-0.0217467,0.0228077,-0.00543668,0.00569355,-1.11022e-16,5.55112e-17,-0.5,0,0.22,6.36135
-3,1.73205,0.8,1.76079,-2,0,0,0,3,0,-2,0,-1.74705,0.00323819,-1.51643,0.0129528,-1.30814,0.0291437,-1.12219,0.0518111,-0.958566,0.0809549,-0.817278,0.116575,-0.698323,0.158672,-0.6017,0.207244,-0.52741,0.262294,-0.462104,0.312305,-0.387235,0.341279,-0.306612,0.349112,-0.234395,0.335805,-0.171862,0.301356,-0.119012,0.245767,-0.0758446,0.169126,-0.0423608,0.0951335,-0.0185602,0.0422816,-0.00444278,0.0105704,2.22045e-16,-5.55112e-17,-0.5,0,0.22,1.76079
-3.61803,1.17557,0.2,1.21071,-2,0,0,0,3,0,-2,0,-1.82381,0.000956351,-1.65844,0.0038254,-1.5039,0.00860716,-1.35491,0.0145852,-1.19613,0.0196557,-1.0398,0.0236823,-0.894413,0.0266649,-0.759968,0.0286034,-0.636467,0.029498,-0.52391,0.0293486,-0.422297,0.0281553,-0.331628,0.0259179,-0.251902,0.0226365,-0.183121,0.0183112,-0.125283,0.0130498,-0.0783895,0.00835189,-0.0424396,0.00469794,-0.0174335,0.00208797,-0.00337138,0.000521993,4.44089e-16,0,-0.5,0,0.22,6.14494
-3.61803,1.17557,0.4,1.26343,-2,0,0,0,3,0,-2,0,-1.81638,0.00104146,-1.64455,0.00416583,-1.48451,0.00937311,-1.33626,0.0166633,-1.1998,0.0260364,-1.07512,0.0374924,-0.957029,0.04987,-0.828665,0.0594122,-0.696408,0.0658321,-0.57531,0.0691299,-0.465771,0.0693055,-0.367788,0.0663589,-0.281364,0.0602901,-0.206496,0.0510991,-0.143187,0.0387859,-0.0914349,0.0249776,-0.0512405,0.0140499,-0.0226037,0.00624439,-0.00552449,0.0015611,1.11022e-16,-1.38778e-17,-0.5,0,0.22,6.30171
-3.61803,1.17557,0.6,1.38588,-2,0,0,0,3,0,-2,0,-1.79921,0.00125311,-1.61261,0.00501243,-1.44019,0.011278,-1.28196,0.0200497,-1.13791,0.0313277,-1.00805,0.0451119,-0.892368,0.0614023,-0.790875,0.080199,-0.702018,0.100934,-0.606494,0.116533,-0.498679,0.124879,-0.393491,0.125971,-0.300747,0.11981,-0.220449,0.106395,-0.152596,0.0857273,-0.097189,0.0580273,-0.0542272,0.0326404,-0.0237108,0.0145068,-0.00563985,0.00362671,-3.33067e-16,0,-0.5,0,0.22,6.29345
-3.61803,1.17557,0.8,1.60972,-2,0,0,0,3,0,-2,0,-1.76811,0.00169061,-1.55536,0.00676244,-1.36174,0.0152155,-1.18727,0.0270497,-1.03193,0.0422652,-0.895727,0.0608619,-0.778663,0.0828398,-0.680737,0.108199,-0.601949,0.136939,-0.542239,0.169029,-0.483491,0.194749,-0.411343,0.206394,-0.325794,0.203964,-0.239074,0.187459,-0.165728,0.156879,-0.105782,0.112224,-0.0592368,0.0633379,-0.0260922,0.0281502,-0.00634816,0.00703754,-5.55112e-17,1.38778e-17,-0.5,0,0.22,6.54649
-3.61803,1.17557,1,1.97448,-2,0,0,0,3,0,-2,0,-1.71822,0.00254359,-1.46524,0.0101744,-1.24105,0.0228923,-1.04566,0.0406975,-0.879055,0.0635898,-0.741247,0.0915693,-0.632232,0.124636,-0.55201,0.16279,-0.500582,0.206031,-0.477947,0.254359,-0.466052,0.297364,-0.43573,0.318225,-0.386583,0.316713,-0.31861,0.292828,-0.231914,0.24657,-0.147883,0.177938,-0.0826776,0.100679,-0.0362973,0.0447461,-0.0087422,0.0111865,0,0,-0.5,0,0.22,6.91125
-3.61803,1.17557,1.2,2.48014,-2,0,0,0,3,0,-2,0,-1.65069,0.00401321,-1.34682,0.0160528,-1.08837,0.0361188,-0.875354,0.0642113,-0.707766,0.10033,-0.585608,0.144475,-0.508879,0.196647,-0.47758,0.256845,-0.49171,0.32507,-0.547113,0.399284,-0.586573,0.451454,-0.59185,0.472643,-0.562945,0.46285,-0.499857,0.422077,-0.402587,0.350322,-0.272211,0.247587,-0.152885,0.139415,-0.0677413,0.0619622,-0.0167802,0.0154905,0,5.55112e-17,-0.5,0,0.22,7.89704
-3.61803,1.17557,1.4,3.06309,-2,0,0,0,3,0,-2,0,-1.57518,0.00612153,-1.21966,0.0244861,-0.93344,0.0550938,-0.716511,0.0979445,-0.568878,0.153038,-0.490541,0.220375,-0.4815,0.299955,-0.541754,0.391635,-0.671304,0.48771,-0.822491,0.570169,-0.915055,0.61608,-0.94771,0.625077,-0.920457,0.597158,-0.833294,0.532325,-0.686222,0.430577,-0.479241,0.29261,-0.26959,0.164087,-0.119818,0.0724785,-0.0299545,0.0177849,-1.11022e-16,-1.66533e-16,-0.5,0,0.22,9.06295
-3.61803,1.17557,1.6,3.72676,-2,0,0,0,3,0,-2,0,-1.49227,0.00906158,-1.08713,0.0362463,-0.784553,0.0815542,-0.584558,0.144985,-0.487141,0.226539,-0.4923,0.326217,-0.600036,0.441275,-0.81035,0.558166,-1.10633,0.671449,-1.34111,0.749781,-1.48066,0.785901,-1.52498,0.779809,-1.47407,0.731504,-1.32794,0.640987,-1.08657,0.508258,-0.750073,0.337698,-0.419722,0.189955,-0.184601,0.0844245,-0.0447087,0.0211061,2.22045e-16,5.55112e-17,-0.5,0,0.22,10.3903
-3.61803,1.17557,1.8,4.43653,-2,0,0,0,3,0,-2,0,-1.40721,0.0128418,-0.959781,0.0513673,-0.657725,0.115576,-0.501039,0.205469,-0.489722,0.321045,-0.623774,0.457955,-0.903196,0.597109,-1.32799,0.736262,-1.78636,0.856754,-2.10686,0.929964,-2.28762,0.955579,-2.32865,0.933601,-2.22993,0.864028,-1.99148,0.746862,-1.61329,0.582101,-1.09743,0.380753,-0.613491,0.214173,-0.269288,0.0951882,-0.0648221,0.023797,6.66134e-16,0,-0.5,0,0.22,11.8098
-3.61803,1.17557,2,5.16227,-2,0,0,0,3,0,-2,0,-1.32407,0.0173869,-0.844959,0.0695474,-0.562667,0.156482,-0.477194,0.27819,-0.58854,0.432617,-0.896705,0.594534,-1.40169,0.75645,-2.09115,0.908381,-2.6964,1.01593,-3.10808,1.07374,-3.32619,1.08178,-3.35071,1.04008,-3.18166,0.948622,-2.81904,0.807413,-2.26284,0.616451,-1.52115,0.39802,-0.850531,0.223886,-0.373485,0.099505,-0.0900161,0.0248763,-4.44089e-16,-1.11022e-16,-0.5,0,0.22,13.2613
-3.61803,1.17557,2.2,5.33163,-2,0,0,0,3,0,-2,0,-1.30523,0.0185465,-0.820401,0.0741858,-0.545521,0.166918,-0.480586,0.296743,-0.625597,0.459179,-0.980554,0.626408,-1.54546,0.793636,-2.29846,0.943404,-2.93868,1.05217,-3.37184,1.11021,-3.59804,1.11708,-3.61727,1.07279,-3.42954,0.977324,-3.03484,0.830694,-2.43317,0.632896,-1.63424,0.409344,-0.91525,0.230256,-0.403224,0.102336,-0.098164,0.025584,-8.88178e-16,0,-0.5,0,0.22,13.6
-3.61803,1.17557,2.4,5.32606,-2,0,0,0,3,0,-2,0,-1.30584,0.0185077,-0.821196,0.0740309,-0.546055,0.166569,-0.480421,0.296123,-0.624294,0.458305,-0.977675,0.625359,-1.54056,0.792413,-2.29223,0.942306,-2.93281,1.05521,-3.36566,1.12301,-3.59261,1.13722,-3.61367,1.09784,-3.42884,1.00487,-3.03811,0.858305,-2.4415,0.658149,-1.64713,0.425796,-0.926512,0.238961,-0.411783,0.105717,-0.102946,0.0260652,-4.44089e-16,0,-0.5,0,0.22,13.5889
-3.61803,1.17557,2.6,5.33075,-2,0,0,0,3,0,-2,0,-1.30533,0.0185403,-0.820527,0.0741613,-0.545605,0.166863,-0.48056,0.296645,-0.625391,0.459041,-0.980099,0.626242,-1.54468,0.793443,-2.29747,0.943231,-2.93706,1.05596,-3.36689,1.13103,-3.58992,1.15533,-3.60737,1.12342,-3.41924,1.0353,-3.02553,0.890963,-2.42624,0.690415,-1.63095,0.449706,-0.914849,0.25296,-0.404329,0.112427,-0.0993885,0.0281066,4.44089e-16,0,-0.5,0,0.22,13.5983
-3.61803,1.17557,2.8,5.3282,-2,0,0,0,3,0,-2,0,-1.30561,0.0185226,-0.820891,0.0740903,-0.54585,0.166703,-0.480484,0.296361,-0.624793,0.45864,-0.978779,0.625761,-1.54244,0.792882,-2.29462,0.942728,-2.93475,1.05555,-3.3652,1.13133,-3.58662,1.16731,-3.60303,1.14634,-3.41513,1.06545,-3.02291,0.92462,-2.42637,0.723862,-1.63452,0.474525,-0.919416,0.266001,-0.408629,0.117408,-0.102157,0.0287452,4.44089e-16,-2.22045e-16,-0.5,0,0.22,13.5932
-3.61803,1.17557,3,5.33,-2,0,0,0,3,0,-2,0,-1.30541,0.0185351,-0.820635,0.0741403,-0.545677,0.166816,-0.480537,0.296561,-0.625214,0.458922,-0.979708,0.6261,-1.54402,0.793277,-2.29663,0.943082,-2.93637,1.05584,-3.3663,1.13152,-3.58641,1.17013,-3.59855,1.16415,-3.40735,1.09472,-3.01304,0.960938,-2.4156,0.762811,-1.62494,0.50636,-0.91403,0.283258,-0.406235,0.124503,-0.101559,0.0300949,-8.88178e-16,0,-0.5,0,0.22,13.5968
-3.9563,0.415823,0.2,1.19648,-2,0,0,0,3,0,-2,0,-1.82589,0.00031275,-1.66249,0.001251,-1.50982,0.00281475,-1.36323,0.00479091,-1.20719,0.00646296,-1.05159,0.00777274,-0.906732,0.00872026,-0.7726,0.0093055,-0.649199,0.00952848,-0.536528,0.00938919,-0.434588,0.00888763,-0.343378,0.00802381,-0.262899,0.00679772,-0.19315,0.00520936,-0.134132,0.00346537,-0.0858445,0.00206196,-0.0482875,0.00102082,-0.0214611,0.00034194,-0.00536528,2.53313e-05,2.22045e-16,-1.73472e-18,-0.5,0,0.22,6.12993
-3.9563,0.415823,0.4,1.25261,-2,0,0,0,3,0,-2,0,-1.81798,0.000342786,-1.64771,0.00137115,-1.48919,0.00308508,-1.34241,0.00548458,-1.20739,0.00856966,-1.08411,0.0123403,-0.968162,0.0164709,-0.842249,0.0196853,-0.709137,0.021854,-0.586064,0.0229772,-0.474712,0.0230547,-0.375081,0.0220866,-0.287171,0.0200729,-0.210983,0.0170136,-0.146516,0.0129087,-0.0937702,0.00830105,-0.0527457,0.0046574,-0.0234426,0.00205936,-0.00586064,0.000506936,3.33067e-16,0,-0.5,0,0.22,6.28935
-3.9563,0.415823,0.6,1.34758,-2,0,0,0,3,0,-2,0,-1.80466,0.000396733,-1.62292,0.00158693,-1.45477,0.0035706,-1.30022,0.00634773,-1.15927,0.00991833,-1.03192,0.0142824,-0.918159,0.0194399,-0.817996,0.0253909,-0.731309,0.0321205,-0.642279,0.0377025,-0.53986,0.0407915,-0.428471,0.0413876,-0.328048,0.0394907,-0.241015,0.0351008,-0.167371,0.028218,-0.107118,0.0189249,-0.0602537,0.0104576,-0.0267794,0.00448319,-0.00669485,0.00100179,2.77556e-16,0,-0.5,0,0.22,6.25288
-3.9563,0.415823,0.8,1.52046,-2,0,0,0,3,0,-2,0,-1.78058,0.000505058,-1.57848,0.00202023,-1.39368,0.00454553,-1.22619,0.00808093,-1.07602,0.0126265,-0.943146,0.0181821,-0.827586,0.0247479,-0.729335,0.0323237,-0.648393,0.0409097,-0.58476,0.0505058,-0.534581,0.0604248,-0.472449,0.0661375,-0.393724,0.0668171,-0.298656,0.0624635,-0.2074,0.0530768,-0.132736,0.0386569,-0.074664,0.0217577,-0.033184,0.00947498,-0.008296,0.0022254,2.22045e-16,0,-0.5,0,0.22,6.45566
-3.9563,0.415823,1,1.83572,-2,0,0,0,3,0,-2,0,-1.73726,0.000736208,-1.49975,0.00294483,-1.28747,0.00662587,-1.10042,0.0117793,-0.9386,0.0184052,-0.802013,0.0265035,-0.690657,0.0360742,-0.604532,0.0471173,-0.543638,0.0596328,-0.507974,0.0736208,-0.497271,0.0890276,-0.482343,0.100095,-0.443515,0.10294,-0.380788,0.097563,-0.294162,0.0839644,-0.191194,0.0621439,-0.107546,0.0352001,-0.0477984,0.0152523,-0.0119496,0.00352642,-1.94289e-16,0,-0.5,0,0.22,6.77091
-3.9563,0.415823,1.2,2.33761,-2,0,0,0,3,0,-2,0,-1.66982,0.00119381,-1.38054,0.00477522,-1.13219,0.0107442,-0.924742,0.0191009,-0.758211,0.0298451,-0.632594,0.042977,-0.547891,0.0584965,-0.504101,0.0764035,-0.501225,0.0966982,-0.539263,0.119381,-0.596605,0.140871,-0.617312,0.151906,-0.598521,0.15201,-0.540232,0.141183,-0.442443,0.119425,-0.305176,0.0867366,-0.169657,0.0491884,-0.0736377,0.0218615,-0.0171166,0.00546537,0,0,-0.5,0,0.22,7.61042
-3.9563,0.415823,1.4,2.96072,-2,0,0,0,3,0,-2,0,-1.58871,0.00191506,-1.24305,0.00766024,-0.963022,0.0172355,-0.748627,0.030641,-0.599865,0.0478765,-0.516734,0.0689422,-0.499235,0.0938379,-0.547369,0.122564,-0.661135,0.153632,-0.821357,0.182867,-0.930661,0.200794,-0.975446,0.206092,-0.955711,0.198762,-0.871456,0.178804,-0.722681,0.146218,-0.509387,0.101025,-0.285614,0.0568264,-0.125896,0.0252562,-0.030698,0.00631405,1.66533e-16,-4.16334e-17,-0.5,0,0.22,8.85663
-3.9563,0.415823,1.6,3.6599,-2,0,0,0,3,0,-2,0,-1.50116,0.00292635,-1.10261,0.0117054,-0.804355,0.0263372,-0.606388,0.0468216,-0.508711,0.0731588,-0.511326,0.105349,-0.614231,0.142844,-0.817426,0.181283,-1.11434,0.219246,-1.36702,0.246763,-1.52028,0.259844,-1.57412,0.258489,-1.52855,0.242699,-1.38355,0.212472,-1.13914,0.16781,-0.795307,0.110396,-0.447384,0.0611573,-0.198837,0.0263549,-0.0497094,0.00598824,0,-5.55112e-17,-0.5,0,0.22,10.255
-3.9563,0.415823,1.8,4.39999,-2,0,0,0,3,0,-2,0,-1.41248,0.00422953,-0.969908,0.0169181,-0.672292,0.0380658,-0.519628,0.0676725,-0.511917,0.105738,-0.649158,0.151043,-0.931352,0.197255,-1.3585,0.243466,-1.83378,0.284322,-2.16953,0.309437,-2.36097,0.318548,-2.40809,0.311655,-2.3109,0.288758,-2.06939,0.249857,-1.68357,0.194951,-1.15452,0.127563,-0.649416,0.0716657,-0.288629,0.0317731,-0.0721573,0.00788467,2.22045e-16,0,-0.5,0,0.22,11.7352
-3.9563,0.415823,2,5.16062,-2,0,0,0,3,0,-2,0,-1.32561,0.00581825,-0.850615,0.023273,-0.575024,0.0523643,-0.498834,0.093092,-0.622044,0.144775,-0.944655,0.198975,-1.46667,0.253175,-2.17573,0.30656,-2.79818,0.346548,-3.22168,0.368788,-3.44624,0.373281,-3.47184,0.360026,-3.29849,0.329023,-2.92619,0.280273,-2.35494,0.213775,-1.5916,0.1372,-0.895275,0.0762887,-0.3979,0.0331252,-0.099475,0.00770925,4.44089e-16,0,-0.5,0,0.22,13.2564
-3.9563,0.415823,2.2,5.45407,-2,0,0,0,3,0,-2,0,-1.29325,0.00649875,-0.809224,0.025995,-0.547921,0.0584888,-0.509339,0.10398,-0.693481,0.160185,-1.10034,0.217467,-1.72993,0.274749,-2.54906,0.328465,-3.2296,0.367245,-3.68781,0.387577,-3.92368,0.38945,-3.93721,0.372864,-3.72841,0.337818,-3.29726,0.284312,-2.64379,0.212347,-1.77869,0.134244,-1.00051,0.073074,-0.444673,0.0303632,-0.111168,0.00611194,6.66134e-16,2.77556e-17,-0.5,0,0.22,13.8433
-3.9563,0.415823,2.4,5.49302,-2,0,0,0,3,0,-2,0,-1.289,0.0065919,-0.803925,0.0263676,-0.544759,0.0593271,-0.511509,0.10547,-0.704174,0.16223,-1.12275,0.219922,-1.76725,0.277613,-2.59393,0.331166,-3.26556,0.371631,-3.71156,0.394882,-3.93204,0.399409,-3.92699,0.385211,-3.69642,0.35229,-3.24033,0.300644,-2.55871,0.230275,-1.67661,0.149793,-0.919759,0.0842583,-0.388429,0.0374481,-0.082622,0.00936204,-8.88178e-16,0,-0.5,0,0.22,13.9212
-3.9563,0.415823,2.6,5.45389,-2,0,0,0,3,0,-2,0,-1.29327,0.00649833,-0.809249,0.0259933,-0.547935,0.058485,-0.50933,0.103973,-0.693432,0.160175,-1.10024,0.217456,-1.72976,0.274736,-2.54885,0.328453,-3.22927,0.36961,-3.68703,0.397031,-3.92251,0.405605,-3.93579,0.394357,-3.72687,0.363286,-3.29574,0.312394,-2.64241,0.24168,-1.77764,0.157245,-0.99992,0.0882015,-0.444409,0.0389799,-0.111102,0.00958031,2.22045e-16,0,-0.5,0,0.22,13.843
-3.9563,0.415823,2.8,5.45414,-2,0,0,0,3,0,-2,0,-1.29324,0.00649892,-0.809215,0.0259957,-0.547915,0.0584903,-0.509343,0.103983,-0.6935,0.160189,-1.10039,0.217472,-1.73,0.274755,-2.54914,0.32847,-3.2295,0.369624,-3.68713,0.39778,-3.9222,0.410741,-3.93515,0.402808,-3.726,0.373688,-3.29475,0.32338,-2.64141,0.251886,-1.77679,0.163895,-0.999446,0.0911528,-0.444198,0.0395972,-0.11105,0.00922857,4.44089e-16,0,-0.5,0,0.22,13.8435
-3.9563,0.415823,3,5.45424,-2,0,0,0,3,0,-2,0,-1.29323,0.00649917,-0.809201,0.0259967,-0.547906,0.0584925,-0.509349,0.103987,-0.693528,0.160194,-1.10044,0.217478,-1.7301,0.274762,-2.54926,0.328477,-3.2296,0.36963,-3.6872,0.397785,-3.92206,0.412941,-3.93457,0.410328,-3.7251,0.385166,-3.29366,0.337453,-2.64025,0.267189,-1.77579,0.176802,-0.99888,0.0987803,-0.443947,0.0433093,-0.110987,0.0103886,-4.44089e-16,1.38778e-16,-0.5,0,0.22,13.8437
-3.9563,-0.415823,0.2,1.19648,-2,0,0,0,3,0,-2,0,-1.82589,-0.00031275,-1.66249,-0.001251,-1.50982,-0.00281475,-1.36323,-0.00479091,-1.20719,-0.00646296,-1.05159,-0.00777274,-0.906732,-0.00872026,-0.7726,-0.0093055,-0.649199,-0.00952848,-0.536528,-0.00938919,-0.434588,-0.00888763,-0.343378,-0.00802381,-0.262899,-0.00679772,-0.19315,-0.00520936,-0.134132,-0.00346537,-0.0858445,-0.00206196,-0.0482875,-0.00102082,-0.0214611,-0.00034194,-0.00536528,-2.53313e-05,2.22045e-16,1.73472e-18,-0.5,0,0.22,6.12993
-3.9563,-0.415823,0.4,1.25261,-2,0,0,0,3,0,-2,0,-1.81798,-0.000342786,-1.64771,-0.00137115,-1.48919,-0.00308508,-1.34241,-0.00548458,-1.20739,-0.00856966,-1.08411,-0.0123403,-0.968162,-0.0164709,-0.842249,-0.0196853,-0.709137,-0.021854,-0.586064,-0.0229772,-0.474712,-0.0230547,-0.375081,-0.0220866,-0.287171,-0.0200729,-0.210983,-0.0170136,-0.146516,-0.0129087,-0.0937702,-0.00830105,-0.0527457,-0.0046574,-0.0234426,-0.00205936,-0.00586064,-0.000506936,3.33067e-16,0,-0.5,0,0.22,6.28935
-3.9563,-0.415823,0.6,1.34758,-2,0,0,0,3,0,-2,0,-1.80466,-0.000396733,-1.62292,-0.00158693,-1.45477,-0.0035706,-1.30022,-0.00634773,-1.15927,-0.00991833,-1.03192,-0.0142824,-0.918159,-0.0194399,-0.817996,-0.0253909,-0.731309,-0.0321205,-0.642279,-0.0377025,-0.53986,-0.0407915,-0.428471,-0.0413876,-0.328048,-0.0394907,-0.241015,-0.0351008,-0.167371,-0.028218,-0.107118,-0.0189249,-0.0602537,-0.0104576,-0.0267794,-0.00448319,-0.00669485,-0.00100179,2.77556e-16,0,-0.5,0,0.22,6.25288
-3.9563,-0.415823,0.8,1.52046,-2,0,0,0,3,0,-2,0,-1.78058,-0.000505058,-1.57848,-0.00202023,-1.39368,-0.00454553,-1.22619,-0.00808093,-1.07602,-0.0126265,-0.943146,-0.0181821,-0.827586,-0.0247479,-0.729335,-0.0323237,-0.648393,-0.0409097,-0.58476,-0.0505058,-0.534581,-0.0604248,-0.472449,-0.0661375,-0.393724,-0.0668171,-0.298656,-0.0624635,-0.2074,-0.0530768,-0.132736,-0.0386569,-0.074664,-0.0217577,-0.033184,-0.00947498,-0.008296,-0.0022254,2.22045e-16,0,-0.5,0,0.22,6.45566
-3.9563,-0.415823,1,1.83572,-2,0,0,0,3,0,-2,0,-1.73726,-0.000736208,-1.49975,-0.00294483,-1.28747,-0.00662587,-1.10042,-0.0117793,-0.9386,-0.0184052,-0.802013,-0.0265035,-0.690657,-0.0360742,-0.604532,-0.0471173,-0.543638,-0.0596328,-0.507974,-0.0736208,-0.497271,-0.0890276,-0.482343,-0.100095,-0.443515,-0.10294,-0.380788,-0.097563,-0.294162,-0.0839644,-0.191194,-0.0621439,-0.107546,-0.0352001,-0.0477984,-0.0152523,-0.0119496,-0.00352642,-1.94289e-16,0,-0.5,0,0.22,6.77091
-3.9563,-0.415823,1.2,2.33761,-2,0,0,0,3,0,-2,0,-1.66982,-0.00119381,-1.38054,-0.00477522,-1.13219,-0.0107442,-0.924742,-0.0191009,-0.758211,-0.0298451,-0.632594,-0.042977,-0.547891,-0.0584965,-0.504101,-0.0764035,-0.501225,-0.0966982,-0.539263,-0.119381,-0.596605,-0.140871,-0.617312,-0.151906,-0.598521,-0.15201,-0.540232,-0.141183,-0.442443,-0.119425,-0.305176,-0.0867366,-0.169657,-0.0491884,-0.0736377,-0.0218615,-0.0171166,-0.00546537,0,0,-0.5,0,0.22,7.61042
-3.9563,-0.415823,1.4,2.96072,-2,0,0,0,3,0,-2,0,-1.58871,-0.00191506,-1.24305,-0.00766024,-0.963022,-0.0172355,-0.748627,-0.030641,-0.599865,-0.0478765,-0.516734,-0.0689422,-0.499235,-0.0938379,-0.547369,-0.122564,-0.661135,-0.153632,-0.821357,-0.182867,-0.930661,-0.200794,-0.975446,-0.206092,-0.955711,-0.198762,-0.871456,-0.178804,-0.722681,-0.146218,-0.509387,-0.101025,-0.285614,-0.0568264,-0.125896,-0.0252562,-0.030698,-0.00631405,1.66533e-16,4.16334e-17,-0.5,0,0.22,8.85663
-3.9563,-0.415823,1.6,3.6599,-2,0,0,0,3,0,-2,0,-1.50116,-0.00292635,-1.10261,-0.0117054,-0.804355,-0.0263372,-0.606388,-0.0468216,-0.508711,-0.0731588,-0.511326,-0.105349,-0.614231,-0.142844,-0.817426,-0.181283,-1.11434,-0.219246,-1.36702,-0.246763,-1.52028,-0.259844,-1.57412,-0.258489,-1.52855,-0.242699,-1.38355,-0.212472,-1.13914,-0.16781,-0.795307,-0.110396,-0.447384,-0.0611573,-0.198837,-0.0263549,-0.0497094,-0.00598824,0,5.55112e-17,-0.5,0,0.22,10.255
-3.9563,-0.415823,1.8,4.39999,-2,0,0,0,3,0,-2,0,-1.41248,-0.00422953,-0.969908,-0.0169181,-0.672292,-0.0380658,-0.519628,-0.0676725,-0.511917,-0.105738,-0.649158,-0.151043,-0.931352,-0.197255,-1.3585,-0.243466,-1.83378,-0.284322,-2.16953,-0.309437,-2.36097,-0.318548,-2.40809,-0.311655,-2.3109,-0.288758,-2.06939,-0.249857,-1.68357,-0.194951,-1.15452,-0.127563,-0.649416,-0.0716657,-0.288629,-0.0317731,-0.0721573,-0.00788467,2.22045e-16,0,-0.5,0,0.22,11.7352
-3.9563,-0.415823,2,5.16062,-2,0,0,0,3,0,-2,0,-1.32561,-0.00581825,-0.850615,-0.023273,-0.575024,-0.0523643,-0.498834,-0.093092,-0.622044,-0.144775,-0.944655,-0.198975,-1.46667,-0.253175,-2.17573,-0.30656,-2.79818,-0.346548,-3.22168,-0.368788,-3.44624,-0.373281,-3.47184,-0.360026,-3.29849,-0.329023,-2.92619,-0.280273,-2.35494,-0.213775,-1.5916,-0.1372,-0.895275,-0.0762887,-0.3979,-0.0331252,-0.099475,-0.00770925,4.44089e-16,-2.77556e-17,-0.5,0,0.22,13.2564
-3.9563,-0.415823,2.2,5.45407,-2,0,0,0,3,0,-2,0,-1.29325,-0.00649875,-0.809224,-0.025995,-0.547921,-0.0584888,-0.509339,-0.10398,-0.693481,-0.160185,-1.10034,-0.217467,-1.72993,-0.274749,-2.54906,-0.328465,-3.2296,-0.367245,-3.68781,-0.387577,-3.92368,-0.38945,-3.93721,-0.372864,-3.72841,-0.337818,-3.29726,-0.284312,-2.64379,-0.212347,-1.77869,-0.134244,-1.00051,-0.073074,-0.444673,-0.0303632,-0.111168,-0.00611194,6.66134e-16,-2.77556e-17,-0.5,0,0.22,13.8433
-3.9563,-0.415823,2.4,5.49302,-2,0,0,0,3,0,-2,0,-1.289,-0.0065919,-0.803925,-0.0263676,-0.544759,-0.0593271,-0.511509,-0.10547,-0.704174,-0.16223,-1.12275,-0.219922,-1.76725,-0.277613,-2.59393,-0.331166,-3.26556,-0.371631,-3.71156,-0.394882,-3.93204,-0.399409,-3.92699,-0.385211,-3.69642,-0.35229,-3.24033,-0.300644,-2.55871,-0.230275,-1.67661,-0.149793,-0.919759,-0.0842583,-0.388429,-0.0374481,-0.082622,-0.00936204,-8.88178e-16,0,-0.5,0,0.22,13.9212
-3.9563,-0.415823,2.6,5.45389,-2,0,0,0,3,0,-2,0,-1.29327,-0.00649833,-0.809249,-0.0259933,-0.547935,-0.058485,-0.50933,-0.103973,-0.693432,-0.160175,-1.10024,-0.217456,-1.72976,-0.274736,-2.54885,-0.328453,-3.22927,-0.36961,-3.68703,-0.397031,-3.92251,-0.405605,-3.93579,-0.394357,-3.72687,-0.363286,-3.29574,-0.312394,-2.64241,-0.24168,-1.77764,-0.157245,-0.99992,-0.0882015,-0.444409,-0.0389799,-0.111102,-0.00958031,2.22045e-16,0,-0.5,0,0.22,13.843
-3.9563,-0.415823,2.8,5.45414,-2,0,0,0,3,0,-2,0,-1.29324,-0.00649892,-0.809215,-0.0259957,-0.547915,-0.0584903,-0.509343,-0.103983,-0.6935,-0.160189,-1.10039,-0.217472,-1.73,-0.274755,-2.54914,-0.32847,-3.2295,-0.369624,-3.68713,-0.39778,-3.9222,-0.410741,-3.93515,-0.402808,-3.726,-0.373688,-3.29475,-0.32338,-2.64141,-0.251886,-1.77679,-0.163895,-0.999446,-0.0911528,-0.444198,-0.0395972,-0.11105,-0.00922857,4.44089e-16,8.32667e-17,-0.5,0,0.22,13.8435
-3.9563,-0.415823,3,5.45424,-2,0,0,0,3,0,-2,0,-1.29323,-0.00649917,-0.809201,-0.0259967,-0.547906,-0.0584925,-0.509349,-0.103987,-0.693528,-0.160194,-1.10044,-0.217478,-1.7301,-0.274762,-2.54926,-0.328477,-3.2296,-0.36963,-3.6872,-0.397785,-3.92206,-0.412941,-3.93457,-0.410328,-3.7251,-0.385166,-3.29366,-0.337453,-2.64025,-0.267189,-1.77579,-0.176802,-0.99888,-0.0987803,-0.443947,-0.0433093,-0.110987,-0.0103886,-4.44089e-16,-1.11022e-16,-0.5,0,0.22,13.8437
-3.61803,-1.17557,0.2,1.21071,-2,0,0,0,3,0,-2,0,-1.82381,-0.000956351,-1.65844,-0.0038254,-1.5039,-0.00860716,-1.35491,-0.0145852,-1.19613,-0.0196557,-1.0398,-0.0236823,-0.894413,-0.0266649,-0.759968,-0.0286034,-0.636467,-0.029498,-0.52391,-0.0293486,-0.422297,-0.0281553,-0.331628,-0.0259179,-0.251902,-0.0226365,-0.183121,-0.0183112,-0.125283,-0.0130498,-0.0783895,-0.00835189,-0.0424396,-0.00469794,-0.0174335,-0.00208797,-0.00337138,-0.000521993,4.44089e-16,0,-0.5,0,0.22,6.14494
-3.61803,-1.17557,0.4,1.26343,-2,0,0,0,3,0,-2,0,-1.81638,-0.00104146,-1.64455,-0.00416583,-1.48451,-0.00937311,-1.33626,-0.0166633,-1.1998,-0.0260364,-1.07512,-0.0374924,-0.957029,-0.04987,-0.828665,-0.0594122,-0.696408,-0.0658321,-0.57531,-0.0691299,-0.465771,-0.0693055,-0.367788,-0.0663589,-0.281364,-0.0602901,-0.206496,-0.0510991,-0.143187,-0.0387859,-0.0914349,-0.0249776,-0.0512405,-0.0140499,-0.0226037,-0.00624439,-0.00552449,-0.0015611,1.11022e-16,1.38778e-17,-0.5,0,0.22,6.30171
-3.61803,-1.17557,0.6,1.38588,-2,0,0,0,3,0,-2,0,-1.79921,-0.00125311,-1.61261,-0.00501243,-1.44019,-0.011278,-1.28196,-0.0200497,-1.13791,-0.0313277,-1.00805,-0.0451119,-0.892368,-0.0614023,-0.790875,-0.080199,-0.702018,-0.100934,-0.606494,-0.116533,-0.498679,-0.124879,-0.393491,-0.125971,-0.300747,-0.11981,-0.220449,-0.106395,-0.152596,-0.0857273,-0.097189,-0.0580273,-0.0542272,-0.0326404,-0.0237108,-0.0145068,-0.00563985,-0.00362671,-3.33067e-16,0,-0.5,0,0.22,6.29345
-3.61803,-1.17557,0.8,1.60972,-2,0,0,0,3,0,-2,0,-1.76811,-0.00169061,-1.55536,-0.00676244,-1.36174,-0.0152155,-1.18727,-0.0270497,-1.03193,-0.0422652,-0.895727,-0.0608619,-0.778663,-0.0828398,-0.680737,-0.108199,-0.601949,-0.136939,-0.542239,-0.169029,-0.483491,-0.194749,-0.411343,-0.206394,-0.325794,-0.203964,-0.239074,-0.187459,-0.165728,-0.156879,-0.105782,-0.112224,-0.0592368,-0.0633379,-0.0260922,-0.0281502,-0.00634816,-0.00703754,-5.55112e-17,-1.38778e-17,-0.5,0,0.22,6.54649
-3.61803,-1.17557,1,1.97448,-2,0,0,0,3,0,-2,0,-1.71822,-0.00254359,-1.46524,-0.0101744,-1.24105,-0.0228923,-1.04566,-0.0406975,-0.879055,-0.0635898,-0.741247,-0.0915693,-0.632232,-0.124636,-0.55201,-0.16279,-0.500582,-0.206031,-0.477947,-0.254359,-0.466052,-0.297364,-0.43573,-0.318225,-0.386583,-0.316713,-0.31861,-0.292828,-0.231914,-0.24657,-0.147883,-0.177938,-0.0826776,-0.100679,-0.0362973,-0.0447461,-0.0087422,-0.0111865,0,0,-0.5,0,0.22,6.91125
-3.61803,-1.17557,1.2,2.48014,-2,0,0,0,3,0,-2,0,-1.65069,-0.00401321,-1.34682,-0.0160528,-1.08837,-0.0361188,-0.875354,-0.0642113,-0.707766,-0.10033,-0.585608,-0.144475,-0.508879,-0.196647,-0.47758,-0.256845,-0.49171,-0.32507,-0.547113,-0.399284,-0.586573,-0.451454,-0.59185,-0.472643,-0.562945,-0.46285,-0.499857,-0.422077,-0.402587,-0.350322,-0.272211,-0.247587,-0.152885,-0.139415,-0.0677413,-0.0619622,-0.0167802,-0.0154905,0,-5.55112e-17,-0.5,0,0.22,7.89704
-3.61803,-1.17557,1.4,3.06309,-2,0,0,0,3,0,-2,0,-1.57518,-0.00612153,-1.21966,-0.0244861,-0.93344,-0.0550938,-0.716511,-0.0979445,-0.568878,-0.153038,-0.490541,-0.220375,-0.4815,-0.299955,-0.541754,-0.391635,-0.671304,-0.48771,-0.822491,-0.570169,-0.915055,-0.61608,-0.94771,-0.625077,-0.920457,-0.597158,-0.833294,-0.532325,-0.686222,-0.430577,-0.479241,-0.29261,-0.26959,-0.164087,-0.119818,-0.0724785,-0.0299545,-0.0177849,-1.11022e-16,1.66533e-16,-0.5,0,0.22,9.06295
-3.61803,-1.17557,1.6,3.72676,-2,0,0,0,3,0,-2,0,-1.49227,-0.00906158,-1.08713,-0.0362463,-0.784553,-0.0815542,-0.584558,-0.144985,-0.487141,-0.226539,-0.4923,-0.326217,-0.600036,-0.441275,-0.81035,-0.558166,-1.10633,-0.671449,-1.34111,-0.749781,-1.48066,-0.785901,-1.52498,-0.779809,-1.47407,-0.731504,-1.32794,-0.640987,-1.08657,-0.508258,-0.750073,-0.337698,-0.419722,-0.189955,-0.184601,-0.0844245,-0.0447087,-0.0211061,2.22045e-16,-5.55112e-17,-0.5,0,0.22,10.3903
-3.61803,-1.17557,1.8,4.43653,-2,0,0,0,3,0,-2,0,-1.40721,-0.0128418,-0.959781,-0.0513673,-0.657725,-0.115576,-0.501039,-0.205469,-0.489722,-0.321045,-0.623774,-0.457955,-0.903196,-0.597109,-1.32799,-0.736262,-1.78636,-0.856754,-2.10686,-0.929964,-2.28762,-0.955579,-2.32865,-0.933601,-2.22993,-0.864028,-1.99148,-0.746862,-1.61329,-0.582101,-1.09743,-0.380753,-0.613491,-0.214173,-0.269288,-0.0951882,-0.0648221,-0.023797,6.66134e-16,0,-0.5,0,0.22,11.8098
-3.61803,-1.17557,2,5.16227,-2,0,0,0,3,0,-2,0,-1.32407,-0.0173869,-0.844959,-0.0695474,-0.562667,-0.156482,-0.477194,-0.27819,-0.58854,-0.432617,-0.896705,-0.594534,-1.40169,-0.75645,-2.09115,-0.908381,-2.6964,-1.01593,-3.10808,-1.07374,-3.32619,-1.08178,-3.35071,-1.04008,-3.18166,-0.948622,-2.81904,-0.807413,-2.26284,-0.616451,-1.52115,-0.39802,-0.850531,-0.223886,-0.373485,-0.099505,-0.0900161,-0.0248763,-4.44089e-16,1.11022e-16,-0.5,0,0.22,13.2613
-3.61803,-1.17557,2.2,5.33163,-2,0,0,0,3,0,-2,0,-1.30523,-0.0185465,-0.820401,-0.0741858,-0.545521,-0.166918,-0.480586,-0.296743,-0.625597,-0.459179,-0.980554,-0.626408,-1.54546,-0.793636,-2.29846,-0.943404,-2.93868,-1.05217,-3.37184,-1.11021,-3.59804,-1.11708,-3.61727,-1.07279,-3.42954,-0.977324,-3.03484,-0.830694,-2.43317,-0.632896,-1.63424,-0.409344,-0.91525,-0.230256,-0.403224,-0.102336,-0.098164,-0.025584,-8.88178e-16,1.11022e-16,-0.5,0,0.22,13.6
-3.61803,-1.17557,2.4,5.32606,-2,0,0,0,3,0,-2,0,-1.30584,-0.0185077,-0.821196,-0.0740309,-0.546055,-0.166569,-0.480421,-0.296123,-0.624294,-0.458305,-0.977675,-0.625359,-1.54056,-0.792413,-2.29223,-0.942306,-2.93281,-1.05521,-3.36566,-1.12301,-3.59261,-1.13722,-3.61367,-1.09784,-3.42884,-1.00487,-3.03811,-0.858305,-2.4415,-0.658149,-1.64713,-0.425796,-0.926512,-0.238961,-0.411783,-0.105717,-0.102946,-0.0260652,-4.44089e-16,0,-0.5,0,0.22,13.5889
-3.61803,-1.17557,2.6,5.33075,-2,0,0,0,3,0,-2,0,-1.30533,-0.0185403,-0.820527,-0.0741613,-0.545605,-0.166863,-0.48056,-0.296645,-0.625391,-0.459041,-0.980099,-0.626242,-1.54468,-0.793443,-2.29747,-0.943231,-2.93706,-1.05596,-3.36689,-1.13103,-3.58992,-1.15533,-3.60737,-1.12342,-3.41924,-1.0353,-3.02553,-0.890963,-2.42624,-0.690415,-1.63095,-0.449706,-0.914849,-0.25296,-0.404329,-0.112427,-0.0993885,-0.0281066,4.44089e-16,0,-0.5,0,0.22,13.5983
-3.61803,-1.17557,2.8,5.3282,-2,0,0,0,3,0,-2,0,-1.30561,-0.0185226,-0.820891,-0.0740903,-0.54585,-0.166703,-0.480484,-0.296361,-0.624793,-0.45864,-0.978779,-0.625761,-1.54244,-0.792882,-2.29462,-0.942728,-2.93475,-1.05555,-3.3652,-1.13133,-3.58662,-1.16731,-3.60303,-1.14634,-3.41513,-1.06545,-3.02291,-0.92462,-2.42637,-0.723862,-1.63452,-0.474525,-0.919416,-0.266001,-0.408629,-0.117408,-0.102157,-0.0287452,4.44089e-16,0,-0.5,0,0.22,13.5932
-3.61803,-1.17557,3,5.33,-2,0,0,0,3,0,-2,0,-1.30541,-0.0185351,-0.820635,-0.0741403,-0.545677,-0.166816,-0.480537,-0.296561,-0.625214,-0.458922,-0.979708,-0.6261,-1.54402,-0.793277,-2.29663,-0.943082,-2.93637,-1.05584,-3.3663,-1.13152,-3.58641,-1.17013,-3.59855,-1.16415,-3.40735,-1.09472,-3.01304,-0.960938,-2.4156,-0.762811,-1.62494,-0.50636,-0.91403,-0.283258,-0.406235,-0.124503,-0.101559,-0.0300949,-8.88178e-16,0,-0.5,0,0.22,13.5968
-3,-1.73205,0.2,1.20615,-2,0,0,0,3,0,-2,0,-1.82432,-0.00151946,-1.65911,-0.00607783,-1.50439,-0.0136751,-1.35518,-0.0232115,-1.19656,-0.0313163,-1.04131,-0.0377538,-0.896847,-0.0425242,-0.763167,-0.0456275,-0.640268,-0.0470636,-0.528153,-0.0468325,-0.426821,-0.0449342,-0.336271,-0.0413688,-0.256504,-0.0361362,-0.18752,-0.0292365,-0.129319,-0.0208395,-0.0819012,-0.0133373,-0.0452657,-0.00750224,-0.0194132,-0.00333433,-0.00434346,-0.000833582,-2.22045e-16,1.04083e-17,-0.5,0,0.22,6.14181
-3,-1.73205,0.4,1.28409,-2,0,0,0,3,0,-2,0,-1.81332,-0.00172218,-1.63853,-0.00688873,-1.47561,-0.0154996,-1.32456,-0.0275549,-1.1854,-0.0430546,-1.05811,-0.0619986,-0.935828,-0.0818807,-0.803184,-0.0969753,-0.674073,-0.107058,-0.556268,-0.11213,-0.449769,-0.11219,-0.354576,-0.107238,-0.270688,-0.0972755,-0.198107,-0.0823011,-0.136831,-0.0623152,-0.0868602,-0.0400919,-0.0481956,-0.0225517,-0.0208368,-0.010023,-0.00478364,-0.00250574,0,-1.38778e-17,-0.5,0,0.22,6.32562
-3,-1.73205,0.6,1.45001,-2,0,0,0,3,0,-2,0,-1.79007,-0.00219599,-1.59529,-0.00878396,-1.41565,-0.0197639,-1.25115,-0.0351358,-1.1018,-0.0548997,-0.9676,-0.0790556,-0.848541,-0.107603,-0.744627,-0.140543,-0.649035,-0.173728,-0.543668,-0.196094,-0.440371,-0.20704,-0.347948,-0.206564,-0.266398,-0.194668,-0.195721,-0.171351,-0.135917,-0.136614,-0.0869869,-0.0912981,-0.0489302,-0.0513426,-0.0217467,-0.0228077,-0.00543668,-0.00569355,-1.11022e-16,-5.55112e-17,-0.5,0,0.22,6.36135
-3,-1.73205,0.8,1.76079,-2,0,0,0,3,0,-2,0,-1.74705,-0.00323819,-1.51643,-0.0129528,-1.30814,-0.0291437,-1.12219,-0.0518111,-0.958566,-0.0809549,-0.817278,-0.116575,-0.698323,-0.158672,-0.6017,-0.207244,-0.52741,-0.262294,-0.462104,-0.312305,-0.387235,-0.341279,-0.306612,-0.349112,-0.234395,-0.335805,-0.171862,-0.301356,-0.119012,-0.245767,-0.0758446,-0.169126,-0.0423608,-0.0951335,-0.0185602,-0.0422816,-0.00444278,-0.0105704,2.22045e-16,5.55112e-17,-0.5,0,0.22,1.76079
-2.20906,-1.98904,0.2,1.20439,-2,0,0,0,3,0,-2,0,-1.82439,-0.0020198,-1.65889,-0.00807921,-1.50348,-0.0181782,-1.3534,-0.0308746,-1.19444,-0.0416733,-1.04026,-0.0502515,-0.896729,-0.0566091,-0.76385,-0.0607463,-0.64162,-0.0626629,-0.530041,-0.062359,-0.429112,-0.0598345,-0.338832,-0.0550895,-0.259203,-0.048124,-0.190224,-0.038938,-0.131896,-0.0277566,-0.0842168,-0.0177642,-0.0471882,-0.00999237,-0.0208096,-0.00444106,-0.0050812,-0.00111026,2.22045e-16,0,-0.5,0,0.22,6.14194
-2.20906,-1.98904,0.4,1.30508,-2,0,0,0,3,0,-2,0,-1.81017,-0.00237167,-1.6322,-0.00948667,-1.46609,-0.021345,-1.31184,-0.0379467,-1.16945,-0.0592917,-1.03892,-0.0853801,-0.91165,-0.111879,-0.777776,-0.131774,-0.653147,-0.144967,-0.539393,-0.151458,-0.436515,-0.151249,-0.344512,-0.144338,-0.263385,-0.130726,-0.193133,-0.110413,-0.133757,-0.0833981,-0.0852564,-0.0536103,-0.0476312,-0.0301558,-0.0208816,-0.0134026,-0.00500748,-0.00335065,-1.11022e-16,-1.38778e-17,-0.5,0,0.22,6.35208
-2.20906,-1.98904,0.6,1.53863,-2,0,0,0,3,0,-2,0,-1.77745,-0.00329642,-1.57138,-0.0131857,-1.3818,-0.0296678,-1.20871,-0.0527427,-1.0521,-0.0824105,-0.911982,-0.118671,-0.788347,-0.161525,-0.680673,-0.210535,-0.574023,-0.251441,-0.474344,-0.277346,-0.384164,-0.288251,-0.303483,-0.284155,-0.232301,-0.265058,-0.170618,-0.23096,-0.118434,-0.181862,-0.0757494,-0.120005,-0.0425635,-0.0675028,-0.0188767,-0.0300012,-0.00468893,-0.00750031,1.11022e-16,0,-0.5,0,0.22,1.53863
-1.38197,-1.90211,0.2,1.20654,-2,0,0,0,3,0,-2,0,-1.8239,-0.00245443,-1.65754,-0.0098177,-1.50094,-0.0220898,-1.34933,-0.0374829,-1.18961,-0.0505373,-1.03628,-0.0608738,-0.893529,-0.0684926,-0.76135,-0.0733936,-0.639746,-0.0755768,-0.528716,-0.0750422,-0.42826,-0.0717898,-0.338378,-0.0658196,-0.259071,-0.0571316,-0.190338,-0.0457259,-0.132179,-0.0320795,-0.0845945,-0.0202334,-0.0475844,-0.0111052,-0.0211486,-0.00469471,-0.00528716,-0.00100202,-2.22045e-16,6.93889e-18,-0.5,0,0.22,6.14625
-1.38197,-1.90211,0.4,1.32971,-2,0,0,0,3,0,-2,0,-1.80647,-0.00298113,-1.62478,-0.0119245,-1.45493,-0.0268302,-1.29694,-0.0476981,-1.15078,-0.0745282,-1.01647,-0.107321,-0.883379,-0.139244,-0.752702,-0.163011,-0.632479,-0.178619,-0.52271,-0.186069,-0.423395,-0.18536,-0.334534,-0.176493,-0.256128,-0.159467,-0.188175,-0.134282,-0.130677,-0.100939,-0.0836335,-0.0646897,-0.0470439,-0.0362798,-0.0209084,-0.0160284,-0.0052271,-0.00393559,1.11022e-16,-4.16334e-17,-0.5,0,0.22,6.13442
-1.38197,-1.90211,0.6,1.65165,-2,0,0,0,3,0,-2,0,-1.76139,-0.00459944,-1.54105,-0.0183978,-1.33899,-0.041395,-1.15521,-0.0735911,-0.9897,-0.114986,-0.842465,-0.16558,-0.713505,-0.225373,-0.600446,-0.287023,-0.497368,-0.331618,-0.403989,-0.358199,-0.32031,-0.366765,-0.246332,-0.357318,-0.182053,-0.329856,-0.127474,-0.28438,-0.0825947,-0.220891,-0.0474156,-0.144113,-0.0219365,-0.0810635,-0.00615723,-0.0360282,-7.79045e-05,-0.00900706,1.11022e-16,-5.55112e-17,-0.5,0,0.22,1.65165
-0.661739,-1.48629,0.2,1.21742,-2,0,0,0,3,0,-2,0,-1.82215,-0.00285736,-1.65384,-0.0114295,-1.49506,-0.0257163,-1.34066,-0.0434696,-1.1792,-0.0584864,-1.02586,-0.0704071,-0.883198,-0.0792318,-0.751211,-0.0849605,-0.6299,-0.0875932,-0.519265,-0.0871299,-0.419306,-0.0835706,-0.330024,-0.0769153,-0.251417,-0.067164,-0.183486,-0.0543167,-0.126232,-0.0387001,-0.0796533,-0.024768,-0.043751,-0.013932,-0.0185247,-0.00619201,-0.0039745,-0.001548,4.44089e-16,-1.38778e-17,-0.5,0,0.22,6.15897
-0.661739,-1.48629,0.4,1.35767,-2,0,0,0,3,0,-2,0,-1.80228,-0.00355359,-1.61642,-0.0142144,-1.44241,-0.0319823,-1.28026,-0.0568574,-1.12997,-0.0888397,-0.99141,-0.127834,-0.855861,-0.163996,-0.729254,-0.19075,-0.612776,-0.208095,-0.506426,-0.21603,-0.410205,-0.214557,-0.324113,-0.203675,-0.248149,-0.183384,-0.182314,-0.153684,-0.126607,-0.114575,-0.0810282,-0.0729961,-0.0455784,-0.0406381,-0.0202571,-0.017689,-0.00506426,-0.00414874,1.11022e-16,2.77556e-17,-0.5,0,0.22,6.18002
-0.661739,-1.48629,0.6,1.79447,-2,0,0,0,3,0,-2,0,-1.74119,-0.00620804,-1.50309,-0.0248322,-1.28571,-0.0558724,-1.08904,-0.0993286,-0.913083,-0.155201,-0.757845,-0.223489,-0.622915,-0.302573,-0.502362,-0.368765,-0.394224,-0.414242,-0.298502,-0.439004,-0.215197,-0.443051,-0.144307,-0.426382,-0.0858341,-0.388999,-0.0397769,-0.330901,-0.00613567,-0.252088,0.0150894,-0.161996,0.0238985,-0.09043,0.0202914,-0.0395787,0.00620804,-0.00944245,5.20417e-18,0,-0.5,0,0.22,1.79447
-0.172909,-0.813473,0.2,1.21634,-2,0,0,0,3,0,-2,0,-1.82207,-0.00320854,-1.6532,-0.0128342,-1.49338,-0.0288769,-1.33766,-0.0488317,-1.17639,-0.0657179,-1.02421,-0.0791234,-0.882567,-0.0890482,-0.751462,-0.0954923,-0.630892,-0.0984558,-0.520859,-0.0979386,-0.421362,-0.0939407,-0.332402,-0.0864621,-0.253977,-0.0755029,-0.186088,-0.061063,-0.128736,-0.0435085,-0.0819199,-0.0278454,-0.0456399,-0.015663,-0.0198961,-0.00696135,-0.00468842,-0.00174034,0,2.77556e-17,-0.5,0,0.22,6.16032
-0.172909,-0.813473,0.4,1.39262,-2,0,0,0,3,0,-2,0,-1.79704,-0.00420593,-1.60595,-0.0168237,-1.42672,-0.0378534,-1.25936,-0.0672949,-1.10386,-0.105148,-0.960135,-0.150793,-0.826787,-0.191111,-0.703404,-0.220833,-0.589986,-0.239959,-0.486533,-0.248489,-0.393045,-0.246424,-0.309521,-0.233762,-0.235963,-0.210504,-0.172369,-0.176651,-0.11874,-0.132202,-0.0750764,-0.084767,-0.0413774,-0.0476814,-0.0176433,-0.0211917,-0.00387402,-0.00529794,-9.99201e-16,5.55112e-17,-0.5,0,0.22,1.39262
1,0,0.2,2.44564,-2,0,0,0,3,0,-2,0,-1.61073,0,-1.18255,0,-0.781113,0,-0.424534,0,-0.112813,0,0.154049,0,0.376053,0,0.553198,0,0.685485,0,0.772914,0,0.815485,0,0.813197,0,0.766051,0,0.674046,0,0.537183,0,0.358867,0,0.201863,0,0.0897167,0,0.0224292,0,1.11022e-16,0,-0.5,0,0.22,8.17127
1,0,0.4,2.60463,-2,0,0,0,3,0,-2,0,-1.58386,0,-1.12223,0,-0.682958,0,-0.294562,0,0.042952,0,0.329586,0,0.565339,0,0.750212,0,0.884204,0,0.967316,0,0.999547,0,0.980897,0,0.911367,0,0.790956,0,0.619665,0,0.407045,0,0.228963,0,0.101761,0,0.0254403,0,2.22045e-16,0,-0.5,0,0.22,8.46278
1,0,0.6,2.60463,-2,0,0,0,3,0,-2,0,-1.58386,0,-1.12223,0,-0.682958,0,-0.294562,0,0.042952,0,0.329586,0,0.565339,0,0.750212,0,0.884204,0,0.967316,0,0.999547,0,0.980897,0,0.911367,0,0.790956,0,0.619665,0,0.407045,0,0.228963,0,0.101761,0,0.0254403,0,2.22045e-16,0,-0.5,0,0.22,8.46278
1,0,0.8,2.60463,-2,0,0,0,3,0,-2,0,-1.58386,0,-1.12223,0,-0.682958,0,-0.294562,0,0.042952,0,0.329586,0,0.565339,0,0.750212,0,0.884204,0,0.967316,0,0.999547,0,0.980897,0,0.911367,0,0.790956,0,0.619665,0,0.407045,0,0.228963,0,0.101761,0,0.0254403,0,0,0,-0.5,0,0.22,8.46278
1,0,1,2.60463,-2,0,0,0,3,0,-2,0,-1.58386,0,-1.12223,0,-0.682958,0,-0.294562,0,0.042952,0,0.329586,0,0.565339,0,0.750212,0,0.884204,0,0.967316,0,0.999547,0,0.980897,0,0.911367,0,0.790956,0,0.619665,0,0.407045,0,0.228963,0,0.101761,0,0.0254403,0,-1.11022e-16,0,-0.5,0,0.22,8.46278
1,0,1.2,2.60463,-2,0,0,0,3,0,-2,0,-1.58386,0,-1.12223,0,-0.682958,0,-0.294562,0,0.042952,0,0.329586,0,0.565339,0,0.750212,0,0.884204,0,0.967316,0,0.999547,0,0.980897,0,0.911367,0,0.790956,0,0.619665,0,0.407045,0,0.228963,0,0.101761,0,0.0254403,0,0,0,-0.5,0,0.22,8.46278
1,0,1.4,2.60463,-2,0,0,0,3,0,-2,0,-1.58386,0,-1.12223,0,-0.682958,0,-0.294562,0,0.042952,0,0.329586,0,0.565339,0,0.750212,0,0.884204,0,0.967316,0,0.999547,0,0.980897,0,0.911367,0,0.790956,0,0.619665,0,0.407045,0,0.228963,0,0.101761,0,0.0254403,0,0,0,-0.5,0,0.22,8.46278
0.740636,1.22021,0.2,1.21842,-2,0,0,0,3,0,-2,0,-1.8215,0.00358423,-1.65119,0.0143369,-1.48312,0.0322581,-1.31471,0.0545075,-1.15427,0.0733198,-1.00427,0.0882528,-0.864709,0.0993065,-0.735582,0.106481,-0.61689,0.109776,-0.508635,0.109192,-0.410816,0.104728,-0.323434,0.0963854,-0.246488,0.0841632,-0.179978,0.0680617,-0.123905,0.0484914,-0.0782679,0.0310345,-0.0430674,0.0174569,-0.0183033,0.00775863,-0.00397565,0.00193966,-6.66134e-16,0,-0.5,0,0.22,6.15406
0.740636,1.22021,0.4,2.21831,-2,0,0,0,3,0,-2,0,-1.68133,0.0118809,-1.37534,0.0475234,-1.06934,0.106928,-0.767345,0.187118,-0.494705,0.259723,-0.255942,0.317684,-0.0510557,0.361,0.119954,0.389671,0.257087,0.403696,0.360343,0.403077,0.429723,0.387813,0.465226,0.357904,0.466852,0.31335,0.434601,0.254151,0.368474,0.181472,0.26847,0.115888,0.152445,0.0649496,0.0677534,0.028656,0.0169383,0.00700724,-1.11022e-16,-5.55112e-17,-0.5,0,0.22,2.43662
0.00739182,2.22943,0.2,1.22678,-2,0,0,0,3,0,-2,0,-1.81987,0.00408745,-1.64753,0.0163498,-1.48297,0.0367871,-1.32123,0.061966,-1.16064,0.0831878,-1.01046,0.100026,-0.870674,0.112481,-0.741291,0.120553,-0.62231,0.124241,-0.513731,0.123545,-0.415553,0.118467,-0.327776,0.109005,-0.250401,0.095159,-0.183428,0.0769299,-0.126856,0.0547928,-0.0806854,0.0350674,-0.0449166,0.0197254,-0.0195493,0.00876686,-0.00458363,0.00219171,2.22045e-16,-6.93889e-18,-0.5,0,0.22,6.17749
0.00739182,2.22943,0.4,1.71592,-2,0,0,0,3,0,-2,0,-1.75023,0.00799669,-1.51568,0.0319868,-1.29636,0.0719702,-1.09227,0.127947,-0.903485,0.198182,-0.731098,0.260663,-0.575432,0.30872,-0.436487,0.342354,-0.314263,0.361563,-0.208761,0.366348,-0.11998,0.35671,-0.0479207,0.332648,0.00741774,0.294162,0.0460349,0.241252,0.0679308,0.174151,0.0731054,0.110484,0.0615587,0.0612404,0.0334425,0.0264209,0.00836063,0.00602515,1.38778e-17,-5.55112e-17,-0.5,0,0.22,1.71592
-1.07295,2.85317,0.2,1.22133,-2,0,0,0,3,0,-2,0,-1.82126,0.00337336,-1.65145,0.0134935,-1.49056,0.0303603,-1.33347,0.0512451,-1.1717,0.0688836,-1.01953,0.0828828,-0.877954,0.0932425,-0.746951,0.099963,-0.626527,0.103044,-0.516683,0.102486,-0.417417,0.098288,-0.32873,0.090451,-0.250621,0.0789745,-0.183092,0.0638588,-0.126142,0.0454921,-0.0797699,0.0291149,-0.0439771,0.0163771,-0.0187632,0.00727873,-0.0041281,0.00181968,0,1.38778e-17,-0.5,0,0.22,6.16623
-1.07295,2.85317,0.4,1.44444,-2,0,0,0,3,0,-2,0,-1.78957,0.00471843,-1.59163,0.0188737,-1.40617,0.0424659,-1.23319,0.0754949,-1.0727,0.117961,-0.924522,0.167669,-0.787529,0.209198,-0.661499,0.239561,-0.546432,0.258757,-0.442327,0.266787,-0.349185,0.263651,-0.267006,0.249349,-0.195789,0.22388,-0.135534,0.187245,-0.0862427,0.139444,-0.0479136,0.0893302,-0.020547,0.0502482,-0.0041431,0.0223325,0.00129825,0.00558313,2.1684e-19,0,-0.5,0,0.22,1.44444
-2.31359,2.98357,0.2,1.20869,-2,0,0,0,3,0,-2,0,-1.82348,0.00267104,-1.65653,0.0106842,-1.49914,0.0240394,-1.34652,0.0407657,-1.18631,0.0549651,-1.0333,0.0662422,-0.890853,0.0745969,-0.758965,0.0800293,-0.637638,0.0825392,-0.52687,0.0821268,-0.426663,0.0787921,-0.337016,0.0725349,-0.257929,0.0633554,-0.189401,0.0512536,-0.131434,0.0365296,-0.0840275,0.0233789,-0.0471807,0.0131507,-0.0208939,0.00584474,-0.00516721,0.00146118,0,-2.77556e-17,-0.5,0,0.22,6.14946
-2.31359,2.98357,0.4,1.3447,-2,0,0,0,3,0,-2,0,-1.80421,0.00330601,-1.62027,0.013224,-1.44817,0.0297541,-1.2879,0.0528961,-1.13948,0.0826501,-1.00287,0.118996,-0.867734,0.153454,-0.739371,0.179054,-0.621277,0.195796,-0.513452,0.20368,-0.415896,0.202706,-0.328609,0.192873,-0.251592,0.174182,-0.184843,0.146634,-0.128363,0.110227,-0.0821523,0.0707293,-0.0462107,0.0397598,-0.0205381,0.0176484,-0.00513452,0.00439517,5.55112e-16,-2.77556e-17,-0.5,0,0.22,6.15913
-2.31359,2.98357,0.6,1.7327,-2,0,0,0,3,0,-2,0,-1.74992,0.00548906,-1.51951,0.0219562,-1.30875,0.0494015,-1.11765,0.0878249,-0.946217,0.137226,-0.794438,0.197606,-0.662296,0.268879,-0.544988,0.333695,-0.438898,0.378988,-0.344027,0.404758,-0.260374,0.411004,-0.18794,0.397728,-0.126725,0.364928,-0.0767281,0.312605,-0.0379497,0.240758,-0.0103899,0.156186,0.00595136,0.0878543,0.0110741,0.0390464,0.00500562,0.00976159,3.46945e-18,-1.38778e-16,-0.5,0,0.22,1.7327
-3.5,2.59808,0.2,1.20284,-2,0,0,0,3,0,-2,0,-1.82463,0.00196816,-1.65937,0.00787265,-1.50423,0.0177135,-1.35447,0.0300986,-1.19582,0.0406256,-1.04169,0.0489704,-0.898191,0.055133,-0.765322,0.0591133,-0.643083,0.0609115,-0.531474,0.0605274,-0.430494,0.0579611,-0.340143,0.0532126,-0.260422,0.0462818,-0.191331,0.0371688,-0.132868,0.0262018,-0.0850358,0.0165992,-0.0478326,0.00917877,-0.0212589,0.00394057,-0.00531474,0.000884587,-2.22045e-16,3.46945e-18,-0.5,0,0.22,6.14025
-3.5,2.59808,0.4,1.30282,-2,0,0,0,3,0,-2,0,-1.81051,0.00230896,-1.63288,0.00923583,-1.46711,0.0207806,-1.31321,0.0369433,-1.17117,0.057724,-1.04099,0.0831225,-0.914265,0.109016,-0.780329,0.128475,-0.655248,0.14139,-0.541087,0.14776,-0.437844,0.147585,-0.34552,0.140866,-0.264115,0.127602,-0.193629,0.107794,-0.134062,0.0814407,-0.0854135,0.0523566,-0.0476844,0.0294506,-0.0208742,0.0130892,-0.00498307,0.00327229,0,1.38778e-17,-0.5,0,0.22,6.34918
-3.5,2.59808,0.6,1.53125,-2,0,0,0,3,0,-2,0,-1.77851,0.00318962,-1.5734,0.0127585,-1.38468,0.0287066,-1.21235,0.051034,-1.05641,0.0797406,-0.91685,0.114826,-0.793682,0.156292,-0.686555,0.203854,-0.580184,0.24407,-0.479491,0.269544,-0.388388,0.280278,-0.306874,0.276272,-0.234951,0.257524,-0.172617,0.224036,-0.119873,0.175808,-0.0767186,0.115296,-0.0431542,0.0643651,-0.0191796,0.0281744,-0.00479491,0.00672428,-1.11022e-16,5.55112e-17,-0.5,0,0.22,1.53125
-4.42705,1.76336,0.2,1.20378,-2,0,0,0,3,0,-2,0,-1.82472,0.00123935,-1.66003,0.0049574,-1.50592,0.0111542,-1.35749,0.0189488,-1.19956,0.0255803,-1.04411,0.0308483,-0.899452,0.0347529,-0.765573,0.037294,-0.642476,0.0384717,-0.530162,0.0382859,-0.42863,0.0367367,-0.337879,0.033824,-0.257912,0.0295478,-0.188726,0.0239082,-0.130322,0.0170432,-0.0827009,0.0109076,-0.0458617,0.00613554,-0.0198047,0.00272691,-0.00453,0.000681726,2.22045e-16,6.93889e-18,-0.5,0,0.22,6.13867
-4.42705,1.76336,0.4,1.27354,-2,0,0,0,3,0,-2,0,-1.81489,0.00138717,-1.64163,0.00554867,-1.4802,0.0124845,-1.33063,0.0221947,-1.19289,0.0346792,-1.067,0.0499381,-0.946943,0.0661983,-0.816356,0.0786332,-0.68534,0.0869701,-0.565772,0.091209,-0.457657,0.0913498,-0.360996,0.0873926,-0.275788,0.0793374,-0.202033,0.0671841,-0.139731,0.0509328,-0.0888825,0.0327842,-0.0494873,0.0184411,-0.0215452,0.00819606,-0.00505643,0.00204901,0,-6.93889e-18,-0.5,0,0.22,6.31322
-4.42705,1.76336,0.6,1.41506,-2,0,0,0,3,0,-2,0,-1.79505,0.0017126,-1.60473,0.00685039,-1.42902,0.0154134,-1.26794,0.0274016,-1.12148,0.042815,-0.989643,0.0616535,-0.872428,0.0839173,-0.769835,0.109606,-0.67832,0.136971,-0.578221,0.156301,-0.470169,0.166103,-0.371491,0.166379,-0.284423,0.157127,-0.208964,0.138348,-0.145114,0.110041,-0.0928728,0.0729484,-0.052241,0.0404292,-0.0232182,0.0174374,-0.00580455,0.00397296,-2.22045e-16,0,-0.5,0,0.22,6.32445
-4.42705,1.76336,0.8,1.68064,-2,0,0,0,3,0,-2,0,-1.75822,0.00241575,-1.53706,0.00966299,-1.33653,0.0217417,-1.15662,0.0386519,-0.997344,0.0603937,-0.85869,0.0869669,-0.740661,0.118372,-0.643259,0.154608,-0.566482,0.195675,-0.506652,0.238958,-0.439813,0.267419,-0.361641,0.277983,-0.277669,0.270649,-0.204002,0.245417,-0.141668,0.202288,-0.0906674,0.141262,-0.0510004,0.0791155,-0.0226668,0.0348483,-0.00566671,0.00847863,-5.55112e-17,-2.77556e-17,-0.5,0,0.22,6.61868
-4.42705,1.76336,1,2.07638,-2,0,0,0,3,0,-2,0,-1.70428,0.00368738,-1.44005,0.0147495,-1.2073,0.0331864,-1.00603,0.0589981,-0.836251,0.0921846,-0.69795,0.132746,-0.591132,0.180682,-0.515797,0.235992,-0.471946,0.298678,-0.456392,0.366323,-0.434652,0.412772,-0.39732,0.430894,-0.344397,0.420689,-0.275882,0.382155,-0.194894,0.315293,-0.124732,0.220103,-0.0701619,0.122633,-0.0311831,0.053443,-0.00779576,0.012581,-5.55112e-17,-5.55112e-17,-0.5,0,0.22,7.09081
-4.42705,1.76336,1.2,2.58725,-2,0,0,0,3,0,-2,0,-1.63635,0.00572507,-1.32159,0.0229003,-1.0557,0.0515256,-0.838696,0.0916011,-0.670572,0.143127,-0.551329,0.206103,-0.480967,0.280528,-0.459486,0.366404,-0.486885,0.463731,-0.542274,0.559142,-0.56982,0.616923,-0.566478,0.635126,-0.532249,0.61375,-0.467134,0.552796,-0.371131,0.452264,-0.247097,0.3122,-0.138992,0.174786,-0.0617742,0.0769513,-0.0154436,0.0186944,0,1.11022e-16,-0.5,0,0.22,8.11255
-4.42705,1.76336,1.4,3.14136,-2,0,0,0,3,0,-2,0,-1.56483,0.00843992,-1.20171,0.0337597,-0.91066,0.0759593,-0.691668,0.135039,-0.544736,0.210998,-0.469864,0.303837,-0.467053,0.413556,-0.536302,0.539132,-0.677128,0.668114,-0.815,0.76932,-0.896242,0.822876,-0.920852,0.828781,-0.888832,0.787035,-0.800181,0.697639,-0.654899,0.560592,-0.453046,0.377746,-0.254839,0.211836,-0.113262,0.0935759,-0.0283154,0.0229666,5.55112e-17,-1.66533e-16,-0.5,0,0.22,9.22076
-4.42705,1.76336,1.6,3.77613,-2,0,0,0,3,0,-2,0,-1.48564,0.0121955,-1.07541,0.0487818,-0.769304,0.109759,-0.567322,0.195127,-0.469466,0.304886,-0.475735,0.439036,-0.586129,0.592668,-0.800649,0.747928,-1.09223,0.895591,-1.31411,0.994457,-1.44426,1.03834,-1.48268,1.02725,-1.42937,0.961175,-1.28433,0.840121,-1.04757,0.664086,-0.719405,0.439841,-0.401978,0.247411,-0.176281,0.10996,-0.0423117,0.0274901,2.22045e-16,1.11022e-16,-0.5,0,0.22,10.4903
-4.42705,1.76336,1.8,4.45381,-2,0,0,0,3,0,-2,0,-1.40435,0.0169655,-0.953561,0.0678621,-0.64762,0.15269,-0.486531,0.271449,-0.470295,0.424138,-0.598911,0.604589,-0.872379,0.787714,-1.2907,0.970838,-1.73617,1.12774,-2.04754,1.22248,-2.22383,1.25486,-2.26506,1.22487,-2.17122,1.13251,-1.94231,0.977783,-1.57832,0.760687,-1.08055,0.496523,-0.607812,0.278841,-0.270139,0.123526,-0.0675347,0.0305805,2.22045e-16,2.22045e-16,-0.5,0,0.22,11.8457
-4.42705,1.76336,2,5.16994,-2,0,0,0,3,0,-2,0,-1.3221,0.0228599,-0.839376,0.0914395,-0.551832,0.205739,-0.459466,0.365758,-0.562279,0.568687,-0.860271,0.781255,-1.35344,0.993824,-2.02854,1.20398,-2.6198,1.36326,-3.02315,1.45269,-3.2386,1.47228,-3.26615,1.42203,-3.1058,1.30193,-2.75755,1.11199,-2.22139,0.852198,-1.50321,0.549906,-0.845553,0.307671,-0.375802,0.135281,-0.0939504,0.0327359,-1.11022e-15,1.11022e-16,-0.5,0,0.22,13.2779
-4.42705,1.76336,2.2,5.87596,-2,0,0,0,3,0,-2,0,-1.24467,0.0295298,-0.741466,0.118119,-0.490389,0.265768,-0.491439,0.472477,-0.744616,0.713831,-1.24992,0.955429,-2.00735,1.19703,-2.94474,1.42189,-3.68802,1.57547,-4.18373,1.65312,-4.43187,1.65485,-4.43244,1.58064,-4.18545,1.4305,-3.69088,1.20444,-2.94874,0.908113,-1.98056,0.598068,-1.11406,0.334665,-0.495139,0.147193,-0.123785,0.0356499,0,0,-0.5,0,0.22,14.69
-4.42705,1.76336,2.4,5.87663,-2,0,0,0,3,0,-2,0,-1.2446,0.0295366,-0.74138,0.118146,-0.490346,0.265829,-0.491497,0.472585,-0.744833,0.71397,-1.25035,0.955595,-2.00806,1.19722,-2.94494,1.42429,-3.68527,1.58827,-4.17861,1.6743,-4.42503,1.68211,-4.42454,1.6117,-4.17713,1.46306,-3.6828,1.2362,-2.94156,0.934873,-1.97533,0.615515,-1.11112,0.344312,-0.493833,0.151333,-0.123458,0.0365763,0,-1.11022e-16,-0.5,0,0.22,14.6913
-4.42705,1.76336,2.6,5.87799,-2,0,0,0,3,0,-2,0,-1.24445,0.0295502,-0.741205,0.118201,-0.49026,0.265952,-0.491615,0.472804,-0.745272,0.714249,-1.25123,0.95593,-2.00949,1.19761,-2.94654,1.42466,-3.68479,1.59494,-4.17459,1.69237,-4.41809,1.70928,-4.4153,1.64565,-4.1662,1.5015,-3.6708,1.27681,-2.9291,0.973224,-1.96416,0.644235,-1.10367,0.362382,-0.489484,0.161059,-0.121594,0.0402647,0,0,-0.5,0,0.22,14.694
-4.42705,1.76336,2.8,5.87947,-2,0,0,0,3,0,-2,0,-1.24429,0.0295651,-0.741016,0.11826,-0.490166,0.266086,-0.491744,0.473041,-0.745749,0.714553,-1.25218,0.956295,-2.01104,1.19804,-2.94827,1.42506,-3.6861,1.59551,-4.17229,1.70407,-4.41211,1.73241,-4.4065,1.67716,-4.15548,1.53832,-3.65904,1.3159,-2.91718,1.01011,-1.95425,0.668702,-1.09757,0.376145,-0.486297,0.167175,-0.120446,0.0417939,0,1.11022e-16,-0.5,0,0.22,14.697
-4.42705,1.76336,3,5.87805,-2,0,0,0,3,0,-2,0,-1.24445,0.0295508,-0.741198,0.118203,-0.490256,0.265957,-0.49162,0.472813,-0.745291,0.714261,-1.25127,0.955944,-2.00955,1.19763,-2.9466,1.42467,-3.68477,1.5952,-4.17063,1.70664,-4.4068,1.75011,-4.39881,1.70689,-4.14682,1.57637,-3.65085,1.35855,-2.91088,1.05343,-1.9519,0.697199,-1.09795,0.391949,-0.487976,0.174,-0.121994,0.0433499,0,-2.22045e-16,-0.5,0,0.22,14.6941
-4.42705,1.76336,3.2,5.87977,-2,0,0,0,3,0,-2,0,-1.24426,0.0295682,-0.740976,0.118273,-0.490146,0.266114,-0.49177,0.473091,-0.745849,0.714616,-1.25238,0.956371,-2.01137,1.19812,-2.94863,1.42514,-3.68639,1.59558,-4.17169,1.70688,-4.4046,1.75882,-4.39113,1.73173,-4.13518,1.61282,-3.63674,1.40207,-2.89582,1.09949,-1.93986,0.728527,-1.09117,0.408653,-0.484964,0.180609,-0.121241,0.0443958,-4.44089e-16,0,-0.5,0,0.22,14.6976
-4.42705,-1.76336,0.2,1.20378,-2,0,0,0,3,0,-2,0,-1.82472,-0.00123935,-1.66003,-0.0049574,-1.50592,-0.0111542,-1.35749,-0.0189488,-1.19956,-0.0255803,-1.04411,-0.0308483,-0.899452,-0.0347529,-0.765573,-0.037294,-0.642476,-0.0384717,-0.530162,-0.0382859,-0.42863,-0.0367367,-0.337879,-0.033824,-0.257912,-0.0295478,-0.188726,-0.0239082,-0.130322,-0.0170432,-0.0827009,-0.0109076,-0.0458617,-0.00613554,-0.0198047,-0.00272691,-0.00453,-0.000681726,2.22045e-16,-6.93889e-18,-0.5,0,0.22,6.13867
-4.42705,-1.76336,0.4,1.27354,-2,0,0,0,3,0,-2,0,-1.81489,-0.00138717,-1.64163,-0.00554867,-1.4802,-0.0124845,-1.33063,-0.0221947,-1.19289,-0.0346792,-1.067,-0.0499381,-0.946943,-0.0661983,-0.816356,-0.0786332,-0.68534,-0.0869701,-0.565772,-0.091209,-0.457657,-0.0913498,-0.360996,-0.0873926,-0.275788,-0.0793374,-0.202033,-0.0671841,-0.139731,-0.0509328,-0.0888825,-0.0327842,-0.0494873,-0.0184411,-0.0215452,-0.00819606,-0.00505643,-0.00204901,0,6.93889e-18,-0.5,0,0.22,6.31322
-4.42705,-1.76336,0.6,1.41506,-2,0,0,0,3,0,-2,0,-1.79505,-0.0017126,-1.60473,-0.00685039,-1.42902,-0.0154134,-1.26794,-0.0274016,-1.12148,-0.042815,-0.989643,-0.0616535,-0.872428,-0.0839173,-0.769835,-0.109606,-0.67832,-0.136971,-0.578221,-0.156301,-0.470169,-0.166103,-0.371491,-0.166379,-0.284423,-0.157127,-0.208964,-0.138348,-0.145114,-0.110041,-0.0928728,-0.0729484,-0.052241,-0.0404292,-0.0232182,-0.0174374,-0.00580455,-0.00397296,-2.22045e-16,0,-0.5,0,0.22,6.32445
-4.42705,-1.76336,0.8,1.68064,-2,0,0,0,3,0,-2,0,-1.75822,-0.00241575,-1.53706,-0.00966299,-1.33653,-0.0217417,-1.15662,-0.0386519,-0.997344,-0.0603937,-0.85869,-0.0869669,-0.740661,-0.118372,-0.643259,-0.154608,-0.566482,-0.195675,-0.506652,-0.238958,-0.439813,-0.267419,-0.361641,-0.277983,-0.277669,-0.270649,-0.204002,-0.245417,-0.141668,-0.202288,-0.0906674,-0.141262,-0.0510004,-0.0791155,-0.0226668,-0.0348483,-0.00566671,-0.00847863,-5.55112e-17,2.77556e-17,-0.5,0,0.22,6.61868
-4.42705,-1.76336,1,2.07638,-2,0,0,0,3,0,-2,0,-1.70428,-0.00368738,-1.44005,-0.0147495,-1.2073,-0.0331864,-1.00603,-0.0589981,-0.836251,-0.0921846,-0.69795,-0.132746,-0.591132,-0.180682,-0.515797,-0.235992,-0.471946,-0.298678,-0.456392,-0.366323,-0.434652,-0.412772,-0.39732,-0.430894,-0.344397,-0.420689,-0.275882,-0.382155,-0.194894,-0.315293,-0.124732,-0.220103,-0.0701619,-0.122633,-0.0311831,-0.053443,-0.00779576,-0.012581,-5.55112e-17,5.55112e-17,-0.5,0,0.22,7.09081
-4.42705,-1.76336,1.2,2.58725,-2,0,0,0,3,0,-2,0,-1.63635,-0.00572507,-1.32159,-0.0229003,-1.0557,-0.0515256,-0.838696,-0.0916011,-0.670572,-0.143127,-0.551329,-0.206103,-0.480967,-0.280528,-0.459486,-0.366404,-0.486885,-0.463731,-0.542274,-0.559142,-0.56982,-0.616923,-0.566478,-0.635126,-0.532249,-0.61375,-0.467134,-0.552796,-0.371131,-0.452264,-0.247097,-0.3122,-0.138992,-0.174786,-0.0617742,-0.0769513,-0.0154436,-0.0186944,0,-1.11022e-16,-0.5,0,0.22,8.11255
-4.42705,-1.76336,1.4,3.14136,-2,0,0,0,3,0,-2,0,-1.56483,-0.00843992,-1.20171,-0.0337597,-0.91066,-0.0759593,-0.691668,-0.135039,-0.544736,-0.210998,-0.469864,-0.303837,-0.467053,-0.413556,-0.536302,-0.539132,-0.677128,-0.668114,-0.815,-0.76932,-0.896242,-0.822876,-0.920852,-0.828781,-0.888832,-0.787035,-0.800181,-0.697639,-0.654899,-0.560592,-0.453046,-0.377746,-0.254839,-0.211836,-0.113262,-0.0935759,-0.0283154,-0.0229666,5.55112e-17,1.66533e-16,-0.5,0,0.22,9.22076
-4.42705,-1.76336,1.6,3.77613,-2,0,0,0,3,0,-2,0,-1.48564,-0.0121955,-1.07541,-0.0487818,-0.769304,-0.109759,-0.567322,-0.195127,-0.469466,-0.304886,-0.475735,-0.439036,-0.586129,-0.592668,-0.800649,-0.747928,-1.09223,-0.895591,-1.31411,-0.994457,-1.44426,-1.03834,-1.48268,-1.02725,-1.42937,-0.961175,-1.28433,-0.840121,-1.04757,-0.664086,-0.719405,-0.439841,-0.401978,-0.247411,-0.176281,-0.10996,-0.0423117,-0.0274901,2.22045e-16,-1.11022e-16,-0.5,0,0.22,10.4903
-4.42705,-1.76336,1.8,4.45381,-2,0,0,0,3,0,-2,0,-1.40435,-0.0169655,-0.953561,-0.0678621,-0.64762,-0.15269,-0.486531,-0.271449,-0.470295,-0.424138,-0.598911,-0.604589,-0.872379,-0.787714,-1.2907,-0.970838,-1.73617,-1.12774,-2.04754,-1.22248,-2.22383,-1.25486,-2.26506,-1.22487,-2.17122,-1.13251,-1.94231,-0.977783,-1.57832,-0.760687,-1.08055,-0.496523,-0.607812,-0.278841,-0.270139,-0.123526,-0.0675347,-0.0305805,2.22045e-16,-2.22045e-16,-0.5,0,0.22,11.8457
-4.42705,-1.76336,2,5.16994,-2,0,0,0,3,0,-2,0,-1.3221,-0.0228599,-0.839376,-0.0914395,-0.551832,-0.205739,-0.459466,-0.365758,-0.562279,-0.568687,-0.860271,-0.781255,-1.35344,-0.993824,-2.02854,-1.20398,-2.6198,-1.36326,-3.02315,-1.45269,-3.2386,-1.47228,-3.26615,-1.42203,-3.1058,-1.30193,-2.75755,-1.11199,-2.22139,-0.852198,-1.50321,-0.549906,-0.845553,-0.307671,-0.375802,-0.135281,-0.0939504,-0.0327359,-1.11022e-15,-1.11022e-16,-0.5,0,0.22,13.2779
-4.42705,-1.76336,2.2,5.87596,-2,0,0,0,3,0,-2,0,-1.24467,-0.0295298,-0.741466,-0.118119,-0.490389,-0.265768,-0.491439,-0.472477,-0.744616,-0.713831,-1.24992,-0.955429,-2.00735,-1.19703,-2.94474,-1.42189,-3.68802,-1.57547,-4.18373,-1.65312,-4.43187,-1.65485,-4.43244,-1.58064,-4.18545,-1.4305,-3.69088,-1.20444,-2.94874,-0.908113,-1.98056,-0.598068,-1.11406,-0.334665,-0.495139,-0.147193,-0.123785,-0.0356499,0,0,-0.5,0,0.22,14.69
-4.42705,-1.76336,2.4,5.87663,-2,0,0,0,3,0,-2,0,-1.2446,-0.0295366,-0.74138,-0.118146,-0.490346,-0.265829,-0.491497,-0.472585,-0.744833,-0.71397,-1.25035,-0.955595,-2.00806,-1.19722,-2.94494,-1.42429,-3.68527,-1.58827,-4.17861,-1.6743,-4.42503,-1.68211,-4.42454,-1.6117,-4.17713,-1.46306,-3.6828,-1.2362,-2.94156,-0.934873,-1.97533,-0.615515,-1.11112,-0.344312,-0.493833,-0.151333,-0.123458,-0.0365763,0,-1.11022e-16,-0.5,0,0.22,14.6913
-4.42705,-1.76336,2.6,5.87799,-2,0,0,0,3,0,-2,0,-1.24445,-0.0295502,-0.741205,-0.118201,-0.49026,-0.265952,-0.491615,-0.472804,-0.745272,-0.714249,-1.25123,-0.95593,-2.00949,-1.19761,-2.94654,-1.42466,-3.68479,-1.59494,-4.17459,-1.69237,-4.41809,-1.70928,-4.4153,-1.64565,-4.1662,-1.5015,-3.6708,-1.27681,-2.9291,-0.973224,-1.96416,-0.644235,-1.10367,-0.362382,-0.489484,-0.161059,-0.121594,-0.0402647,0,1.11022e-16,-0.5,0,0.22,14.694
-4.42705,-1.76336,2.8,5.87947,-2,0,0,0,3,0,-2,0,-1.24429,-0.0295651,-0.741016,-0.11826,-0.490166,-0.266086,-0.491744,-0.473041,-0.745749,-0.714553,-1.25218,-0.956295,-2.01104,-1.19804,-2.94827,-1.42506,-3.6861,-1.59551,-4.17229,-1.70407,-4.41211,-1.73241,-4.4065,-1.67716,-4.15548,-1.53832,-3.65904,-1.3159,-2.91718,-1.01011,-1.95425,-0.668702,-1.09757,-0.376145,-0.486297,-0.167175,-0.120446,-0.0417939,0,-1.11022e-16,-0.5,0,0.22,14.697
-4.42705,-1.76336,3,5.87805,-2,0,0,0,3,0,-2,0,-1.24445,-0.0295508,-0.741198,-0.118203,-0.490256,-0.265957,-0.49162,-0.472813,-0.745291,-0.714261,-1.25127,-0.955944,-2.00955,-1.19763,-2.9466,-1.42467,-3.68477,-1.5952,-4.17063,-1.70664,-4.4068,-1.75011,-4.39881,-1.70689,-4.14682,-1.57637,-3.65085,-1.35855,-2.91088,-1.05343,-1.9519,-0.697199,-1.09795,-0.391949,-0.487976,-0.174,-0.121994,-0.0433499,0,1.11022e-16,-0.5,0,0.22,14.6941
-4.42705,-1.76336,3.2,5.87977,-2,0,0,0,3,0,-2,0,-1.24426,-0.0295682,-0.740976,-0.118273,-0.490146,-0.266114,-0.49177,-0.473091,-0.745849,-0.714616,-1.25238,-0.956371,-2.01137,-1.19812,-2.94863,-1.42514,-3.68639,-1.59558,-4.17169,-1.70688,-4.4046,-1.75882,-4.39113,-1.73173,-4.13518,-1.61282,-3.63674,-1.40207,-2.89582,-1.09949,-1.93986,-0.728527,-1.09117,-0.408653,-0.484964,-0.180609,-0.121241,-0.0443958,-4.44089e-16,-2.22045e-16,-0.5,0,0.22,14.6976
-3.5,-2.59808,0.2,1.20284,-2,0,0,0,3,0,-2,0,-1.82463,-0.00196816,-1.65937,-0.00787265,-1.50423,-0.0177135,-1.35447,-0.0300986,-1.19582,-0.0406256,-1.04169,-0.0489704,-0.898191,-0.055133,-0.765322,-0.0591133,-0.643083,-0.0609115,-0.531474,-0.0605274,-0.430494,-0.0579611,-0.340143,-0.0532126,-0.260422,-0.0462818,-0.191331,-0.0371688,-0.132868,-0.0262018,-0.0850358,-0.0165992,-0.0478326,-0.00917877,-0.0212589,-0.00394057,-0.00531474,-0.000884587,-2.22045e-16,-3.46945e-18,-0.5,0,0.22,6.14025
-3.5,-2.59808,0.4,1.30282,-2,0,0,0,3,0,-2,0,-1.81051,-0.00230896,-1.63288,-0.00923583,-1.46711,-0.0207806,-1.31321,-0.0369433,-1.17117,-0.057724,-1.04099,-0.0831225,-0.914265,-0.109016,-0.780329,-0.128475,-0.655248,-0.14139,-0.541087,-0.14776,-0.437844,-0.147585,-0.34552,-0.140866,-0.264115,-0.127602,-0.193629,-0.107794,-0.134062,-0.0814407,-0.0854135,-0.0523566,-0.0476844,-0.0294506,-0.0208742,-0.0130892,-0.00498307,-0.00327229,0,-1.38778e-17,-0.5,0,0.22,6.34918
-3.5,-2.59808,0.6,1.53125,-2,0,0,0,3,0,-2,0,-1.77851,-0.00318962,-1.5734,-0.0127585,-1.38468,-0.0287066,-1.21235,-0.051034,-1.05641,-0.0797406,-0.91685,-0.114826,-0.793682,-0.156292,-0.686555,-0.203854,-0.580184,-0.24407,-0.479491,-0.269544,-0.388388,-0.280278,-0.306874,-0.276272,-0.234951,-0.257524,-0.172617,-0.224036,-0.119873,-0.175808,-0.0767186,-0.115296,-0.0431542,-0.0643651,-0.0191796,-0.0281744,-0.00479491,-0.00672428,-1.11022e-16,-5.55112e-17,-0.5,0,0.22,1.53125
-2.31359,-2.98357,0.2,1.20869,-2,0,0,0,3,0,-2,0,-1.82348,-0.00267104,-1.65653,-0.0106842,-1.49914,-0.0240394,-1.34652,-0.0407657,-1.18631,-0.0549651,-1.0333,-0.0662422,-0.890853,-0.0745969,-0.758965,-0.0800293,-0.637638,-0.0825392,-0.52687,-0.0821268,-0.426663,-0.0787921,-0.337016,-0.0725349,-0.257929,-0.0633554,-0.189401,-0.0512536,-0.131434,-0.0365296,-0.0840275,-0.0233789,-0.0471807,-0.0131507,-0.0208939,-0.00584474,-0.00516721,-0.00146118,0,2.77556e-17,-0.5,0,0.22,6.14946
-2.31359,-2.98357,0.4,1.3447,-2,0,0,0,3,0,-2,0,-1.80421,-0.00330601,-1.62027,-0.013224,-1.44817,-0.0297541,-1.2879,-0.0528961,-1.13948,-0.0826501,-1.00287,-0.118996,-0.867734,-0.153454,-0.739371,-0.179054,-0.621277,-0.195796,-0.513452,-0.20368,-0.415896,-0.202706,-0.328609,-0.192873,-0.251592,-0.174182,-0.184843,-0.146634,-0.128363,-0.110227,-0.0821523,-0.0707293,-0.0462107,-0.0397598,-0.0205381,-0.0176484,-0.00513452,-0.00439517,5.55112e-16,2.77556e-17,-0.5,0,0.22,6.15913
-2.31359,-2.98357,0.6,1.7327,-2,0,0,0,3,0,-2,0,-1.74992,-0.00548906,-1.51951,-0.0219562,-1.30875,-0.0494015,-1.11765,-0.0878249,-0.946217,-0.137226,-0.794438,-0.197606,-0.662296,-0.268879,-0.544988,-0.333695,-0.438898,-0.378988,-0.344027,-0.404758,-0.260374,-0.411004,-0.18794,-0.397728,-0.126725,-0.364928,-0.0767281,-0.312605,-0.0379497,-0.240758,-0.0103899,-0.156186,0.00595136,-0.0878543,0.0110741,-0.0390464,0.00500562,-0.00976159,3.46945e-18,1.38778e-16,-0.5,0,0.22,1.7327
-1.07295,-2.85317,0.2,1.22133,-2,0,0,0,3,0,-2,0,-1.82126,-0.00337336,-1.65145,-0.0134935,-1.49056,-0.0303603,-1.33347,-0.0512451,-1.1717,-0.0688836,-1.01953,-0.0828828,-0.877954,-0.0932425,-0.746951,-0.099963,-0.626527,-0.103044,-0.516683,-0.102486,-0.417417,-0.098288,-0.32873,-0.090451,-0.250621,-0.0789745,-0.183092,-0.0638588,-0.126142,-0.0454921,-0.0797699,-0.0291149,-0.0439771,-0.0163771,-0.0187632,-0.00727873,-0.0041281,-0.00181968,0,-1.38778e-17,-0.5,0,0.22,6.16623
-1.07295,-2.85317,0.4,1.44444,-2,0,0,0,3,0,-2,0,-1.78957,-0.00471843,-1.59163,-0.0188737,-1.40617,-0.0424659,-1.23319,-0.0754949,-1.0727,-0.117961,-0.924522,-0.167669,-0.787529,-0.209198,-0.661499,-0.239561,-0.546432,-0.258757,-0.442327,-0.266787,-0.349185,-0.263651,-0.267006,-0.249349,-0.195789,-0.22388,-0.135534,-0.187245,-0.0862427,-0.139444,-0.0479136,-0.0893302,-0.020547,-0.0502482,-0.0041431,-0.0223325,0.00129825,-0.00558313,2.1684e-19,0,-0.5,0,0.22,1.44444
0.00739182,-2.22943,0.2,1.22678,-2,0,0,0,3,0,-2,0,-1.81987,-0.00408745,-1.64753,-0.0163498,-1.48297,-0.0367871,-1.32123,-0.061966,-1.16064,-0.0831878,-1.01046,-0.100026,-0.870674,-0.112481,-0.741291,-0.120553,-0.62231,-0.124241,-0.513731,-0.123545,-0.415553,-0.118467,-0.327776,-0.109005,-0.250401,-0.095159,-0.183428,-0.0769299,-0.126856,-0.0547928,-0.0806854,-0.0350674,-0.0449166,-0.0197254,-0.0195493,-0.00876686,-0.00458363,-0.00219171,2.22045e-16,6.93889e-18,-0.5,0,0.22,6.17749
0.00739182,-2.22943,0.4,1.71592,-2,0,0,0,3,0,-2,0,-1.75023,-0.00799669,-1.51568,-0.0319868,-1.29636,-0.0719702,-1.09227,-0.127947,-0.903485,-0.198182,-0.731098,-0.260663,-0.575432,-0.30872,-0.436487,-0.342354,-0.314263,-0.361563,-0.208761,-0.366348,-0.11998,-0.35671,-0.0479207,-0.332648,0.00741774,-0.294162,0.0460349,-0.241252,0.0679308,-0.174151,0.0731054,-0.110484,0.0615587,-0.0612404,0.0334425,-0.0264209,0.00836063,-0.00602515,1.38778e-17,5.55112e-17,-0.5,0,0.22,1.71592
0.740636,-1.22021,0.2,1.21842,-2,0,0,0,3,0,-2,0,-1.8215,-0.00358423,-1.65119,-0.0143369,-1.48312,-0.0322581,-1.31471,-0.0545075,-1.15427,-0.0733198,-1.00427,-0.0882528,-0.864709,-0.0993065,-0.735582,-0.106481,-0.61689,-0.109776,-0.508635,-0.109192,-0.410816,-0.104728,-0.323434,-0.0963854,-0.246488,-0.0841632,-0.179978,-0.0680617,-0.123905,-0.0484914,-0.0782679,-0.0310345,-0.0430674,-0.0174569,-0.0183033,-0.00775863,-0.00397565,-0.00193966,-6.66134e-16,0,-0.5,0,0.22,6.15406
0.740636,-1.22021,0.4,2.21831,-2,0,0,0,3,0,-2,0,-1.68133,-0.0118809,-1.37534,-0.0475234,-1.06934,-0.106928,-0.767345,-0.187118,-0.494705,-0.259723,-0.255942,-0.317684,-0.0510557,-0.361,0.119954,-0.389671,0.257087,-0.403696,0.360343,-0.403077,0.429723,-0.387813,0.465226,-0.357904,0.466852,-0.31335,0.434601,-0.254151,0.368474,-0.181472,0.26847,-0.115888,0.152445,-0.0649496,0.0677534,-0.028656,0.0169383,-0.00700724,5.55112e-17,5.55112e-17,-0.5,0,0.22,2.43662
