sub_dest_x,sub_dest_y,connection_time,duration,start_x,start_y,end_x,end_y,initial_vel(x),initial_vel(y),x0,y0,x1,y1,x2,y2,x3,y3,x4,y4,x5,y5,x6,y6,x7,y7,x8,y8,x9,y9,x10,y10,x11,y11,x12,y12,x13,y13,x14,y14,x15,y15,x16,y16,x17,y17,x18,y18,x19,y19,x20,y20,circle_obst_x,circle_obst_y,circle_obst_rad,total_cost
0,0,0,1.84718,0,0,3,0,0.5,0,0,0,0.0589747,0,0.14354,0,0.253695,0,0.389441,0,0.550777,0,0.737704,0,0.950221,0,1.18833,0,1.45203,0,1.72048,0,1.96359,0,2.18111,0,2.37304,0,2.53937,0,2.68012,0,2.79528,0,2.88484,0,2.94882,0,2.9872,0,3,0,2,0,0.5,7.29289
0.1,0,0.2,2.10313,0,0,3,0,0.5,0,0,0,0.0602489,0,0.0953366,0,0.136612,0,0.211061,0,0.318684,0,0.45948,0,0.63345,0,0.840593,0,1.08091,0,1.3544,0,1.65647,0,1.93845,0,2.18725,0,2.40288,0,2.58533,0,2.73461,0,2.85072,0,2.93365,0,2.98341,0,3,0,2,0,0.5,7.22973
0.0913545,0.0406737,0.2,2.1444,0,0,3,0,0.5,0,0,0,0.0547324,0.0109396,0.0861452,0.0350658,0.129079,0.0521055,0.206383,0.0662917,0.318058,0.0776243,0.464102,0.0861033,0.644517,0.0917287,0.859302,0.0945005,1.10846,0.0944187,1.39198,0.0914834,1.70035,0.0856944,1.98206,0.0770519,2.2294,0.0655558,2.44237,0.0512061,2.62097,0.0356698,2.7652,0.0228287,2.87506,0.0128411,2.95055,0.00570717,2.99167,0.00142679,3,1.38778e-17,2,0,0.5,7.33457
0.0669131,0.0743145,0.2,2.1468,0,0,3,0,0.5,0,0,0,0.0432896,0.0138182,0.0663315,0.0518926,0.103028,0.087407,0.173816,0.117221,0.278697,0.141335,0.41767,0.159748,0.590735,0.172462,0.797893,0.179474,1.03914,0.180787,1.31448,0.176399,1.62103,0.166311,1.91062,0.150523,2.16611,0.129034,2.38752,0.101845,2.57483,0.0712538,2.72805,0.0456024,2.84717,0.0256514,2.93221,0.0114006,2.98315,0.00285015,3,2.77556e-17,2,0,0.5,7.42819
0.0309017,0.0951057,0.2,2.19701,0,0,3,0,0.5,0,0,0,0.0415135,0.0121556,0.0572082,0.0481303,0.087515,0.0881141,0.153471,0.121799,0.255076,0.149186,0.39233,0.170275,0.565234,0.185065,0.773786,0.193557,1.01799,0.19575,1.29784,0.191644,1.61091,0.181241,1.90779,0.164539,2.16902,0.141538,2.3946,0.112239,2.58454,0.0787305,2.73882,0.0503875,2.85746,0.028343,2.94045,0.0125969,2.98778,0.00314922,3,1.38778e-17,2,0,0.5,7.61884
0.0309017,0.0951057,0.4,2.41976,0,0,3,0,0.5,0,0,0,0.0442248,0.0147455,0.0559113,0.0577522,0.0372337,0.0899447,0.0359241,0.09913,0.0779244,0.104495,0.163764,0.107302,0.293444,0.10755,0.466963,0.10524,0.684321,0.100371,0.945519,0.0929443,1.25056,0.0829591,1.59713,0.0704156,1.92593,0.0553136,2.21089,0.0397859,2.45201,0.0267972,2.64928,0.0163668,2.80272,0.00849478,2.91232,0.00318113,2.97808,0.000425839,3,0,2,0,0.5,7.60793
-0.0104528,0.0994522,0.2,2.21039,0,0,3,0,0.5,0,0,0,0.0397804,0.0098021,0.049821,0.0387618,0.0741136,0.070757,0.134701,0.0977092,0.231584,0.119619,0.364761,0.136485,0.534233,0.148309,0.74,0.155089,0.982062,0.156827,1.26042,0.153522,1.57422,0.145174,1.87779,0.131783,2.14505,0.113349,2.37602,0.0898726,2.5707,0.0630361,2.72908,0.0403431,2.85117,0.022693,2.93696,0.0100858,2.98646,0.00252144,3,-2.77556e-17,2,0,0.5,7.69994
-0.0104528,0.0994522,0.4,2.5425,0,0,3,0,0.5,0,0,0,0.0430823,0.012969,0.0452041,0.0518304,0.0087288,0.0885648,-0.00775247,0.107347,0.0240035,0.121883,0.104076,0.132408,0.232464,0.138921,0.409168,0.141422,0.634189,0.139912,0.907526,0.134391,1.22918,0.124858,1.59572,0.111314,1.93993,0.0937579,2.23583,0.0721907,2.48341,0.0501431,2.68268,0.0320916,2.83363,0.0180515,2.93627,0.00802289,2.99059,0.00200572,3,0,2,0,0.5,8.06857
-0.05,0.0866025,0.2,2.20856,0,0,3,0,0.5,0,0,0,0.0383148,0.00699986,0.0440833,0.0276838,0.0631557,0.0504921,0.118624,0.069603,0.210488,0.0850165,0.338747,0.0967325,0.503402,0.104751,0.704453,0.109072,0.9419,0.109696,1.21574,0.106622,1.52597,0.099851,1.83534,0.0893824,2.10831,0.0752163,2.34488,0.0573528,2.54505,0.0386515,2.70883,0.0235939,2.83622,0.0122338,2.92721,0.00457106,2.9818,0.000605792,3,6.93889e-18,2,0,0.5,7.35244
-0.05,0.0866025,0.4,2.55916,0,0,3,0,0.5,0,0,0,0.0412887,0.00939869,0.0371964,0.0375948,-0.0113544,0.0708928,-0.0465248,0.0914234,-0.032772,0.107773,0.0299322,0.120058,0.141588,0.128279,0.302195,0.132436,0.511754,0.132528,0.770264,0.128557,1.07773,0.120521,1.43414,0.108421,1.80069,0.0922569,2.11887,0.0720285,2.38811,0.050064,2.60839,0.0319233,2.77972,0.0178469,2.9021,0.00783462,2.97552,0.00188656,3,2.77556e-17,2,0,0.5,7.89728
-0.0809017,0.0587785,0.2,2.24848,0,0,3,0,0.5,0,0,0,0.0377663,0.00438058,0.0404668,0.0172544,0.0583427,0.0312475,0.114072,0.0430317,0.207654,0.0526068,0.339089,0.0599729,0.508378,0.06513,0.715519,0.0680781,0.960514,0.0688172,1.24336,0.0673473,1.56342,0.0636684,1.87428,0.0577805,2.14729,0.0496835,2.38244,0.0393775,2.57974,0.0276126,2.73918,0.0176721,2.86077,0.00994055,2.94451,0.00441802,2.9904,0.00110451,3,2.08167e-17,2,0,0.5,7.45522
-0.0809017,0.0587785,0.4,2.60653,0,0,3,0,0.5,0,0,0,0.0403752,0.00588677,0.0311743,0.0235471,-0.0270476,0.0460795,-0.0747733,0.0612992,-0.0716339,0.0735293,-0.017626,0.0827908,0.0872501,0.0890838,0.242995,0.0924082,0.449607,0.0927642,0.707089,0.0901515,1.01544,0.0845703,1.37466,0.0760206,1.75373,0.0645024,2.08437,0.0500155,2.36415,0.0343828,2.59305,0.0215795,2.77109,0.0117448,2.89826,0.00487864,2.97457,0.000981006,3,0,2,0,0.5,3.61305
-0.0978148,0.0207912,0.2,2.22003,0,0,3,0,0.5,0,0,0,0.0370775,0.00147269,0.0387585,0.0058173,0.0536733,0.01057,0.105544,0.0145289,0.194369,0.0176941,0.32015,0.0200655,0.482887,0.0216431,0.682579,0.022427,0.919227,0.022417,1.19283,0.0216134,1.50339,0.0200159,1.81742,0.0176247,2.09459,0.0144397,2.3348,0.0104884,2.53806,0.00680475,2.70436,0.00391487,2.8337,0.00181877,2.92609,0.000516428,2.98152,7.85743e-06,3,-1.73472e-18,2,0,0.5,7.40958
-0.0978148,0.0207912,0.4,2.63127,0,0,3,0,0.5,0,0,0,0.0399009,0.00206883,0.0280399,0.00827533,-0.0351927,0.0162397,-0.0897575,0.0216998,-0.0924075,0.0260424,-0.0431425,0.0292698,0.0580375,0.0313822,0.211132,0.0323795,0.416142,0.0322617,0.673067,0.0310288,0.981907,0.0286809,1.34266,0.0252178,1.72808,0.0206397,2.06553,0.0149956,2.35106,0.00977014,2.58468,0.00565981,2.76638,0.00266456,2.89617,0.000784396,2.97404,1.93138e-05,3,3.46945e-18,2,0,0.5,3.66254
-0.0978148,-0.0207912,0.2,2.22003,0,0,3,0,0.5,0,0,0,0.0370775,-0.00147269,0.0387585,-0.0058173,0.0536733,-0.01057,0.105544,-0.0145289,0.194369,-0.0176941,0.32015,-0.0200655,0.482887,-0.0216431,0.682579,-0.022427,0.919227,-0.022417,1.19283,-0.0216134,1.50339,-0.0200159,1.81742,-0.0176247,2.09459,-0.0144397,2.3348,-0.0104884,2.53806,-0.00680475,2.70436,-0.00391487,2.8337,-0.00181877,2.92609,-0.000516428,2.98152,-7.85743e-06,3,1.73472e-18,2,0,0.5,7.40958
-0.0978148,-0.0207912,0.4,2.63127,0,0,3,0,0.5,0,0,0,0.0399009,-0.00206883,0.0280399,-0.00827533,-0.0351927,-0.0162397,-0.0897575,-0.0216998,-0.0924075,-0.0260424,-0.0431425,-0.0292698,0.0580375,-0.0313822,0.211132,-0.0323795,0.416142,-0.0322617,0.673067,-0.0310288,0.981907,-0.0286809,1.34266,-0.0252178,1.72808,-0.0206397,2.06553,-0.0149956,2.35106,-0.00977014,2.58468,-0.00565981,2.76638,-0.00266456,2.89617,-0.000784396,2.97404,-1.93138e-05,3,3.46945e-18,2,0,0.5,3.66254
-0.0809017,-0.0587785,0.2,2.24848,0,0,3,0,0.5,0,0,0,0.0377663,-0.00438058,0.0404668,-0.0172544,0.0583427,-0.0312475,0.114072,-0.0430317,0.207654,-0.0526068,0.339089,-0.0599729,0.508378,-0.06513,0.715519,-0.0680781,0.960514,-0.0688172,1.24336,-0.0673473,1.56342,-0.0636684,1.87428,-0.0577805,2.14729,-0.0496835,2.38244,-0.0393775,2.57974,-0.0276126,2.73918,-0.0176721,2.86077,-0.00994055,2.94451,-0.00441802,2.9904,-0.00110451,3,-2.08167e-17,2,0,0.5,7.45522
-0.0809017,-0.0587785,0.4,2.60653,0,0,3,0,0.5,0,0,0,0.0403752,-0.00588677,0.0311743,-0.0235471,-0.0270476,-0.0460795,-0.0747733,-0.0612992,-0.0716339,-0.0735293,-0.017626,-0.0827908,0.0872501,-0.0890838,0.242995,-0.0924082,0.449607,-0.0927642,0.707089,-0.0901515,1.01544,-0.0845703,1.37466,-0.0760206,1.75373,-0.0645024,2.08437,-0.0500155,2.36415,-0.0343828,2.59305,-0.0215795,2.77109,-0.0117448,2.89826,-0.00487864,2.97457,-0.000981006,3,-6.93889e-18,2,0,0.5,3.61305
-0.05,-0.0866025,0.2,2.20856,0,0,3,0,0.5,0,0,0,0.0383148,-0.00699986,0.0440833,-0.0276838,0.0631557,-0.0504921,0.118624,-0.069603,0.210488,-0.0850165,0.338747,-0.0967325,0.503402,-0.104751,0.704453,-0.109072,0.9419,-0.109696,1.21574,-0.106622,1.52597,-0.099851,1.83534,-0.0893824,2.10831,-0.0752163,2.34488,-0.0573528,2.54505,-0.0386515,2.70883,-0.0235939,2.83622,-0.0122338,2.92721,-0.00457106,2.9818,-0.000605792,3,-6.93889e-18,2,0,0.5,7.35244
-0.05,-0.0866025,0.4,2.55916,0,0,3,0,0.5,0,0,0,0.0412887,-0.00939869,0.0371964,-0.0375948,-0.0113544,-0.0708928,-0.0465248,-0.0914234,-0.032772,-0.107773,0.0299322,-0.120058,0.141588,-0.128279,0.302195,-0.132436,0.511754,-0.132528,0.770264,-0.128557,1.07773,-0.120521,1.43414,-0.108421,1.80069,-0.0922569,2.11887,-0.0720285,2.38811,-0.050064,2.60839,-0.0319233,2.77972,-0.0178469,2.9021,-0.00783462,2.97552,-0.00188656,3,-2.77556e-17,2,0,0.5,7.89728
-0.0104528,-0.0994522,0.2,2.21039,0,0,3,0,0.5,0,0,0,0.0397804,-0.0098021,0.049821,-0.0387618,0.0741136,-0.070757,0.134701,-0.0977092,0.231584,-0.119619,0.364761,-0.136485,0.534233,-0.148309,0.74,-0.155089,0.982062,-0.156827,1.26042,-0.153522,1.57422,-0.145174,1.87779,-0.131783,2.14505,-0.113349,2.37602,-0.0898726,2.5707,-0.0630361,2.72908,-0.0403431,2.85117,-0.022693,2.93696,-0.0100858,2.98646,-0.00252144,3,2.77556e-17,2,0,0.5,7.69994
-0.0104528,-0.0994522,0.4,2.5425,0,0,3,0,0.5,0,0,0,0.0430823,-0.012969,0.0452041,-0.0518304,0.0087288,-0.0885648,-0.00775247,-0.107347,0.0240035,-0.121883,0.104076,-0.132408,0.232464,-0.138921,0.409168,-0.141422,0.634189,-0.139912,0.907526,-0.134391,1.22918,-0.124858,1.59572,-0.111314,1.93993,-0.0937579,2.23583,-0.0721907,2.48341,-0.0501431,2.68268,-0.0320916,2.83363,-0.0180515,2.93627,-0.00802289,2.99059,-0.00200572,3,1.38778e-17,2,0,0.5,8.06857
0.0309017,-0.0951057,0.2,2.19701,0,0,3,0,0.5,0,0,0,0.0415135,-0.0121556,0.0572082,-0.0481303,0.087515,-0.0881141,0.153471,-0.121799,0.255076,-0.149186,0.39233,-0.170275,0.565234,-0.185065,0.773786,-0.193557,1.01799,-0.19575,1.29784,-0.191644,1.61091,-0.181241,1.90779,-0.164539,2.16902,-0.141538,2.3946,-0.112239,2.58454,-0.0787305,2.73882,-0.0503875,2.85746,-0.028343,2.94045,-0.0125969,2.98778,-0.00314922,3,-1.38778e-17,2,0,0.5,7.61884
0.0309017,-0.0951057,0.4,2.41976,0,0,3,0,0.5,0,0,0,0.0442248,-0.0147455,0.0559113,-0.0577522,0.0372337,-0.0899447,0.0359241,-0.09913,0.0779244,-0.104495,0.163764,-0.107302,0.293444,-0.10755,0.466963,-0.10524,0.684321,-0.100371,0.945519,-0.0929443,1.25056,-0.0829591,1.59713,-0.0704156,1.92593,-0.0553136,2.21089,-0.0397859,2.45201,-0.0267972,2.64928,-0.0163668,2.80272,-0.00849478,2.91232,-0.00318113,2.97808,-0.000425839,3,0,2,0,0.5,7.60793
0.0669131,-0.0743145,0.2,2.1468,0,0,3,0,0.5,0,0,0,0.0432896,-0.0138182,0.0663315,-0.0518926,0.103028,-0.087407,0.173816,-0.117221,0.278697,-0.141335,0.41767,-0.159748,0.590735,-0.172462,0.797893,-0.179474,1.03914,-0.180787,1.31448,-0.176399,1.62103,-0.166311,1.91062,-0.150523,2.16611,-0.129034,2.38752,-0.101845,2.57483,-0.0712538,2.72805,-0.0456024,2.84717,-0.0256514,2.93221,-0.0114006,2.98315,-0.00285015,3,0,2,0,0.5,7.42819
0.0913545,-0.0406737,0.2,2.1444,0,0,3,0,0.5,0,0,0,0.0547324,-0.0109396,0.0861452,-0.0350658,0.129079,-0.0521055,0.206383,-0.0662917,0.318058,-0.0776243,0.464102,-0.0861033,0.644517,-0.0917287,0.859302,-0.0945005,1.10846,-0.0944187,1.39198,-0.0914834,1.70035,-0.0856944,1.98206,-0.0770519,2.2294,-0.0655558,2.44237,-0.0512061,2.62097,-0.0356698,2.7652,-0.0228287,2.87506,-0.0128411,2.95055,-0.00570717,2.99167,-0.00142679,3,-1.38778e-17,2,0,0.5,7.33457
1,0,0.2,1.84718,0,0,3,0,0.5,0,0,0,0.0589747,0,0.14354,0,0.253695,0,0.389441,0,0.550777,0,0.737704,0,0.950221,0,1.18833,0,1.45203,0,1.72048,0,1.96359,0,2.18111,0,2.37304,0,2.53937,0,2.68012,0,2.79528,0,2.88484,0,2.94882,0,2.9872,0,3,0,2,0,0.5,7.29289
1,0,0.4,1.84718,0,0,3,0,0.5,0,0,0,0.0589747,0,0.14354,0,0.253695,0,0.389441,0,0.550777,0,0.737704,0,0.950221,0,1.18833,0,1.45203,0,1.72048,0,1.96359,0,2.18111,0,2.37304,0,2.53937,0,2.68012,0,2.79528,0,2.88484,0,2.94882,0,2.9872,0,3,0,2,0,0.5,7.29289
1,0,0.6,2.01713,0,0,3,0,0.5,0,0,0,0.0656862,0,0.161888,0,0.288606,0,0.44584,0,0.613569,0,0.751963,0,0.893387,0,1.06533,0,1.26778,0,1.50076,0,1.76411,0,2.02349,0,2.25236,0,2.45071,0,2.61855,0,2.75587,0,2.86268,0,2.93897,0,2.98474,0,3,0,2,0,0.5,7.19592
1,0,0.8,2.27522,0,0,3,0,0.5,0,0,0,0.0762928,0,0.19141,0,0.345352,0,0.534958,0,0.705573,0,0.837362,0,0.930327,0,1.02083,0,1.15011,0,1.31822,0,1.52515,0,1.7709,0,2.0488,0,2.30116,0,2.51469,0,2.6894,0,2.82529,0,2.92235,0,2.98059,0,3,0,2,0,0.5,7.62499
1,0,1,2.62132,0,0,3,0,0.5,0,0,0,0.0913004,0,0.234136,0,0.428505,0,0.643397,0,0.809345,0,0.923759,0,0.986638,0,1.00505,0,1.05455,0,1.1556,0,1.30817,0,1.51228,0,1.76793,0,2.07237,0,2.35582,0,2.58772,0,2.76809,0,2.89693,0,2.97423,0,3,0,2,0,0.5,3.74264
0.913545,0.406737,0.2,1.8781,0,0,3,0,0.5,0,0,0,0.0582977,0.00680012,0.139286,0.0272005,0.244258,0.0544305,0.375306,0.0775286,0.53246,0.096344,0.715719,0.110877,0.925084,0.121127,1.16055,0.127095,1.42213,0.12878,1.69473,0.126183,1.94273,0.119302,2.16463,0.10814,2.36042,0.0926946,2.5301,0.0729667,2.67368,0.0506149,2.79116,0.0319349,2.88253,0.0175375,2.94779,0.00742271,2.98695,0.00159049,3,2.77556e-17,2,0,0.5,7.39993
0.913545,0.406737,0.4,1.94107,0,0,3,0,0.5,0,0,0,0.0606456,0.00726378,0.145529,0.0290551,0.25465,0.065374,0.388009,0.11622,0.546327,0.171814,0.730738,0.216781,0.941257,0.250934,1.17788,0.274273,1.44061,0.286799,1.7121,0.28851,1.95836,0.279407,2.17852,0.259491,2.37258,0.228761,2.54052,0.187216,2.68236,0.135174,2.79809,0.0865112,2.88771,0.0486626,2.95123,0.0216278,2.98864,0.00540695,3,-8.32667e-17,2,0,0.5,7.18498
0.913545,0.406737,0.6,2.15502,0,0,3,0,0.5,0,0,0,0.0688133,0.00895333,0.167502,0.0358133,0.296066,0.08058,0.454013,0.143253,0.604778,0.222852,0.731312,0.295189,0.878776,0.350866,1.05696,0.390123,1.26586,0.412962,1.50548,0.419381,1.77477,0.409382,2.03377,0.382963,2.26205,0.340125,2.45962,0.280867,2.62646,0.20524,2.76259,0.131353,2.868,0.0738863,2.9427,0.0328383,2.98667,0.00820958,3,-1.11022e-16,2,0,0.5,7.36574
0.913545,0.406737,0.8,2.37736,0,0,3,0,0.5,0,0,0,0.0776131,0.0108961,0.191584,0.0435844,0.341914,0.098065,0.519853,0.174338,0.670871,0.262333,0.785532,0.33077,0.866598,0.377653,0.966979,0.407538,1.10691,0.422167,1.28639,0.421541,1.50541,0.405659,1.76399,0.374522,2.05,0.32813,2.30434,0.266481,2.51914,0.190694,2.69439,0.122044,2.83009,0.0686499,2.92625,0.0305111,2.98285,0.00762777,3,1.11022e-16,2,0,0.5,7.70692
0.913545,0.406737,1,2.66307,0,0,3,0,0.5,0,0,0,0.0893877,0.0136724,0.224397,0.0546896,0.405029,0.123052,0.596987,0.218197,0.744129,0.306069,0.845649,0.366595,0.901547,0.399777,0.923532,0.407535,0.984786,0.401874,1.09801,0.384879,1.2632,0.356548,1.48035,0.316881,1.74948,0.26588,2.06458,0.203543,2.35041,0.141282,2.58426,0.0903549,2.76615,0.0507634,2.89606,0.0225072,2.97402,0.00558612,3,0,2,0,0.5,3.72613
0.669131,0.743145,0.2,1.9572,0,0,3,0,0.5,0,0,0,0.0563151,0.0123212,0.1274,0.0492847,0.219204,0.0962757,0.338777,0.135975,0.486131,0.168352,0.661266,0.193407,0.864182,0.21114,1.09488,0.22155,1.35336,0.224638,1.63414,0.220404,1.89573,0.208848,2.12954,0.189969,2.33557,0.163768,2.51382,0.130245,2.66428,0.091528,2.78697,0.0585779,2.88187,0.0329501,2.949,0.0146445,2.98834,0.00366112,3,0,2,0,0.5,7.28164
0.669131,0.743145,0.4,2.1389,0,0,3,0,0.5,0,0,0,0.0622923,0.014715,0.142224,0.0588601,0.239796,0.132435,0.351976,0.233805,0.484271,0.329397,0.645095,0.405928,0.834448,0.463395,1.05233,0.501801,1.29874,0.521143,1.57355,0.521423,1.84457,0.502641,2.08707,0.464796,2.30104,0.407889,2.48648,0.331919,2.64339,0.238022,2.77177,0.152292,2.87162,0.0856254,2.94294,0.0380211,2.98574,0.00947934,3,-5.55112e-17,2,0,0.5,6.96745
0.669131,0.743145,0.6,2.45864,0,0,3,0,0.5,0,0,0,0.0731199,0.0194433,0.169547,0.0777733,0.289283,0.17499,0.410671,0.311093,0.509182,0.470781,0.61887,0.601742,0.761584,0.701644,0.937324,0.770486,1.14609,0.808268,1.38788,0.814991,1.6627,0.790655,1.94316,0.735259,2.19086,0.648804,2.40553,0.531289,2.58717,0.383482,2.73579,0.244669,2.85138,0.136916,2.93395,0.060223,2.98349,0.0145891,3,2.22045e-16,2,0,0.5,2.91728
0.669131,0.743145,0.8,2.60641,0,0,3,0,0.5,0,0,0,0.0782572,0.0218508,0.182708,0.0874033,0.312868,0.196657,0.436386,0.349613,0.533711,0.512713,0.604842,0.632779,0.675208,0.714854,0.787278,0.768475,0.941712,0.793789,1.13851,0.790796,1.37767,0.759497,1.6592,0.699892,1.96865,0.611979,2.24307,0.495761,2.47514,0.353832,2.66483,0.226452,2.81217,0.127379,2.91714,0.0566131,2.97975,0.0141533,3,-1.11022e-16,2,0,0.5,3.21283
0.669131,0.743145,1,2.80136,0,0,3,0,0.5,0,0,0,0.0851633,0.0252417,0.200585,0.100967,0.342863,0.227176,0.46825,0.402522,0.563378,0.56273,0.628248,0.672455,0.662859,0.731696,0.698605,0.750932,0.788041,0.747703,0.931992,0.722284,1.13046,0.674677,1.38344,0.604879,1.69093,0.512892,2.03374,0.398715,2.33106,0.27737,2.57387,0.177517,2.76216,0.0998531,2.89593,0.0443792,2.97519,0.0110948,3,-1.11022e-16,2,0,0.5,3.80272
0.309017,0.951057,0.2,2.06279,0,0,3,0,0.5,0,0,0,0.0525339,0.0157539,0.101061,0.0629411,0.164502,0.119106,0.25862,0.166477,0.383416,0.205054,0.538889,0.234836,0.72504,0.255823,0.941869,0.268017,1.18937,0.271416,1.46756,0.266021,1.75756,0.251831,2.01832,0.228847,2.2484,0.197068,2.44781,0.156496,2.61653,0.109862,2.75458,0.0703009,2.86195,0.0395342,2.93865,0.0175618,2.98466,0.0043837,3,0,2,0,0.5,7.38676
0.309017,0.951057,0.4,2.39124,0,0,3,0,0.5,0,0,0,0.0605897,0.0211704,0.115363,0.0846816,0.163324,0.190534,0.213599,0.324603,0.297134,0.439003,0.416471,0.529796,0.571612,0.596983,0.762557,0.640563,0.989305,0.660536,1.25186,0.656903,1.55021,0.629663,1.85429,0.578817,2.12282,0.504364,2.35554,0.406304,2.55246,0.287673,2.71357,0.182935,2.83888,0.101803,2.92839,0.0442776,2.9821,0.0103591,3,0,2,0,0.5,2.78249
0.309017,0.951057,0.6,2.77938,0,0,3,0,0.5,0,0,0,0.0699433,0.0286006,0.13168,0.114402,0.184212,0.257406,0.227541,0.45761,0.273233,0.670007,0.356882,0.840489,0.480994,0.969503,0.645568,1.05705,0.850603,1.10313,1.0961,1.10774,1.38206,1.07089,1.70522,0.992565,2.00869,0.872776,2.27169,0.711519,2.49423,0.510675,2.67631,0.325612,2.81792,0.182015,2.91908,0.0798855,2.97977,0.0192234,3,0,2,0,0.5,3.55875
0.309017,0.951057,0.8,2.86836,0,0,3,0,0.5,0,0,0,0.0720625,0.0304613,0.135319,0.121845,0.188773,0.274152,0.232425,0.487235,0.266274,0.694501,0.295564,0.842942,0.364117,0.950082,0.481779,1.01986,0.648549,1.05227,0.864427,1.04732,1.12941,1.005,1.44351,0.925325,1.79685,0.808283,2.11606,0.653877,2.38615,0.465916,2.60714,0.298005,2.77901,0.167458,2.90178,0.0742753,2.97545,0.0184561,3,3.33067e-16,2,0,0.5,3.73672
0.309017,0.951057,1,2.98528,0,0,3,0,0.5,0,0,0,0.0748325,0.0329952,0.140044,0.131981,0.194637,0.296956,0.238613,0.525185,0.27197,0.729269,0.29471,0.867364,0.309997,0.941073,0.36764,0.975661,0.4848,0.979832,0.661477,0.953586,0.89767,0.896922,1.19338,0.80984,1.54861,0.692342,1.93098,0.544426,2.25794,0.380217,2.52539,0.243339,2.73332,0.136878,2.88173,0.0608347,2.97062,0.0152087,3,1.11022e-16,2,0,0.5,3.97055
-0.104528,0.994522,0.2,2.12355,0,0,3,0,0.5,0,0,0,0.0460467,0.0153745,0.0783266,0.0612334,0.125092,0.114026,0.204639,0.1585,0.316968,0.194656,0.462079,0.222494,0.639972,0.242013,0.850647,0.253213,1.0941,0.256095,1.37034,0.250659,1.67233,0.236904,1.95098,0.214831,2.19684,0.184439,2.40992,0.145729,2.59022,0.101735,2.73774,0.0647534,2.85248,0.0360904,2.93444,0.0157459,2.98361,0.00371989,3,2.77556e-17,2,0,0.5,7.30856
-0.104528,0.994522,0.4,2.49722,0,0,3,0,0.5,0,0,0,0.0526922,0.0212613,0.0859075,0.0850451,0.0996461,0.191352,0.113124,0.319621,0.166459,0.426934,0.260906,0.511946,0.396466,0.574658,0.573137,0.61507,0.790921,0.633181,1.04982,0.628993,1.34982,0.602503,1.68441,0.553714,1.99275,0.482624,2.25998,0.389234,2.4861,0.276349,2.6711,0.17648,2.815,0.0989107,2.91778,0.0436419,2.97944,0.0106734,3,0,2,0,0.5,7.23533
-0.104528,0.994522,0.6,2.9846,0,0,3,0,0.5,0,0,0,0.0607044,0.0303702,0.0935877,0.121481,0.0986498,0.273332,0.0758909,0.485923,0.0629136,0.709197,0.100508,0.888857,0.18869,1.02488,0.327461,1.11726,0.516819,1.16601,0.756766,1.17112,1.0473,1.13259,1.38842,1.05042,1.76059,0.924619,2.08941,0.755177,2.36765,0.543764,2.59529,0.347736,2.77235,0.195346,2.89882,0.0865935,2.97471,0.0214786,3,0,2,0,0.5,3.9692
-0.104528,0.994522,0.8,3.19064,0,0,3,0,0.5,0,0,0,0.0638685,0.0347081,0.0959421,0.138832,0.0962206,0.312373,0.0647042,0.552124,0.00139285,0.765245,-0.0469653,0.922818,-0.030828,1.03954,0.0498149,1.11541,0.194964,1.15044,0.404618,1.14462,0.678778,1.09795,1.01744,1.01043,1.42062,0.882068,1.8389,0.712855,2.19368,0.50723,2.48395,0.324089,2.70972,0.181797,2.87099,0.0803518,2.96775,0.0197548,3,0,2,0,0.5,4.38128
-0.104528,0.994522,1,3.24176,0,0,3,0,0.5,0,0,0,0.064633,0.0358292,0.0964441,0.143317,0.0954331,0.322463,0.0616002,0.567865,-0.00501646,0.779315,-0.0694285,0.919107,-0.0878373,1.00018,-0.0357527,1.04658,0.087374,1.05885,0.281543,1.03697,0.546754,0.980968,0.883007,0.890827,1.2903,0.766549,1.7397,0.608137,2.12734,0.426693,2.44394,0.273084,2.6895,0.153609,2.86402,0.0682709,2.9675,0.0170677,3,2.22045e-16,2,0,0.5,4.48352
-0.104528,0.994522,1.2,3.29829,0,0,3,0,0.5,0,0,0,0.065469,0.0370897,0.0969612,0.148359,0.0944768,0.333808,0.0580157,0.584939,-0.0119388,0.794355,-0.0742712,0.929592,-0.102627,0.99065,-0.085581,0.990369,0.00742451,0.963095,0.178058,0.910704,0.42632,0.833195,0.752209,0.730568,1.15573,0.602824,1.626,0.452117,2.04906,0.31397,2.39448,0.200941,2.66228,0.113029,2.85245,0.0502352,2.96499,0.0125588,3,1.11022e-16,2,0,0.5,4.59659
-0.5,0.866025,0.2,2.1907,0,0,3,0,0.5,0,0,0,0.0421989,0.0128809,0.0601775,0.0510316,0.0928865,0.0935558,0.160961,0.129383,0.2644,0.158514,0.403204,0.180947,0.577374,0.196684,0.786909,0.205725,1.03181,0.208068,1.31207,0.203715,1.62447,0.192664,1.9187,0.174917,2.17757,0.150474,2.40107,0.119333,2.58921,0.08371,2.74199,0.0535744,2.85939,0.0301356,2.94144,0.0133936,2.98811,0.0033484,3,0,2,0,0.5,7.58425
-0.5,0.866025,0.4,2.59021,0,0,3,0,0.5,0,0,0,0.0471845,0.0180074,0.0592274,0.0720295,0.0361289,0.162066,0.0120088,0.265697,0.034569,0.351573,0.104132,0.419484,0.220697,0.469429,0.384265,0.50141,0.594835,0.515424,0.852408,0.511474,1.15698,0.489558,1.50856,0.449676,1.85949,0.39183,2.16343,0.316017,2.42036,0.224567,2.63029,0.143723,2.79321,0.0808443,2.90913,0.0359308,2.97806,0.0089827,3,0,2,0,0.5,7.6448
-0.5,0.866025,0.6,3.09593,0,0,3,0,0.5,0,0,0,0.0522966,0.0257255,0.0543897,0.102902,0.00627946,0.231529,-0.0911665,0.410943,-0.169199,0.588502,-0.184468,0.731013,-0.136973,0.838476,-0.0267158,0.910891,0.146305,0.948257,0.382089,0.950576,0.680636,0.917847,1.04195,0.85007,1.46494,0.747245,1.87252,0.609372,2.21734,0.4381,2.4994,0.280384,2.71869,0.157716,2.87523,0.070096,2.96899,0.017524,3,-1.66533e-16,2,0,0.5,4.19186
-0.5,0.866025,0.8,3.41608,0,0,3,0,0.5,0,0,0,0.0548404,0.0313211,0.0485574,0.125285,-0.018849,0.28189,-0.147379,0.496163,-0.315775,0.681403,-0.419941,0.823885,-0.444647,0.929677,-0.389893,0.998779,-0.255679,1.03119,-0.042005,1.02691,0.251129,0.985938,0.623724,0.908276,1.07578,0.793924,1.57834,0.64288,2.01393,0.458634,2.37006,0.293526,2.64674,0.165108,2.84395,0.0733815,2.9617,0.0183454,3,0,2,0,0.5,4.83216
-0.5,0.866025,1,3.43318,0,0,3,0,0.5,0,0,0,0.0549611,0.0316354,0.0481855,0.126542,-0.0203268,0.284719,-0.150576,0.50046,-0.320419,0.683904,-0.438139,0.804564,-0.480322,0.883025,-0.439835,0.930178,-0.316676,0.946023,-0.110848,0.93056,0.177652,0.883788,0.548822,0.805709,1.00266,0.696321,1.51839,0.555625,1.972,0.391352,2.34294,0.250465,2.63121,0.140887,2.83681,0.0626164,2.95974,0.0156541,3,-2.77556e-16,2,0,0.5,4.86636
-0.5,0.866025,1.2,3.45439,0,0,3,0,0.5,0,0,0,0.0551088,0.0320276,0.0477156,0.12811,-0.0221796,0.288248,-0.154577,0.505757,-0.32499,0.688564,-0.441648,0.807317,-0.495771,0.862068,-0.474387,0.874614,-0.366898,0.86276,-0.173302,0.826508,0.1064,0.765858,0.472209,0.680809,0.924123,0.571362,1.45009,0.437515,1.92367,0.3036,2.31115,0.194083,2.61252,0.108965,2.82779,0.0482453,2.95695,0.0119241,3,-2.22045e-16,2,0,0.5,4.90878
-0.809017,0.587785,0.2,2.20337,0,0,3,0,0.5,0,0,0,0.0388226,0.00818549,0.0462919,0.0323909,0.0670912,0.0592112,0.124055,0.0817962,0.217182,0.100146,0.346475,0.11426,0.511931,0.124139,0.713551,0.129783,0.951336,0.131191,1.22529,0.128364,1.53535,0.121302,1.84274,0.110005,2.11398,0.0944717,2.34904,0.0747034,2.54795,0.0522278,2.71069,0.0333121,2.83726,0.0186317,2.92767,0.0081866,2.98192,0.00197685,3,2.77556e-17,2,0,0.5,7.32777
-0.809017,0.587785,0.4,2.64368,0,0,3,0,0.5,0,0,0,0.0426816,0.0117839,0.0385421,0.0471355,-0.0124184,0.106055,-0.0637388,0.171918,-0.0639481,0.226308,-0.0130131,0.269213,0.0890663,0.300633,0.24229,0.320569,0.446658,0.32902,0.702171,0.325985,1.00883,0.311466,1.36663,0.285463,1.74696,0.247974,2.0794,0.199,2.3607,0.140465,2.59084,0.0894055,2.76985,0.0498311,2.89771,0.0217415,2.97443,0.00513675,3,5.55112e-17,2,0,0.5,3.68737
-0.809017,0.587785,0.6,3.17001,0,0,3,0,0.5,0,0,0,0.0455903,0.016943,0.0238609,0.0677718,-0.0651883,0.152487,-0.218352,0.269794,-0.342504,0.38212,-0.394669,0.472127,-0.374848,0.539813,-0.283041,0.585179,-0.119248,0.608225,0.116532,0.608951,0.424298,0.587357,0.80405,0.543443,1.25579,0.477209,1.72037,0.388655,2.1136,0.279001,2.43484,0.17856,2.6841,0.10044,2.86137,0.0446401,2.96665,0.01116,3,-5.55112e-17,2,0,0.5,4.34002
-0.809017,0.587785,0.8,3.56657,0,0,3,0,0.5,0,0,0,0.046556,0.0214472,0.00789548,0.0857889,-0.115982,0.193025,-0.325075,0.33934,-0.565996,0.46619,-0.719707,0.565532,-0.78147,0.63943,-0.751286,0.687882,-0.629155,0.710888,-0.415076,0.70845,-0.109049,0.680566,0.288925,0.627237,0.778846,0.548462,1.34495,0.444242,1.85066,0.316905,2.26442,0.202634,2.58624,0.113808,2.81611,0.0504269,2.95403,0.0124913,3,-1.66533e-16,2,0,0.5,5.13315
-0.809017,0.587785,1,3.57221,0,0,3,0,0.5,0,0,0,0.0465622,0.0215151,0.00763805,0.0860604,-0.116772,0.193636,-0.326669,0.340263,-0.568488,0.464699,-0.727921,0.547789,-0.795606,0.605016,-0.770175,0.64013,-0.651629,0.65313,-0.439968,0.644016,-0.13519,0.612789,0.262702,0.559448,0.753711,0.483994,1.32392,0.386427,1.83606,0.27178,2.25508,0.173201,2.58098,0.0967354,2.81377,0.0423833,2.95344,0.0101447,3,0,2,0,0.5,5.14443
-0.809017,0.587785,1.2,3.57917,0,0,3,0,0.5,0,0,0,0.0465695,0.021599,0.0073191,0.0863961,-0.117751,0.194391,-0.328641,0.341399,-0.57046,0.4657,-0.729901,0.546803,-0.80315,0.585806,-0.784133,0.600633,-0.670714,0.597583,-0.462895,0.576657,-0.160675,0.537856,0.235947,0.481178,0.726969,0.406625,1.30078,0.314196,1.81999,0.217401,2.24479,0.138177,2.5752,0.0768294,2.8112,0.0333575,2.9528,0.00776152,3,1.66533e-16,2,0,0.5,5.15835
-0.978148,0.207912,0.2,2.21867,0,0,3,0,0.5,0,0,0,0.0372241,0.00282054,0.0393886,0.011144,0.054793,0.0202879,0.107087,0.0279599,0.19627,0.0341598,0.322342,0.0388876,0.485304,0.0421434,0.685155,0.0439271,0.921896,0.0442387,1.19553,0.0430783,1.50604,0.0404459,1.81954,0.0363414,2.09621,0.0307648,2.33599,0.0237162,2.53888,0.0161435,2.70489,0.00998545,2.834,0.00529946,2.92622,0.00208552,2.98156,0.000343646,3,-1.38778e-17,2,0,0.5,7.40282
-0.978148,0.207912,0.4,2.67026,0,0,3,0,0.5,0,0,0,0.0403319,0.00408558,0.0278145,0.0163423,-0.0375512,0.0367702,-0.102247,0.0592678,-0.113611,0.0778313,-0.0716431,0.0924609,0.0236575,0.103156,0.172291,0.109918,0.374256,0.112745,0.629553,0.111639,0.938183,0.106598,1.30015,0.0976236,1.69336,0.0847149,2.04002,0.0678723,2.33335,0.0478083,2.57334,0.0303805,2.76,0.0168867,2.89334,0.007327,2.97333,0.0017013,3,2.08167e-17,2,0,0.5,3.74052
-0.978148,0.207912,0.6,3.19664,0,0,3,0,0.5,0,0,0,0.0420466,0.00585512,0.00835402,0.0234205,-0.101078,0.052696,-0.281647,0.0930928,-0.429166,0.131273,-0.500438,0.161708,-0.495464,0.184397,-0.414243,0.19934,-0.256775,0.206536,-0.023061,0.205987,0.2869,0.197693,0.673107,0.181652,1.13556,0.157865,1.62756,0.126333,2.04692,0.0882826,2.39003,0.0551737,2.65689,0.0298108,2.84751,0.0121937,2.96188,0.00232246,3,-2.77556e-17,2,0,0.5,4.39329
-0.978148,0.207912,0.8,3.70534,0,0,3,0,0.5,0,0,0,0.0417523,0.00786688,-0.0182579,0.0314675,-0.18003,0.0708019,-0.443565,0.123776,-0.721933,0.168894,-0.898376,0.20453,-0.972255,0.231016,-0.943569,0.248353,-0.81232,0.256541,-0.578506,0.255579,-0.242128,0.245468,0.196815,0.226208,0.738322,0.197798,1.35086,0.160238,1.8812,0.114367,2.30898,0.0731951,2.63419,0.0411722,2.85684,0.0182988,2.97692,0.00457469,3,0,2,0,0.5,5.41068
-0.978148,0.207912,1,3.64531,0,0,3,0,0.5,0,0,0,0.0418868,0.00761404,-0.0147182,0.0304562,-0.169815,0.0685264,-0.423403,0.120408,-0.703294,0.164418,-0.886619,0.19416,-0.9707,0.215099,-0.955436,0.228097,-0.840827,0.233153,-0.626872,0.230267,-0.313572,0.219441,0.0990728,0.200673,0.611063,0.173964,1.21179,0.139313,1.75819,0.0982872,2.20524,0.0627476,2.55295,0.0351493,2.80131,0.0154924,2.95033,0.00377675,3,0,2,0,0.5,5.29062
-0.978148,0.207912,1.2,3.65742,0,0,3,0,0.5,0,0,0,0.0418618,0.00766473,-0.0154239,0.0306589,-0.171857,0.0689826,-0.427438,0.121093,-0.707147,0.165021,-0.889388,0.193619,-0.972388,0.207738,-0.955425,0.213998,-0.838343,0.213798,-0.621145,0.207139,-0.303828,0.194021,0.113605,0.174443,0.631156,0.148407,1.23541,0.115911,1.77976,0.0807403,2.22401,0.0516738,2.56813,0.0290665,2.81214,0.0129185,2.95603,0.00322961,3,-2.77556e-17,2,0,0.5,5.31485
-0.978148,-0.207912,0.2,2.21867,0,0,3,0,0.5,0,0,0,0.0372241,-0.00282054,0.0393886,-0.011144,0.054793,-0.0202879,0.107087,-0.0279599,0.19627,-0.0341598,0.322342,-0.0388876,0.485304,-0.0421434,0.685155,-0.0439271,0.921896,-0.0442387,1.19553,-0.0430783,1.50604,-0.0404459,1.81954,-0.0363414,2.09621,-0.0307648,2.33599,-0.0237162,2.53888,-0.0161435,2.70489,-0.00998545,2.834,-0.00529946,2.92622,-0.00208552,2.98156,-0.000343646,3,1.38778e-17,2,0,0.5,7.40282
-0.978148,-0.207912,0.4,2.67026,0,0,3,0,0.5,0,0,0,0.0403319,-0.00408558,0.0278145,-0.0163423,-0.0375512,-0.0367702,-0.102247,-0.0592678,-0.113611,-0.0778313,-0.0716431,-0.0924609,0.0236575,-0.103156,0.172291,-0.109918,0.374256,-0.112745,0.629553,-0.111639,0.938183,-0.106598,1.30015,-0.0976236,1.69336,-0.0847149,2.04002,-0.0678723,2.33335,-0.0478083,2.57334,-0.0303805,2.76,-0.0168867,2.89334,-0.007327,2.97333,-0.0017013,3,-2.08167e-17,2,0,0.5,3.74052
-0.978148,-0.207912,0.6,3.19664,0,0,3,0,0.5,0,0,0,0.0420466,-0.00585512,0.00835402,-0.0234205,-0.101078,-0.052696,-0.281647,-0.0930928,-0.429166,-0.131273,-0.500438,-0.161708,-0.495464,-0.184397,-0.414243,-0.19934,-0.256775,-0.206536,-0.023061,-0.205987,0.2869,-0.197693,0.673107,-0.181652,1.13556,-0.157865,1.62756,-0.126333,2.04692,-0.0882826,2.39003,-0.0551737,2.65689,-0.0298108,2.84751,-0.0121937,2.96188,-0.00232246,3,2.77556e-17,2,0,0.5,4.39329
-0.978148,-0.207912,0.8,3.70534,0,0,3,0,0.5,0,0,0,0.0417523,-0.00786688,-0.0182579,-0.0314675,-0.18003,-0.0708019,-0.443565,-0.123776,-0.721933,-0.168894,-0.898376,-0.20453,-0.972255,-0.231016,-0.943569,-0.248353,-0.81232,-0.256541,-0.578506,-0.255579,-0.242128,-0.245468,0.196815,-0.226208,0.738322,-0.197798,1.35086,-0.160238,1.8812,-0.114367,2.30898,-0.0731951,2.63419,-0.0411722,2.85684,-0.0182988,2.97692,-0.00457469,3,5.55112e-17,2,0,0.5,5.41068
-0.978148,-0.207912,1,3.64531,0,0,3,0,0.5,0,0,0,0.0418868,-0.00761404,-0.0147182,-0.0304562,-0.169815,-0.0685264,-0.423403,-0.120408,-0.703294,-0.164418,-0.886619,-0.19416,-0.9707,-0.215099,-0.955436,-0.228097,-0.840827,-0.233153,-0.626872,-0.230267,-0.313572,-0.219441,0.0990728,-0.200673,0.611063,-0.173964,1.21179,-0.139313,1.75819,-0.0982872,2.20524,-0.0627476,2.55295,-0.0351493,2.80131,-0.0154924,2.95033,-0.00377675,3,2.77556e-17,2,0,0.5,5.29062
-0.978148,-0.207912,1.2,3.65742,0,0,3,0,0.5,0,0,0,0.0418618,-0.00766473,-0.0154239,-0.0306589,-0.171857,-0.0689826,-0.427438,-0.121093,-0.707147,-0.165021,-0.889388,-0.193619,-0.972388,-0.207738,-0.955425,-0.213998,-0.838343,-0.213798,-0.621145,-0.207139,-0.303828,-0.194021,0.113605,-0.174443,0.631156,-0.148407,1.23541,-0.115911,1.77976,-0.0807403,2.22401,-0.0516738,2.56813,-0.0290665,2.81214,-0.0129185,2.95603,-0.00322961,3,-1.38778e-17,2,0,0.5,5.31485
-0.809017,-0.587785,0.2,2.20337,0,0,3,0,0.5,0,0,0,0.0388226,-0.00818549,0.0462919,-0.0323909,0.0670912,-0.0592112,0.124055,-0.0817962,0.217182,-0.100146,0.346475,-0.11426,0.511931,-0.124139,0.713551,-0.129783,0.951336,-0.131191,1.22529,-0.128364,1.53535,-0.121302,1.84274,-0.110005,2.11398,-0.0944717,2.34904,-0.0747034,2.54795,-0.0522278,2.71069,-0.0333121,2.83726,-0.0186317,2.92767,-0.0081866,2.98192,-0.00197685,3,-2.77556e-17,2,0,0.5,7.32777
-0.809017,-0.587785,0.4,2.64368,0,0,3,0,0.5,0,0,0,0.0426816,-0.0117839,0.0385421,-0.0471355,-0.0124184,-0.106055,-0.0637388,-0.171918,-0.0639481,-0.226308,-0.0130131,-0.269213,0.0890663,-0.300633,0.24229,-0.320569,0.446658,-0.32902,0.702171,-0.325985,1.00883,-0.311466,1.36663,-0.285463,1.74696,-0.247974,2.0794,-0.199,2.3607,-0.140465,2.59084,-0.0894055,2.76985,-0.0498311,2.89771,-0.0217415,2.97443,-0.00513675,3,-5.55112e-17,2,0,0.5,3.68737
-0.809017,-0.587785,0.6,3.17001,0,0,3,0,0.5,0,0,0,0.0455903,-0.016943,0.0238609,-0.0677718,-0.0651883,-0.152487,-0.218352,-0.269794,-0.342504,-0.38212,-0.394669,-0.472127,-0.374848,-0.539813,-0.283041,-0.585179,-0.119248,-0.608225,0.116532,-0.608951,0.424298,-0.587357,0.80405,-0.543443,1.25579,-0.477209,1.72037,-0.388655,2.1136,-0.279001,2.43484,-0.17856,2.6841,-0.10044,2.86137,-0.0446401,2.96665,-0.01116,3,5.55112e-17,2,0,0.5,4.34002
-0.809017,-0.587785,0.8,3.56657,0,0,3,0,0.5,0,0,0,0.046556,-0.0214472,0.00789548,-0.0857889,-0.115982,-0.193025,-0.325075,-0.33934,-0.565996,-0.46619,-0.719707,-0.565532,-0.78147,-0.63943,-0.751286,-0.687882,-0.629155,-0.710888,-0.415076,-0.70845,-0.109049,-0.680566,0.288925,-0.627237,0.778846,-0.548462,1.34495,-0.444242,1.85066,-0.316905,2.26442,-0.202634,2.58624,-0.113808,2.81611,-0.0504269,2.95403,-0.0124913,3,1.66533e-16,2,0,0.5,5.13315
-0.809017,-0.587785,1,3.57221,0,0,3,0,0.5,0,0,0,0.0465622,-0.0215151,0.00763805,-0.0860604,-0.116772,-0.193636,-0.326669,-0.340263,-0.568488,-0.464699,-0.727921,-0.547789,-0.795606,-0.605016,-0.770175,-0.64013,-0.651629,-0.65313,-0.439968,-0.644016,-0.13519,-0.612789,0.262702,-0.559448,0.753711,-0.483994,1.32392,-0.386427,1.83606,-0.27178,2.25508,-0.173201,2.58098,-0.0967354,2.81377,-0.0423833,2.95344,-0.0101447,3,0,2,0,0.5,5.14443
-0.809017,-0.587785,1.2,3.57917,0,0,3,0,0.5,0,0,0,0.0465695,-0.021599,0.0073191,-0.0863961,-0.117751,-0.194391,-0.328641,-0.341399,-0.57046,-0.4657,-0.729901,-0.546803,-0.80315,-0.585806,-0.784133,-0.600633,-0.670714,-0.597583,-0.462895,-0.576657,-0.160675,-0.537856,0.235947,-0.481178,0.726969,-0.406625,1.30078,-0.314196,1.81999,-0.217401,2.24479,-0.138177,2.5752,-0.0768294,2.8112,-0.0333575,2.9528,-0.00776152,3,-1.66533e-16,2,0,0.5,5.15835
-0.5,-0.866025,0.2,2.1907,0,0,3,0,0.5,0,0,0,0.0421989,-0.0128809,0.0601775,-0.0510316,0.0928865,-0.0935558,0.160961,-0.129383,0.2644,-0.158514,0.403204,-0.180947,0.577374,-0.196684,0.786909,-0.205725,1.03181,-0.208068,1.31207,-0.203715,1.62447,-0.192664,1.9187,-0.174917,2.17757,-0.150474,2.40107,-0.119333,2.58921,-0.08371,2.74199,-0.0535744,2.85939,-0.0301356,2.94144,-0.0133936,2.98811,-0.0033484,3,0,2,0,0.5,7.58425
-0.5,-0.866025,0.4,2.59021,0,0,3,0,0.5,0,0,0,0.0471845,-0.0180074,0.0592274,-0.0720295,0.0361289,-0.162066,0.0120088,-0.265697,0.034569,-0.351573,0.104132,-0.419484,0.220697,-0.469429,0.384265,-0.50141,0.594835,-0.515424,0.852408,-0.511474,1.15698,-0.489558,1.50856,-0.449676,1.85949,-0.39183,2.16343,-0.316017,2.42036,-0.224567,2.63029,-0.143723,2.79321,-0.0808443,2.90913,-0.0359308,2.97806,-0.0089827,3,0,2,0,0.5,7.6448
-0.5,-0.866025,0.6,3.09593,0,0,3,0,0.5,0,0,0,0.0522966,-0.0257255,0.0543897,-0.102902,0.00627946,-0.231529,-0.0911665,-0.410943,-0.169199,-0.588502,-0.184468,-0.731013,-0.136973,-0.838476,-0.0267158,-0.910891,0.146305,-0.948257,0.382089,-0.950576,0.680636,-0.917847,1.04195,-0.85007,1.46494,-0.747245,1.87252,-0.609372,2.21734,-0.4381,2.4994,-0.280384,2.71869,-0.157716,2.87523,-0.070096,2.96899,-0.017524,3,1.66533e-16,2,0,0.5,4.19186
-0.5,-0.866025,0.8,3.41608,0,0,3,0,0.5,0,0,0,0.0548404,-0.0313211,0.0485574,-0.125285,-0.018849,-0.28189,-0.147379,-0.496163,-0.315775,-0.681403,-0.419941,-0.823885,-0.444647,-0.929677,-0.389893,-0.998779,-0.255679,-1.03119,-0.042005,-1.02691,0.251129,-0.985938,0.623724,-0.908276,1.07578,-0.793924,1.57834,-0.64288,2.01393,-0.458634,2.37006,-0.293526,2.64674,-0.165108,2.84395,-0.0733815,2.9617,-0.0183454,3,2.22045e-16,2,0,0.5,4.83216
-0.5,-0.866025,1,3.43318,0,0,3,0,0.5,0,0,0,0.0549611,-0.0316354,0.0481855,-0.126542,-0.0203268,-0.284719,-0.150576,-0.50046,-0.320419,-0.683904,-0.438139,-0.804564,-0.480322,-0.883025,-0.439835,-0.930178,-0.316676,-0.946023,-0.110848,-0.93056,0.177652,-0.883788,0.548822,-0.805709,1.00266,-0.696321,1.51839,-0.555625,1.972,-0.391352,2.34294,-0.250465,2.63121,-0.140887,2.83681,-0.0626164,2.95974,-0.0156541,3,2.22045e-16,2,0,0.5,4.86636
-0.5,-0.866025,1.2,3.45439,0,0,3,0,0.5,0,0,0,0.0551088,-0.0320276,0.0477156,-0.12811,-0.0221796,-0.288248,-0.154577,-0.505757,-0.32499,-0.688564,-0.441648,-0.807317,-0.495771,-0.862068,-0.474387,-0.874614,-0.366898,-0.86276,-0.173302,-0.826508,0.1064,-0.765858,0.472209,-0.680809,0.924123,-0.571362,1.45009,-0.437515,1.92367,-0.3036,2.31115,-0.194083,2.61252,-0.108965,2.82779,-0.0482453,2.95695,-0.0119241,3,0,2,0,0.5,4.90878
-0.104528,-0.994522,0.2,2.12355,0,0,3,0,0.5,0,0,0,0.0460467,-0.0153745,0.0783266,-0.0612334,0.125092,-0.114026,0.204639,-0.1585,0.316968,-0.194656,0.462079,-0.222494,0.639972,-0.242013,0.850647,-0.253213,1.0941,-0.256095,1.37034,-0.250659,1.67233,-0.236904,1.95098,-0.214831,2.19684,-0.184439,2.40992,-0.145729,2.59022,-0.101735,2.73774,-0.0647534,2.85248,-0.0360904,2.93444,-0.0157459,2.98361,-0.00371989,3,-2.77556e-17,2,0,0.5,7.30856
-0.104528,-0.994522,0.4,2.49722,0,0,3,0,0.5,0,0,0,0.0526922,-0.0212613,0.0859075,-0.0850451,0.0996461,-0.191352,0.113124,-0.319621,0.166459,-0.426934,0.260906,-0.511946,0.396466,-0.574658,0.573137,-0.61507,0.790921,-0.633181,1.04982,-0.628993,1.34982,-0.602503,1.68441,-0.553714,1.99275,-0.482624,2.25998,-0.389234,2.4861,-0.276349,2.6711,-0.17648,2.815,-0.0989107,2.91778,-0.0436419,2.97944,-0.0106734,3,0,2,0,0.5,7.23533
-0.104528,-0.994522,0.6,2.9846,0,0,3,0,0.5,0,0,0,0.0607044,-0.0303702,0.0935877,-0.121481,0.0986498,-0.273332,0.0758909,-0.485923,0.0629136,-0.709197,0.100508,-0.888857,0.18869,-1.02488,0.327461,-1.11726,0.516819,-1.16601,0.756766,-1.17112,1.0473,-1.13259,1.38842,-1.05042,1.76059,-0.924619,2.08941,-0.755177,2.36765,-0.543764,2.59529,-0.347736,2.77235,-0.195346,2.89882,-0.0865935,2.97471,-0.0214786,3,0,2,0,0.5,3.9692
-0.104528,-0.994522,0.8,3.19064,0,0,3,0,0.5,0,0,0,0.0638685,-0.0347081,0.0959421,-0.138832,0.0962206,-0.312373,0.0647042,-0.552124,0.00139285,-0.765245,-0.0469653,-0.922818,-0.030828,-1.03954,0.0498149,-1.11541,0.194964,-1.15044,0.404618,-1.14462,0.678778,-1.09795,1.01744,-1.01043,1.42062,-0.882068,1.8389,-0.712855,2.19368,-0.50723,2.48395,-0.324089,2.70972,-0.181797,2.87099,-0.0803518,2.96775,-0.0197548,3,0,2,0,0.5,4.38128
-0.104528,-0.994522,1,3.24176,0,0,3,0,0.5,0,0,0,0.064633,-0.0358292,0.0964441,-0.143317,0.0954331,-0.322463,0.0616002,-0.567865,-0.00501646,-0.779315,-0.0694285,-0.919107,-0.0878373,-1.00018,-0.0357527,-1.04658,0.087374,-1.05885,0.281543,-1.03697,0.546754,-0.980968,0.883007,-0.890827,1.2903,-0.766549,1.7397,-0.608137,2.12734,-0.426693,2.44394,-0.273084,2.6895,-0.153609,2.86402,-0.0682709,2.9675,-0.0170677,3,-2.22045e-16,2,0,0.5,4.48352
-0.104528,-0.994522,1.2,3.29829,0,0,3,0,0.5,0,0,0,0.065469,-0.0370897,0.0969612,-0.148359,0.0944768,-0.333808,0.0580157,-0.584939,-0.0119388,-0.794355,-0.0742712,-0.929592,-0.102627,-0.99065,-0.085581,-0.990369,0.00742451,-0.963095,0.178058,-0.910704,0.42632,-0.833195,0.752209,-0.730568,1.15573,-0.602824,1.626,-0.452117,2.04906,-0.31397,2.39448,-0.200941,2.66228,-0.113029,2.85245,-0.0502352,2.96499,-0.0125588,3,-1.11022e-16,2,0,0.5,4.59659
0.309017,-0.951057,0.2,2.06279,0,0,3,0,0.5,0,0,0,0.0525339,-0.0157539,0.101061,-0.0629411,0.164502,-0.119106,0.25862,-0.166477,0.383416,-0.205054,0.538889,-0.234836,0.72504,-0.255823,0.941869,-0.268017,1.18937,-0.271416,1.46756,-0.266021,1.75756,-0.251831,2.01832,-0.228847,2.2484,-0.197068,2.44781,-0.156496,2.61653,-0.109862,2.75458,-0.0703009,2.86195,-0.0395342,2.93865,-0.0175618,2.98466,-0.0043837,3,0,2,0,0.5,7.38676
0.309017,-0.951057,0.4,2.39124,0,0,3,0,0.5,0,0,0,0.0605897,-0.0211704,0.115363,-0.0846816,0.163324,-0.190534,0.213599,-0.324603,0.297134,-0.439003,0.416471,-0.529796,0.571612,-0.596983,0.762557,-0.640563,0.989305,-0.660536,1.25186,-0.656903,1.55021,-0.629663,1.85429,-0.578817,2.12282,-0.504364,2.35554,-0.406304,2.55246,-0.287673,2.71357,-0.182935,2.83888,-0.101803,2.92839,-0.0442776,2.9821,-0.0103591,3,0,2,0,0.5,2.78249
0.309017,-0.951057,0.6,2.77938,0,0,3,0,0.5,0,0,0,0.0699433,-0.0286006,0.13168,-0.114402,0.184212,-0.257406,0.227541,-0.45761,0.273233,-0.670007,0.356882,-0.840489,0.480994,-0.969503,0.645568,-1.05705,0.850603,-1.10313,1.0961,-1.10774,1.38206,-1.07089,1.70522,-0.992565,2.00869,-0.872776,2.27169,-0.711519,2.49423,-0.510675,2.67631,-0.325612,2.81792,-0.182015,2.91908,-0.0798855,2.97977,-0.0192234,3,0,2,0,0.5,3.55875
0.309017,-0.951057,0.8,2.86836,0,0,3,0,0.5,0,0,0,0.0720625,-0.0304613,0.135319,-0.121845,0.188773,-0.274152,0.232425,-0.487235,0.266274,-0.694501,0.295564,-0.842942,0.364117,-0.950082,0.481779,-1.01986,0.648549,-1.05227,0.864427,-1.04732,1.12941,-1.005,1.44351,-0.925325,1.79685,-0.808283,2.11606,-0.653877,2.38615,-0.465916,2.60714,-0.298005,2.77901,-0.167458,2.90178,-0.0742753,2.97545,-0.0184561,3,-3.33067e-16,2,0,0.5,3.73672
0.309017,-0.951057,1,2.98528,0,0,3,0,0.5,0,0,0,0.0748325,-0.0329952,0.140044,-0.131981,0.194637,-0.296956,0.238613,-0.525185,0.27197,-0.729269,0.29471,-0.867364,0.309997,-0.941073,0.36764,-0.975661,0.4848,-0.979832,0.661477,-0.953586,0.89767,-0.896922,1.19338,-0.80984,1.54861,-0.692342,1.93098,-0.544426,2.25794,-0.380217,2.52539,-0.243339,2.73332,-0.136878,2.88173,-0.0608347,2.97062,-0.0152087,3,-1.11022e-16,2,0,0.5,3.97055
0.669131,-0.743145,0.2,1.9572,0,0,3,0,0.5,0,0,0,0.0563151,-0.0123212,0.1274,-0.0492847,0.219204,-0.0962757,0.338777,-0.135975,0.486131,-0.168352,0.661266,-0.193407,0.864182,-0.21114,1.09488,-0.22155,1.35336,-0.224638,1.63414,-0.220404,1.89573,-0.208848,2.12954,-0.189969,2.33557,-0.163768,2.51382,-0.130245,2.66428,-0.091528,2.78697,-0.0585779,2.88187,-0.0329501,2.949,-0.0146445,2.98834,-0.00366112,3,0,2,0,0.5,7.28164
0.669131,-0.743145,0.4,2.1389,0,0,3,0,0.5,0,0,0,0.0622923,-0.014715,0.142224,-0.0588601,0.239796,-0.132435,0.351976,-0.233805,0.484271,-0.329397,0.645095,-0.405928,0.834448,-0.463395,1.05233,-0.501801,1.29874,-0.521143,1.57355,-0.521423,1.84457,-0.502641,2.08707,-0.464796,2.30104,-0.407889,2.48648,-0.331919,2.64339,-0.238022,2.77177,-0.152292,2.87162,-0.0856254,2.94294,-0.0380211,2.98574,-0.00947934,3,5.55112e-17,2,0,0.5,6.96745
0.669131,-0.743145,0.6,2.45864,0,0,3,0,0.5,0,0,0,0.0731199,-0.0194433,0.169547,-0.0777733,0.289283,-0.17499,0.410671,-0.311093,0.509182,-0.470781,0.61887,-0.601742,0.761584,-0.701644,0.937324,-0.770486,1.14609,-0.808268,1.38788,-0.814991,1.6627,-0.790655,1.94316,-0.735259,2.19086,-0.648804,2.40553,-0.531289,2.58717,-0.383482,2.73579,-0.244669,2.85138,-0.136916,2.93395,-0.060223,2.98349,-0.0145891,3,-5.55112e-17,2,0,0.5,2.91728
0.669131,-0.743145,0.8,2.60641,0,0,3,0,0.5,0,0,0,0.0782572,-0.0218508,0.182708,-0.0874033,0.312868,-0.196657,0.436386,-0.349613,0.533711,-0.512713,0.604842,-0.632779,0.675208,-0.714854,0.787278,-0.768475,0.941712,-0.793789,1.13851,-0.790796,1.37767,-0.759497,1.6592,-0.699892,1.96865,-0.611979,2.24307,-0.495761,2.47514,-0.353832,2.66483,-0.226452,2.81217,-0.127379,2.91714,-0.0566131,2.97975,-0.0141533,3,2.22045e-16,2,0,0.5,3.21283
0.669131,-0.743145,1,2.80136,0,0,3,0,0.5,0,0,0,0.0851633,-0.0252417,0.200585,-0.100967,0.342863,-0.227176,0.46825,-0.402522,0.563378,-0.56273,0.628248,-0.672455,0.662859,-0.731696,0.698605,-0.750932,0.788041,-0.747703,0.931992,-0.722284,1.13046,-0.674677,1.38344,-0.604879,1.69093,-0.512892,2.03374,-0.398715,2.33106,-0.27737,2.57387,-0.177517,2.76216,-0.0998531,2.89593,-0.0443792,2.97519,-0.0110948,3,0,2,0,0.5,3.80272
0.913545,-0.406737,0.2,1.8781,0,0,3,0,0.5,0,0,0,0.0582977,-0.00680012,0.139286,-0.0272005,0.244258,-0.0544305,0.375306,-0.0775286,0.53246,-0.096344,0.715719,-0.110877,0.925084,-0.121127,1.16055,-0.127095,1.42213,-0.12878,1.69473,-0.126183,1.94273,-0.119302,2.16463,-0.10814,2.36042,-0.0926946,2.5301,-0.0729667,2.67368,-0.0506149,2.79116,-0.0319349,2.88253,-0.0175375,2.94779,-0.00742271,2.98695,-0.00159049,3,-2.77556e-17,2,0,0.5,7.39993
0.913545,-0.406737,0.4,1.94107,0,0,3,0,0.5,0,0,0,0.0606456,-0.00726378,0.145529,-0.0290551,0.25465,-0.065374,0.388009,-0.11622,0.546327,-0.171814,0.730738,-0.216781,0.941257,-0.250934,1.17788,-0.274273,1.44061,-0.286799,1.7121,-0.28851,1.95836,-0.279407,2.17852,-0.259491,2.37258,-0.228761,2.54052,-0.187216,2.68236,-0.135174,2.79809,-0.0865112,2.88771,-0.0486626,2.95123,-0.0216278,2.98864,-0.00540695,3,8.32667e-17,2,0,0.5,7.18498
0.913545,-0.406737,0.6,2.15502,0,0,3,0,0.5,0,0,0,0.0688133,-0.00895333,0.167502,-0.0358133,0.296066,-0.08058,0.454013,-0.143253,0.604778,-0.222852,0.731312,-0.295189,0.878776,-0.350866,1.05696,-0.390123,1.26586,-0.412962,1.50548,-0.419381,1.77477,-0.409382,2.03377,-0.382963,2.26205,-0.340125,2.45962,-0.280867,2.62646,-0.20524,2.76259,-0.131353,2.868,-0.0738863,2.9427,-0.0328383,2.98667,-0.00820958,3,0,2,0,0.5,7.36574
0.913545,-0.406737,0.8,2.37736,0,0,3,0,0.5,0,0,0,0.0776131,-0.0108961,0.191584,-0.0435844,0.341914,-0.098065,0.519853,-0.174338,0.670871,-0.262333,0.785532,-0.33077,0.866598,-0.377653,0.966979,-0.407538,1.10691,-0.422167,1.28639,-0.421541,1.50541,-0.405659,1.76399,-0.374522,2.05,-0.32813,2.30434,-0.266481,2.51914,-0.190694,2.69439,-0.122044,2.83009,-0.0686499,2.92625,-0.0305111,2.98285,-0.00762777,3,2.77556e-17,2,0,0.5,7.70692
0.913545,-0.406737,1,2.66307,0,0,3,0,0.5,0,0,0,0.0893877,-0.0136724,0.224397,-0.0546896,0.405029,-0.123052,0.596987,-0.218197,0.744129,-0.306069,0.845649,-0.366595,0.901547,-0.399777,0.923532,-0.407535,0.984786,-0.401874,1.09801,-0.384879,1.2632,-0.356548,1.48035,-0.316881,1.74948,-0.26588,2.06458,-0.203543,2.35041,-0.141282,2.58426,-0.0903549,2.76615,-0.0507634,2.89606,-0.0225072,2.97402,-0.00558612,3,-8.32667e-17,2,0,0.5,3.72613
2,0,0.2,1.84718,0,0,3,0,0.5,0,0,0,0.0589747,0,0.14354,0,0.253695,0,0.389441,0,0.550777,0,0.737704,0,0.950221,0,1.18833,0,1.45203,0,1.72048,0,1.96359,0,2.18111,0,2.37304,0,2.53937,0,2.68012,0,2.79528,0,2.88484,0,2.94882,0,2.9872,0,3,0,2,0,0.5,7.29289
2,0,0.4,1.84718,0,0,3,0,0.5,0,0,0,0.0589747,0,0.14354,0,0.253695,0,0.389441,0,0.550777,0,0.737704,0,0.950221,0,1.18833,0,1.45203,0,1.72048,0,1.96359,0,2.18111,0,2.37304,0,2.53937,0,2.68012,0,2.79528,0,2.88484,0,2.94882,0,2.9872,0,3,0,2,0,0.5,7.29289
2,0,0.6,1.84718,0,0,3,0,0.5,0,0,0,0.0589747,0,0.14354,0,0.253695,0,0.389441,0,0.550777,0,0.737704,0,0.950221,0,1.18833,0,1.45203,0,1.72048,0,1.96359,0,2.18111,0,2.37304,0,2.53937,0,2.68012,0,2.79528,0,2.88484,0,2.94882,0,2.9872,0,3,0,2,0,0.5,7.29289
2,0,0.8,1.90579,0,0,3,0,0.5,0,0,0,0.0612648,0,0.14977,0,0.265515,0,0.4085,0,0.578726,0,0.776191,0,1.00067,0,1.22038,0,1.42281,0,1.64821,0,1.89677,0,2.12832,0,2.33262,0,2.50968,0,2.6595,0,2.78208,0,2.87742,0,2.94552,0,2.98638,0,3,0,2,0,0.5,7.48606
2,0,1,2.02256,0,0,3,0,0.5,0,0,0,0.0659042,0,0.162489,0,0.289754,0,0.4477,0,0.636326,0,0.855633,0,1.09824,0,1.31813,0,1.50734,0,1.66625,0,1.83162,0,2.02767,0,2.24833,0,2.44775,0,2.61649,0,2.75456,0,2.86194,0,2.93864,0,2.98466,0,3,0,2,0,0.5,7.39542
2,0,1.2,2.20293,0,0,3,0,0.5,0,0,0,0.0732716,0,0.18294,0,0.329005,0,0.511466,0,0.730324,0,0.985559,0,1.2391,0,1.45625,0,1.637,0,1.78136,0,1.88972,0,2.00535,0,2.15738,0,2.34581,0,2.54504,0,2.70883,0,2.83622,0,2.92721,0,2.9818,0,3,0,2,0,0.5,7.75616
2,0,1.4,2.48339,0,0,3,0,0.5,0,0,0,0.0852119,0,0.216678,0,0.394398,0,0.618372,0,0.888601,0,1.18252,0,1.43439,0,1.64001,0,1.79937,0,1.91248,0,1.97933,0,2.02425,0,2.11193,0,2.24586,0,2.42605,0,2.62997,0,2.79186,0,2.90749,0,2.97687,0,3,0,2,0,0.5,8.31709
1.82709,0.813473,0.2,1.88644,0,0,3,0,0.5,0,0,0,0.0588521,0.00643472,0.141086,0.0257389,0.247866,0.0513876,0.381013,0.0731614,0.540549,0.0909379,0.726473,0.104717,0.938786,0.114499,1.17749,0.120284,1.44258,0.122072,1.71547,0.119863,1.96265,0.113656,2.18344,0.103452,2.37784,0.0892512,2.54585,0.071053,2.68748,0.049965,2.80271,0.0319776,2.89156,0.0179874,2.95402,0.0079944,2.99009,0.0019986,3,-6.93889e-18,2,0,0.5,7.39828
1.82709,0.813473,0.4,1.92462,0,0,3,0,0.5,0,0,0,0.0602845,0.0066978,0.144907,0.0267912,0.253868,0.0602802,0.387167,0.107165,0.545345,0.15907,0.729361,0.201106,0.939236,0.232986,1.17497,0.254709,1.43656,0.266274,1.70711,0.267682,1.95276,0.258933,2.17255,0.240027,2.36649,0.210964,2.53456,0.171744,2.67678,0.122864,2.79314,0.0779838,2.88364,0.0432605,2.94828,0.0186944,2.98707,0.00428548,3,0,2,0,0.5,7.14737
1.82709,0.813473,0.6,2.03792,0,0,3,0,0.5,0,0,0,0.0645921,0.00750963,0.156472,0.0300385,0.275641,0.0675867,0.422098,0.120154,0.595843,0.187741,0.796856,0.27013,1.02321,0.346482,1.27365,0.403074,1.54328,0.439906,1.7961,0.456977,2.02484,0.454288,2.2295,0.431839,2.41009,0.389629,2.56659,0.327659,2.69902,0.245929,2.80738,0.157733,2.89165,0.0886592,2.95184,0.0393458,2.98796,0.00979284,3,0,2,0,0.5,7.09334
1.82709,0.813473,0.8,2.27034,0,0,3,0,0.5,0,0,0,0.0736924,0.00932025,0.181252,0.037281,0.32268,0.0838822,0.497975,0.149124,0.707137,0.233006,0.948282,0.335529,1.17533,0.453799,1.39415,0.554518,1.63184,0.62392,1.8677,0.661991,2.08283,0.668731,2.27533,0.64414,2.44517,0.588218,2.59237,0.500965,2.71692,0.382381,2.81883,0.246135,2.89809,0.13761,2.95471,0.0604156,2.98868,0.0145525,3,-5.55112e-17,2,0,0.5,2.54069
1.82709,0.813473,1,2.39284,0,0,3,0,0.5,0,0,0,0.0786312,0.0103531,0.194883,0.0414123,0.348755,0.0931777,0.540248,0.165649,0.769362,0.258827,1.02549,0.372711,1.25226,0.496203,1.44142,0.600475,1.6058,0.681075,1.7909,0.727491,2.00072,0.738797,2.21066,0.714995,2.39587,0.656083,2.55635,0.562062,2.69211,0.432932,2.80314,0.280873,2.88945,0.157991,2.95102,0.0702182,2.98787,0.0175545,3,5.55112e-17,2,0,0.5,2.78567
1.82709,0.813473,1.2,2.54567,0,0,3,0,0.5,0,0,0,0.0849317,0.0117179,0.212443,0.0468714,0.382535,0.105461,0.595206,0.187486,0.850457,0.292946,1.11684,0.421567,1.34149,0.545382,1.52355,0.645762,1.66304,0.722706,1.77189,0.773838,1.90444,0.788351,2.06735,0.764919,2.26064,0.703539,2.45729,0.604214,2.62366,0.466942,2.75967,0.303571,2.86531,0.170759,2.94057,0.0758928,2.98547,0.0189732,3,0,2,0,0.5,3.09134
1.82709,0.813473,1.4,2.75071,0,0,3,0,0.5,0,0,0,0.0936254,0.0136815,0.236966,0.054726,0.430022,0.123134,0.672794,0.218904,0.962355,0.342038,1.23072,0.48433,1.44938,0.60486,1.61831,0.698027,1.73753,0.763831,1.80704,0.802271,1.8579,0.809904,1.94979,0.78011,2.0842,0.712725,2.26111,0.607749,2.47542,0.465182,2.66536,0.300727,2.81278,0.169159,2.91769,0.0751817,2.98009,0.0187954,3,5.55112e-17,2,0,0.5,3.50142
1.33826,1.48629,0.2,1.94497,0,0,3,0,0.5,0,0,0,0.0565055,0.0117951,0.128774,0.0471806,0.222018,0.0925154,0.342722,0.130837,0.490906,0.162096,0.666567,0.186292,0.869708,0.203426,1.10033,0.213497,1.35843,0.216506,1.63798,0.212452,1.89784,0.201336,2.13021,0.183157,2.33511,0.157915,2.51252,0.125611,2.66246,0.0882816,2.78492,0.0565002,2.8799,0.0317814,2.94741,0.0141251,2.98743,0.00353126,3,-6.93889e-17,2,0,0.5,7.24772
1.33826,1.48629,0.4,2.10578,0,0,3,0,0.5,0,0,0,0.061883,0.0138263,0.142243,0.0553051,0.24108,0.124436,0.358581,0.220293,0.500882,0.312514,0.670948,0.386429,0.86878,0.442037,1.09438,0.479339,1.34774,0.498333,1.6257,0.499021,1.88807,0.481401,2.12268,0.445475,2.32952,0.391243,2.50859,0.318703,2.6599,0.228835,2.78344,0.146455,2.87922,0.0823807,2.94723,0.0366136,2.98748,0.00915341,3,1.11022e-16,2,0,0.5,7.13021
1.33826,1.48629,0.6,2.4196,0,0,3,0,0.5,0,0,0,0.0726871,0.0182543,0.169768,0.073017,0.291244,0.164288,0.437113,0.292068,0.607378,0.456297,0.802277,0.617791,1.02202,0.743079,1.26449,0.832161,1.51126,0.885036,1.75803,0.901705,1.99396,0.882168,2.20511,0.826424,2.39141,0.734473,2.55287,0.606317,2.6895,0.442041,2.80128,0.281232,2.88822,0.15663,2.95032,0.0682343,2.98758,0.016045,3,5.55112e-17,2,0,0.5,2.8392
1.33826,1.48629,0.8,2.9084,0,0,3,0,0.5,0,0,0,0.0903328,0.0263745,0.215911,0.105498,0.376736,0.237371,0.572806,0.421993,0.785304,0.659364,0.972602,0.923544,1.17506,1.13512,1.38164,1.28839,1.58821,1.38336,1.79479,1.42001,2.00137,1.39835,2.20684,1.31838,2.39346,1.18011,2.55509,0.98352,2.69173,0.728625,2.80337,0.466474,2.89002,0.262392,2.95167,0.116619,2.98833,0.0291547,3,-2.22045e-16,2,0,0.5,3.81679
1.33826,1.48629,1,2.96606,0,0,3,0,0.5,0,0,0,0.09248,0.0274307,0.221617,0.109723,0.387411,0.246876,0.589863,0.43889,0.804701,0.685766,0.984154,0.952828,1.12907,1.16716,1.28376,1.32293,1.46593,1.4187,1.67556,1.45449,1.89823,1.43029,2.12075,1.3461,2.32683,1.20192,2.50542,0.997755,2.65654,0.733602,2.78019,0.466945,2.87636,0.260249,2.94505,0.113541,2.98626,0.0268208,3,2.22045e-16,2,0,0.5,3.93211
1.33826,1.48629,1.2,3.04608,0,0,3,0,0.5,0,0,0,0.095483,0.0289308,0.229628,0.115723,0.402435,0.260377,0.613903,0.462893,0.831048,0.72327,1.00976,0.991274,1.1498,1.20169,1.25173,1.35422,1.36022,1.4475,1.50376,1.48066,1.68233,1.4537,1.89595,1.36661,2.14149,1.2194,2.36926,1.01207,2.56199,0.744611,2.71967,0.475455,2.84232,0.26641,2.92992,0.117488,2.98248,0.0286905,3,0,2,0,0.5,4.09216
1.33826,1.48629,1.4,3.16233,0,0,3,0,0.5,0,0,0,0.0998927,0.0311811,0.241454,0.124724,0.424685,0.28063,0.64936,0.498897,0.868133,0.778657,1.04524,1.04456,1.18067,1.2481,1.27444,1.38928,1.32748,1.46814,1.39554,1.48743,1.51119,1.44874,1.67441,1.35207,1.88521,1.19742,2.1436,0.984796,2.40524,0.714784,2.61935,0.455879,2.78589,0.254951,2.90484,0.112001,2.97621,0.0270291,3,2.22045e-16,2,0,0.5,4.32465
0.618034,1.90211,0.2,2.02092,0,0,3,0,0.5,0,0,0,0.0532338,0.0150736,0.111895,0.0602859,0.188453,0.115467,0.294405,0.162026,0.429748,0.199964,0.594485,0.229281,0.788613,0.249976,1.01213,0.262049,1.26505,0.265502,1.54716,0.260332,1.82471,0.246541,2.07286,0.224129,2.29162,0.193095,2.48099,0.153439,2.64096,0.107769,2.77154,0.0689719,2.87273,0.0387967,2.94453,0.017243,2.98694,0.00431074,3,-5.55112e-17,2,0,0.5,7.1726
0.618034,1.90211,0.4,2.30103,0,0,3,0,0.5,0,0,0,0.0610402,0.0195418,0.129109,0.078167,0.202294,0.175876,0.280021,0.304186,0.386404,0.41667,0.525254,0.506287,0.696571,0.57304,0.900355,0.616926,1.13661,0.637947,1.40532,0.636102,1.7009,0.611392,1.97511,0.563816,2.21685,0.493374,2.42612,0.400066,2.60293,0.285821,2.74726,0.182925,2.85914,0.102895,2.93854,0.0457313,2.98548,0.0114328,3,-1.11022e-16,2,0,0.5,2.60206
0.618034,1.90211,0.6,2.75768,0,0,3,0,0.5,0,0,0,0.0739898,0.0280677,0.158011,0.112271,0.245923,0.252609,0.327555,0.449084,0.408477,0.680343,0.521177,0.872483,0.668414,1.01923,0.850187,1.12059,1.0665,1.17655,1.31734,1.18713,1.60268,1.15231,1.89485,1.0721,2.15387,0.946501,2.37835,0.77551,2.5683,0.560142,2.72371,0.357335,2.84459,0.19992,2.93093,0.0878966,2.98273,0.0212643,3,0,2,0,0.5,3.51536
0.618034,1.90211,0.8,3.37711,0,0,3,0,0.5,0,0,0,0.091998,0.042093,0.197543,0.168372,0.302041,0.378837,0.392289,0.673488,0.469175,1.04677,0.568559,1.38669,0.704515,1.64928,0.877042,1.83455,1.08614,1.94249,1.33163,1.97311,1.59193,1.92641,1.85224,1.80238,2.11213,1.60102,2.34868,1.32235,2.54866,0.966553,2.71207,0.618594,2.8389,0.347959,2.92917,0.154648,2.98286,0.0386621,3,-2.22045e-16,2,0,0.5,4.75423
0.618034,1.90211,1,3.41719,0,0,3,0,0.5,0,0,0,0.0931805,0.0430979,0.200101,0.172392,0.305513,0.387881,0.396196,0.689567,0.471378,1.06956,0.531688,1.40542,0.613535,1.66127,0.738081,1.84066,0.905326,1.94358,1.11527,1.97003,1.36791,1.92003,1.66013,1.79356,1.96041,1.59062,2.23702,1.31122,2.47093,0.955806,2.66214,0.611716,2.81065,0.34409,2.91646,0.152929,2.97958,0.0382323,3,-1.11022e-16,2,0,0.5,4.83437
0.618034,1.90211,1.2,3.46534,0,0,3,0,0.5,0,0,0,0.0946044,0.0443211,0.203174,0.177284,0.309661,0.39889,0.400846,0.709138,0.47609,1.09604,0.535393,1.42975,0.578939,1.67485,0.645034,1.83971,0.762536,1.93061,0.931445,1.94756,1.15176,1.89056,1.42348,1.75961,1.74661,1.55471,2.07945,1.27585,2.3614,0.924401,2.59193,0.591616,2.77106,0.332784,2.89878,0.147904,2.97509,0.036976,3,-5.55112e-16,2,0,0.5,4.93068
0.618034,1.90211,1.4,3.53263,0,0,3,0,0.5,0,0,0,0.0965993,0.0460592,0.207469,0.184237,0.31541,0.414533,0.407262,0.736947,0.482547,1.13233,0.541265,1.46286,0.583416,1.70128,0.609217,1.84764,0.663815,1.91488,0.781268,1.91278,0.961577,1.84132,1.20474,1.70052,1.51076,1.49036,1.87723,1.21086,2.22149,0.866878,2.5029,0.554802,2.72145,0.312076,2.87715,0.1387,2.97,0.0346751,3,-3.33067e-16,2,0,0.5,5.06527
0.618034,1.90211,1.6,3.62292,0,0,3,0,0.5,0,0,0,0.0992854,0.0484437,0.213231,0.193775,0.32304,0.435993,0.415719,0.775099,0.490974,1.1797,0.548805,1.50541,0.58921,1.73422,0.612192,1.86615,0.61911,1.90168,0.670401,1.86344,0.798549,1.76369,1.00355,1.60242,1.28542,1.37965,1.64413,1.09536,2.05202,0.768903,2.39532,0.492098,2.66176,0.276805,2.85135,0.123024,2.96408,0.0307561,3,-1.11022e-16,2,0,0.5,5.24584
-0.209057,1.98904,0.2,2.10815,0,0,3,0,0.5,0,0,0,0.0472338,0.0157429,0.0837548,0.0627608,0.135108,0.117323,0.218667,0.163291,0.334431,0.200665,0.482401,0.229445,0.662576,0.249631,0.874956,0.261223,1.11954,0.264221,1.39633,0.258624,1.69568,0.244434,1.96943,0.221649,2.21097,0.19027,2.4203,0.150297,2.59743,0.10488,2.74236,0.0667188,2.85508,0.0371517,2.93559,0.0161788,2.9839,0.00379998,3,0,2,0,0.5,7.2348
-0.209057,1.98904,0.4,2.46761,0,0,3,0,0.5,0,0,0,0.0541959,0.0215692,0.093403,0.0862769,0.117621,0.194123,0.142492,0.326109,0.205224,0.437035,0.307413,0.524966,0.449057,0.589901,0.630158,0.63184,0.850715,0.650784,1.11073,0.646732,1.4102,0.619684,1.7374,0.56964,2.03332,0.496601,2.28979,0.400566,2.5068,0.284376,2.68435,0.181511,2.82245,0.101642,2.92109,0.0447683,2.98027,0.0108904,3,-1.11022e-16,2,0,0.5,7.4311
-0.209057,1.98904,0.6,2.95084,0,0,3,0,0.5,0,0,0,0.0630539,0.030844,0.104674,0.123376,0.12486,0.277596,0.123612,0.493505,0.130867,0.724617,0.185268,0.910935,0.286966,1.05222,0.435961,1.14848,0.632254,1.1997,0.875845,1.2059,1.16673,1.16706,1.50492,1.0832,1.85638,0.954297,2.16164,0.780368,2.4196,0.562887,2.63027,0.360247,2.79363,0.202639,2.9097,0.0900619,2.97848,0.0225155,3,0,2,0,0.5,3.90167
-0.209057,1.98904,0.8,3.54372,0,0,3,0,0.5,0,0,0,0.0731369,0.0444837,0.115361,0.177935,0.126674,0.400353,0.107073,0.711739,0.0667393,1.09269,0.0705667,1.41953,0.130035,1.67038,0.245143,1.84523,0.415893,1.94409,0.642282,1.96696,0.924313,1.91384,1.26198,1.78472,1.63812,1.57961,1.99847,1.29851,2.30449,0.942323,2.55488,0.601876,2.74962,0.337422,2.88872,0.14896,2.97218,0.0364912,3,-4.44089e-16,2,0,0.5,5.08745
-0.209057,1.98904,1,3.76798,0,0,3,0,0.5,0,0,0,0.0767252,0.050292,0.118502,0.201168,0.12533,0.452628,0.097209,0.804672,0.0341396,1.22653,-0.0390874,1.57247,-0.0486633,1.83603,0.0103177,2.0181,0.137856,2.11871,0.33395,2.13783,0.598602,2.07548,0.931811,1.93165,1.33358,1.70635,1.76598,1.39956,2.14304,1.01289,2.45154,0.647359,2.69149,0.363306,2.86289,0.160729,2.96572,0.03963,3,0,2,0,0.5,5.53596
-0.209057,1.98904,1.2,3.84656,0,0,3,0,0.5,0,0,0,0.0779532,0.0524114,0.119485,0.209646,0.124595,0.471703,0.0932841,0.838583,0.0255515,1.26682,-0.0748185,1.60352,-0.143052,1.84331,-0.133093,2.00482,-0.0437098,2.08882,0.125099,2.09533,0.373332,2.02434,0.700989,1.87585,1.10807,1.64986,1.58581,1.34637,2.02006,0.968735,2.37489,0.619991,2.65029,0.348745,2.84627,0.154998,2.96283,0.0387494,3,0,2,0,0.5,5.69311
-0.209057,1.98904,1.4,3.87051,0,0,3,0,0.5,0,0,0,0.0783245,0.0530662,0.119773,0.212265,0.124344,0.477596,0.0920392,0.84906,0.0228578,1.27889,-0.0784879,1.61407,-0.158181,1.84313,-0.186472,1.97612,-0.129708,2.03636,0.0134699,2.02478,0.243062,1.9414,0.559067,1.78621,0.961486,1.55921,1.44972,1.2604,1.92413,0.897622,2.31213,0.574478,2.61372,0.323144,2.82889,0.14362,2.95765,0.0359049,3,0,2,0,0.5,5.74102
-0.209057,1.98904,1.6,3.90528,0,0,3,0,0.5,0,0,0,0.0788611,0.054024,0.12018,0.216096,0.123957,0.486216,0.0901919,0.864384,0.0188848,1.29622,-0.083724,1.62913,-0.161961,1.85399,-0.202655,1.9708,-0.187238,1.99383,-0.0781823,1.9519,0.125589,1.84584,0.424076,1.67565,0.817278,1.44133,1.3052,1.14288,1.82223,0.801636,2.24721,0.513047,2.57748,0.288589,2.81303,0.128262,2.95387,0.0320654,3,-2.22045e-16,2,0,0.5,5.81057
-1,1.73205,0.2,2.17031,0,0,3,0,0.5,0,0,0,0.0428855,0.0135155,0.0637328,0.0536415,0.0988048,0.0987938,0.168482,0.136842,0.272764,0.167785,0.411652,0.191624,0.585144,0.208359,0.793242,0.217989,1.03594,0.220515,1.31325,0.215937,1.62216,0.204254,1.91366,0.185467,2.17056,0.159575,2.39285,0.126579,2.58054,0.088805,2.73362,0.0568352,2.8521,0.0319698,2.93597,0.0142088,2.98524,0.0035522,3,-2.77556e-17,2,0,0.5,7.51563
-1,1.73205,0.4,2.57077,0,0,3,0,0.5,0,0,0,0.048313,0.0189633,0.0647136,0.0758533,0.0492017,0.17067,0.0323981,0.280921,0.0608432,0.372421,0.135023,0.444812,0.254939,0.498094,0.420589,0.532267,0.631974,0.547332,0.889095,0.543288,1.19195,0.520136,1.54034,0.477875,1.88287,0.416505,2.17966,0.336026,2.43072,0.238858,2.63605,0.152869,2.79564,0.085989,2.90949,0.0382173,2.97761,0.00955434,3,-5.55112e-17,2,0,0.5,7.56159
-1,1.73205,0.6,3.08202,0,0,3,0,0.5,0,0,0,0.0541168,0.0272558,0.0623661,0.109023,0.0247479,0.245302,-0.0581343,0.435573,-0.122889,0.625152,-0.126991,0.777358,-0.0704416,0.892192,0.0467596,0.969653,0.224613,1.00974,0.463117,1.01246,0.762274,0.977802,1.12208,0.905773,1.53889,0.796371,1.92956,0.649597,2.25958,0.467157,2.52894,0.29898,2.73766,0.168176,2.88572,0.0747451,2.97313,0.0186863,3,0,2,0,0.5,4.16405
-1,1.73205,0.8,3.66572,0,0,3,0,0.5,0,0,0,0.0591999,0.0385573,0.0535136,0.154229,-0.017059,0.347016,-0.152518,0.616917,-0.323818,0.935766,-0.425626,1.20141,-0.448365,1.40457,-0.392035,1.54523,-0.256637,1.62341,-0.04217,1.63909,0.251366,1.59228,0.62397,1.48299,1.07564,1.3112,1.57711,1.07693,2.01193,0.781128,2.36768,0.499922,2.64436,0.281206,2.84198,0.12498,2.96052,0.0312451,3,1.11022e-16,2,0,0.5,5.33145
-1,1.73205,1,4.10287,0,0,3,0,0.5,0,0,0,0.0619294,0.0483019,0.0425739,0.193207,-0.0580664,0.434717,-0.239992,0.77283,-0.501752,1.1511,-0.730863,1.45283,-0.856752,1.68187,-0.879419,1.8382,-0.798865,1.92184,-0.61509,1.93279,-0.328093,1.87104,0.0621259,1.73659,0.555566,1.52944,1.14304,1.2496,1.70973,0.899609,2.17423,0.574298,2.5355,0.321684,2.79356,0.141767,2.94839,0.0345465,3,4.44089e-16,2,0,0.5,6.20575
-1,1.73205,1.2,4.11403,0,0,3,0,0.5,0,0,0,0.061987,0.0485649,0.0422464,0.19426,-0.0592216,0.437084,-0.242417,0.777038,-0.505913,1.15546,-0.748887,1.44196,-0.893757,1.64998,-0.931801,1.78942,-0.863018,1.8603,-0.687409,1.8626,-0.404973,1.79634,-0.0157114,1.66151,0.480377,1.4581,1.07845,1.18613,1.66467,0.849679,2.14539,0.542608,2.51928,0.304107,2.78635,0.134174,2.94659,0.0328107,3,1.11022e-16,2,0,0.5,6.22806
-1,1.73205,1.4,4.12452,0,0,3,0,0.5,0,0,0,0.0620406,0.0488128,0.0419364,0.195251,-0.0603126,0.439316,-0.244706,0.781005,-0.509529,1.15972,-0.752321,1.44519,-0.912329,1.63381,-0.970435,1.7485,-0.917723,1.79997,-0.754192,1.78821,-0.479843,1.71322,-0.0946746,1.575,0.401312,1.37355,1.00691,1.10888,1.61477,0.788539,2.11345,0.504376,2.50132,0.28344,2.77836,0.125733,2.94459,0.0312529,3,2.22045e-16,2,0,0.5,6.24904
-1,1.73205,1.6,4.14474,0,0,3,0,0.5,0,0,0,0.0621424,0.0492927,0.0413325,0.197171,-0.0624298,0.443634,-0.249144,0.788683,-0.516464,1.16788,-0.75822,1.45211,-0.917025,1.63776,-0.991596,1.72646,-0.958905,1.74772,-0.810428,1.71248,-0.546164,1.62072,-0.166114,1.47245,0.329724,1.26766,0.941348,1.00637,1.57257,0.706401,2.08961,0.452096,2.49087,0.254304,2.77635,0.113024,2.94603,0.028256,3,-2.22045e-16,2,0,0.5,6.28948
-1.61803,1.17557,0.2,2.23045,0,0,3,0,0.5,0,0,0,0.039529,0.00919543,0.0480769,0.0362892,0.0717751,0.0659629,0.13249,0.0909557,0.230222,0.111268,0.364971,0.126899,0.536737,0.137849,0.745519,0.144118,0.991319,0.145706,1.27414,0.142613,1.59234,0.134839,1.89666,0.122385,2.16395,0.105249,2.39423,0.0834326,2.5875,0.0585117,2.74374,0.0374475,2.86297,0.0210642,2.94518,0.00936187,2.99038,0.00234047,3,2.77556e-17,2,0,0.5,7.37119
-1.61803,1.17557,0.4,2.63813,0,0,3,0,0.5,0,0,0,0.0432448,0.0128641,0.041073,0.0514565,-0.00651551,0.115777,-0.0545442,0.187919,-0.0519512,0.247554,0.00131401,0.294661,0.105251,0.329241,0.259861,0.351293,0.465143,0.360817,0.721097,0.357813,1.02772,0.342282,1.38502,0.314224,1.76211,0.273637,2.09097,0.220523,2.36916,0.156596,2.59667,0.100221,2.77351,0.0563744,2.89968,0.0250553,2.97517,0.00626382,3,0,2,0,0.5,3.67625
-1.61803,1.17557,0.6,3.16555,0,0,3,0,0.5,0,0,0,0.0464429,0.018522,0.0274942,0.0740879,-0.0568462,0.166698,-0.203593,0.295006,-0.321941,0.418094,-0.369222,0.516732,-0.345435,0.590922,-0.250581,0.640664,-0.0846597,0.665956,0.152329,0.6668,0.460385,0.643194,0.839509,0.59514,1.2897,0.522638,1.74705,0.425686,2.13352,0.30561,2.44892,0.19559,2.69326,0.11002,2.86653,0.0488976,2.96873,0.0122244,3,1.11022e-16,2,0,0.5,4.3311
-1.61803,1.17557,0.8,3.75387,0,0,3,0,0.5,0,0,0,0.0478685,0.0260464,0.00378047,0.104185,-0.132264,0.234417,-0.360265,0.416742,-0.628662,0.625896,-0.806059,0.797499,-0.885938,0.928358,-0.8683,1.01847,-0.753145,1.06785,-0.540473,1.07647,-0.230283,1.04436,0.177423,0.971496,0.682647,0.857892,1.27245,0.703544,1.80415,0.509299,2.23833,0.325951,2.575,0.183347,2.81414,0.0814878,2.95578,0.0203719,3,-2.22045e-16,2,0,0.5,5.50774
-1.61803,1.17557,1,4.30348,0,0,3,0,0.5,0,0,0,0.0471597,0.0342316,-0.0265353,0.136927,-0.221085,0.308085,-0.536489,0.547706,-0.953154,0.806747,-1.286,1.01334,-1.48925,1.16995,-1.56291,1.27656,-1.50697,1.33319,-1.32145,1.33983,-1.00633,1.29648,-0.561618,1.20314,0.0126846,1.05981,0.708816,0.866488,1.40715,0.624865,1.98488,0.399914,2.43302,0.224952,2.75157,0.0999785,2.94052,0.0249946,3,0,2,0,0.5,6.60696
-1.61803,1.17557,1.2,4.29888,0,0,3,0,0.5,0,0,0,0.0471738,0.0341585,-0.0262487,0.136634,-0.220267,0.307426,-0.534882,0.546535,-0.951552,0.804394,-1.29134,0.997282,-1.50243,1.13947,-1.58317,1.23457,-1.53355,1.28257,-1.35357,1.28348,-1.04323,1.23729,-0.60254,1.14401,-0.0314918,1.00364,0.664461,0.81617,1.37054,0.584533,1.95715,0.37344,2.4134,0.209441,2.73929,0.0925357,2.93482,0.0227245,3,0,2,0,0.5,6.59775
-1.61803,1.17557,1.4,4.30266,0,0,3,0,0.5,0,0,0,0.0471622,0.0342187,-0.0264844,0.136875,-0.22094,0.307968,-0.536204,0.547499,-0.953317,0.805385,-1.29367,0.996264,-1.51188,1.12172,-1.59967,1.20042,-1.55562,1.23557,-1.37973,1.22716,-1.07201,1.1752,-0.63244,1.07968,-0.0610355,0.940611,0.638168,0.757988,1.35201,0.537531,1.94529,0.342922,2.40672,0.191866,2.73632,0.0843645,2.93408,0.0204163,3,0,2,0,0.5,6.60533
-1.61803,1.17557,1.6,4.30703,0,0,3,0,0.5,0,0,0,0.0471487,0.0342882,-0.0267571,0.137153,-0.221717,0.308594,-0.537732,0.548612,-0.955352,0.806528,-1.29538,0.997218,-1.51435,1.11933,-1.61024,1.17765,-1.57377,1.1941,-1.4038,1.17138,-1.10033,1.10951,-0.663352,1.00847,-0.0928705,0.868278,0.608648,0.688924,1.3312,0.48259,1.93197,0.307757,2.39923,0.172084,2.73299,0.0755709,2.93325,0.0182177,3,-3.33067e-16,2,0,0.5,6.61407
-1.9563,0.415823,0.2,2.22185,0,0,3,0,0.5,0,0,0,0.0372969,0.00310894,0.0395603,0.0122801,0.0552801,0.0223617,0.107991,0.0308536,0.197692,0.0377557,0.324383,0.043068,0.488066,0.0467906,0.688739,0.0489233,0.926402,0.0494663,1.20106,0.0484195,1.5127,0.045783,1.8259,0.0415566,2.10213,0.0357405,2.34137,0.0283346,2.54361,0.0198722,2.70887,0.0127182,2.83713,0.00715401,2.9284,0.00317956,2.98269,0.00079489,3,-3.46945e-18,2,0,0.5,7.40803
-1.9563,0.415823,0.4,2.66978,0,0,3,0,0.5,0,0,0,0.0403951,0.00448882,0.0280916,0.0179553,-0.03691,0.0403993,-0.101254,0.0650737,-0.112322,0.0853251,-0.0701168,0.101153,0.0253634,0.112558,0.174118,0.11954,0.376148,0.122099,0.631452,0.120235,0.940031,0.113948,1.30188,0.103237,1.69477,0.0881034,2.04106,0.0685466,2.33407,0.0465355,2.5738,0.0284576,2.76026,0.0148027,2.89345,0.00557101,2.97336,0.000762419,3,-2.08167e-17,2,0,0.5,3.73956
-1.9563,0.415823,0.6,3.24201,0,0,3,0,0.5,0,0,0,0.0421952,0.00661926,0.00668032,0.026477,-0.106545,0.0595733,-0.290522,0.104941,-0.434518,0.147196,-0.500139,0.181002,-0.487384,0.206359,-0.396254,0.223269,-0.226748,0.23173,0.0211332,0.231742,0.34739,0.223306,0.752023,0.206422,1.23503,0.18109,1.72179,0.147309,2.13022,0.105605,2.46027,0.0675869,2.71195,0.0380176,2.88525,0.0168967,2.98018,0.00422418,3,6.93889e-17,2,0,0.5,4.48402
-1.9563,0.415823,0.8,3.78481,0,0,3,0,0.5,0,0,0,0.0416652,0.00902128,-0.0225793,0.0360851,-0.192734,0.0811915,-0.468798,0.144341,-0.787381,0.21593,-1.00496,0.27422,-1.11603,0.318377,-1.1206,0.348403,-1.01867,0.364296,-0.810233,0.366057,-0.495297,0.353686,-0.0738587,0.327183,0.454082,0.286548,1.08296,0.231781,1.66872,0.163982,2.14798,0.102968,2.52074,0.0560871,2.787,0.0233379,2.94675,0.00472074,3,0,2,0,0.5,5.56961
-1.9563,0.415823,1,4.39372,0,0,3,0,0.5,0,0,0,0.0384783,0.0121575,-0.0657726,0.0486301,-0.312753,0.109418,-0.702462,0.19452,-1.20076,0.286379,-1.59291,0.359582,-1.84142,0.414621,-1.94628,0.451496,-1.90751,0.470207,-1.72509,0.470754,-1.39903,0.453137,-0.929331,0.417356,-0.315989,0.363411,0.434567,0.291302,1.20448,0.203491,1.85087,0.126594,2.35361,0.0678604,2.71272,0.0272912,2.92818,0.00488613,3,-5.55112e-17,2,0,0.5,6.78743
-1.9563,0.415823,1.2,4.44701,0,0,3,0,0.5,0,0,0,0.0380688,0.0124543,-0.0700753,0.0498171,-0.324433,0.112088,-0.725003,0.199268,-1.22876,0.29054,-1.61669,0.358562,-1.85735,0.409145,-1.95064,0.442928,-1.89657,0.45991,-1.69514,0.460093,-1.34634,0.443474,-0.850173,0.410056,-0.206643,0.359837,0.568545,0.292818,1.33394,0.210004,1.961,0.134402,2.44069,0.0756013,2.77302,0.0336006,2.95798,0.00840015,3,0,2,0,0.5,6.89403
-1.9563,0.415823,1.4,4.39481,0,0,3,0,0.5,0,0,0,0.0384701,0.0121636,-0.0658601,0.0486543,-0.312991,0.109472,-0.702921,0.194617,-1.20143,0.28586,-1.59435,0.353216,-1.84422,0.397984,-1.95016,0.426622,-1.91207,0.439735,-1.72996,0.437323,-1.40382,0.419386,-0.933664,0.385925,-0.319483,0.336939,0.432453,0.272428,1.20391,0.194059,1.85117,0.124198,2.35442,0.0698614,2.71363,0.0310495,2.92883,0.00776237,3,0,2,0,0.5,6.78962
-1.9563,0.415823,1.6,4.42663,0,0,3,0,0.5,0,0,0,0.0382279,0.0123403,-0.0684197,0.0493614,-0.319943,0.111063,-0.716342,0.197445,-1.21814,0.288723,-1.60818,0.35559,-1.85334,0.397777,-1.9532,0.418471,-1.90679,0.424927,-1.71409,0.417427,-1.37509,0.395971,-0.889797,0.360559,-0.258201,0.311191,0.508734,0.247867,1.27862,0.174451,1.91517,0.111649,2.40542,0.0628025,2.74937,0.0279122,2.94702,0.00697805,3,-2.77556e-17,2,0,0.5,6.85326
-1.9563,0.415823,1.8,4.43042,0,0,3,0,0.5,0,0,0,0.0381986,0.0123615,-0.0687266,0.0494459,-0.320776,0.111253,-0.717948,0.197784,-1.22012,0.289062,-1.60981,0.35587,-1.85437,0.397955,-1.95381,0.415318,-1.90751,0.412751,-1.71452,0.397905,-1.37482,0.370879,-0.888414,0.331672,-0.255295,0.280284,0.513377,0.21724,1.28392,0.152257,1.92017,0.0974446,2.4097,0.0548126,2.75253,0.0243611,2.94864,0.00609029,3,0,2,0,0.5,6.86084
-1.9563,-0.415823,0.2,2.22185,0,0,3,0,0.5,0,0,0,0.0372969,-0.00310894,0.0395603,-0.0122801,0.0552801,-0.0223617,0.107991,-0.0308536,0.197692,-0.0377557,0.324383,-0.043068,0.488066,-0.0467906,0.688739,-0.0489233,0.926402,-0.0494663,1.20106,-0.0484195,1.5127,-0.045783,1.8259,-0.0415566,2.10213,-0.0357405,2.34137,-0.0283346,2.54361,-0.0198722,2.70887,-0.0127182,2.83713,-0.00715401,2.9284,-0.00317956,2.98269,-0.00079489,3,3.46945e-18,2,0,0.5,7.40803
-1.9563,-0.415823,0.4,2.66978,0,0,3,0,0.5,0,0,0,0.0403951,-0.00448882,0.0280916,-0.0179553,-0.03691,-0.0403993,-0.101254,-0.0650737,-0.112322,-0.0853251,-0.0701168,-0.101153,0.0253634,-0.112558,0.174118,-0.11954,0.376148,-0.122099,0.631452,-0.120235,0.940031,-0.113948,1.30188,-0.103237,1.69477,-0.0881034,2.04106,-0.0685466,2.33407,-0.0465355,2.5738,-0.0284576,2.76026,-0.0148027,2.89345,-0.00557101,2.97336,-0.000762419,3,2.08167e-17,2,0,0.5,3.73956
-1.9563,-0.415823,0.6,3.24201,0,0,3,0,0.5,0,0,0,0.0421952,-0.00661926,0.00668032,-0.026477,-0.106545,-0.0595733,-0.290522,-0.104941,-0.434518,-0.147196,-0.500139,-0.181002,-0.487384,-0.206359,-0.396254,-0.223269,-0.226748,-0.23173,0.0211332,-0.231742,0.34739,-0.223306,0.752023,-0.206422,1.23503,-0.18109,1.72179,-0.147309,2.13022,-0.105605,2.46027,-0.0675869,2.71195,-0.0380176,2.88525,-0.0168967,2.98018,-0.00422418,3,-6.93889e-17,2,0,0.5,4.48402
-1.9563,-0.415823,0.8,3.78481,0,0,3,0,0.5,0,0,0,0.0416652,-0.00902128,-0.0225793,-0.0360851,-0.192734,-0.0811915,-0.468798,-0.144341,-0.787381,-0.21593,-1.00496,-0.27422,-1.11603,-0.318377,-1.1206,-0.348403,-1.01867,-0.364296,-0.810233,-0.366057,-0.495297,-0.353686,-0.0738587,-0.327183,0.454082,-0.286548,1.08296,-0.231781,1.66872,-0.163982,2.14798,-0.102968,2.52074,-0.0560871,2.787,-0.0233379,2.94675,-0.00472074,3,0,2,0,0.5,5.56961
-1.9563,-0.415823,1,4.39372,0,0,3,0,0.5,0,0,0,0.0384783,-0.0121575,-0.0657726,-0.0486301,-0.312753,-0.109418,-0.702462,-0.19452,-1.20076,-0.286379,-1.59291,-0.359582,-1.84142,-0.414621,-1.94628,-0.451496,-1.90751,-0.470207,-1.72509,-0.470754,-1.39903,-0.453137,-0.929331,-0.417356,-0.315989,-0.363411,0.434567,-0.291302,1.20448,-0.203491,1.85087,-0.126594,2.35361,-0.0678604,2.71272,-0.0272912,2.92818,-0.00488613,3,5.55112e-17,2,0,0.5,6.78743
-1.9563,-0.415823,1.2,4.44701,0,0,3,0,0.5,0,0,0,0.0380688,-0.0124543,-0.0700753,-0.0498171,-0.324433,-0.112088,-0.725003,-0.199268,-1.22876,-0.29054,-1.61669,-0.358562,-1.85735,-0.409145,-1.95064,-0.442928,-1.89657,-0.45991,-1.69514,-0.460093,-1.34634,-0.443474,-0.850173,-0.410056,-0.206643,-0.359837,0.568545,-0.292818,1.33394,-0.210004,1.961,-0.134402,2.44069,-0.0756013,2.77302,-0.0336006,2.95798,-0.00840015,3,0,2,0,0.5,6.89403
-1.9563,-0.415823,1.4,4.39481,0,0,3,0,0.5,0,0,0,0.0384701,-0.0121636,-0.0658601,-0.0486543,-0.312991,-0.109472,-0.702921,-0.194617,-1.20143,-0.28586,-1.59435,-0.353216,-1.84422,-0.397984,-1.95016,-0.426622,-1.91207,-0.439735,-1.72996,-0.437323,-1.40382,-0.419386,-0.933664,-0.385925,-0.319483,-0.336939,0.432453,-0.272428,1.20391,-0.194059,1.85117,-0.124198,2.35442,-0.0698614,2.71363,-0.0310495,2.92883,-0.00776237,3,-2.77556e-17,2,0,0.5,6.78962
-1.9563,-0.415823,1.6,4.42663,0,0,3,0,0.5,0,0,0,0.0382279,-0.0123403,-0.0684197,-0.0493614,-0.319943,-0.111063,-0.716342,-0.197445,-1.21814,-0.288723,-1.60818,-0.35559,-1.85334,-0.397777,-1.9532,-0.418471,-1.90679,-0.424927,-1.71409,-0.417427,-1.37509,-0.395971,-0.889797,-0.360559,-0.258201,-0.311191,0.508734,-0.247867,1.27862,-0.174451,1.91517,-0.111649,2.40542,-0.0628025,2.74937,-0.0279122,2.94702,-0.00697805,3,0,2,0,0.5,6.85326
-1.9563,-0.415823,1.8,4.43042,0,0,3,0,0.5,0,0,0,0.0381986,-0.0123615,-0.0687266,-0.0494459,-0.320776,-0.111253,-0.717948,-0.197784,-1.22012,-0.289062,-1.60981,-0.35587,-1.85437,-0.397955,-1.95381,-0.415318,-1.90751,-0.412751,-1.71452,-0.397905,-1.37482,-0.370879,-0.888414,-0.331672,-0.255295,-0.280284,0.513377,-0.21724,1.28392,-0.152257,1.92017,-0.0974446,2.4097,-0.0548126,2.75253,-0.0243611,2.94864,-0.00609029,3,0,2,0,0.5,6.86084
-1.61803,-1.17557,0.2,2.23045,0,0,3,0,0.5,0,0,0,0.039529,-0.00919543,0.0480769,-0.0362892,0.0717751,-0.0659629,0.13249,-0.0909557,0.230222,-0.111268,0.364971,-0.126899,0.536737,-0.137849,0.745519,-0.144118,0.991319,-0.145706,1.27414,-0.142613,1.59234,-0.134839,1.89666,-0.122385,2.16395,-0.105249,2.39423,-0.0834326,2.5875,-0.0585117,2.74374,-0.0374475,2.86297,-0.0210642,2.94518,-0.00936187,2.99038,-0.00234047,3,-2.77556e-17,2,0,0.5,7.37119
-1.61803,-1.17557,0.4,2.63813,0,0,3,0,0.5,0,0,0,0.0432448,-0.0128641,0.041073,-0.0514565,-0.00651551,-0.115777,-0.0545442,-0.187919,-0.0519512,-0.247554,0.00131401,-0.294661,0.105251,-0.329241,0.259861,-0.351293,0.465143,-0.360817,0.721097,-0.357813,1.02772,-0.342282,1.38502,-0.314224,1.76211,-0.273637,2.09097,-0.220523,2.36916,-0.156596,2.59667,-0.100221,2.77351,-0.0563744,2.89968,-0.0250553,2.97517,-0.00626382,3,0,2,0,0.5,3.67625
-1.61803,-1.17557,0.6,3.16555,0,0,3,0,0.5,0,0,0,0.0464429,-0.018522,0.0274942,-0.0740879,-0.0568462,-0.166698,-0.203593,-0.295006,-0.321941,-0.418094,-0.369222,-0.516732,-0.345435,-0.590922,-0.250581,-0.640664,-0.0846597,-0.665956,0.152329,-0.6668,0.460385,-0.643194,0.839509,-0.59514,1.2897,-0.522638,1.74705,-0.425686,2.13352,-0.30561,2.44892,-0.19559,2.69326,-0.11002,2.86653,-0.0488976,2.96873,-0.0122244,3,-1.11022e-16,2,0,0.5,4.3311
-1.61803,-1.17557,0.8,3.75387,0,0,3,0,0.5,0,0,0,0.0478685,-0.0260464,0.00378047,-0.104185,-0.132264,-0.234417,-0.360265,-0.416742,-0.628662,-0.625896,-0.806059,-0.797499,-0.885938,-0.928358,-0.8683,-1.01847,-0.753145,-1.06785,-0.540473,-1.07647,-0.230283,-1.04436,0.177423,-0.971496,0.682647,-0.857892,1.27245,-0.703544,1.80415,-0.509299,2.23833,-0.325951,2.575,-0.183347,2.81414,-0.0814878,2.95578,-0.0203719,3,2.22045e-16,2,0,0.5,5.50774
-1.61803,-1.17557,1,4.30348,0,0,3,0,0.5,0,0,0,0.0471597,-0.0342316,-0.0265353,-0.136927,-0.221085,-0.308085,-0.536489,-0.547706,-0.953154,-0.806747,-1.286,-1.01334,-1.48925,-1.16995,-1.56291,-1.27656,-1.50697,-1.33319,-1.32145,-1.33983,-1.00633,-1.29648,-0.561618,-1.20314,0.0126846,-1.05981,0.708816,-0.866488,1.40715,-0.624865,1.98488,-0.399914,2.43302,-0.224952,2.75157,-0.0999785,2.94052,-0.0249946,3,0,2,0,0.5,6.60696
-1.61803,-1.17557,1.2,4.29888,0,0,3,0,0.5,0,0,0,0.0471738,-0.0341585,-0.0262487,-0.136634,-0.220267,-0.307426,-0.534882,-0.546535,-0.951552,-0.804394,-1.29134,-0.997282,-1.50243,-1.13947,-1.58317,-1.23457,-1.53355,-1.28257,-1.35357,-1.28348,-1.04323,-1.23729,-0.60254,-1.14401,-0.0314918,-1.00364,0.664461,-0.81617,1.37054,-0.584533,1.95715,-0.37344,2.4134,-0.209441,2.73929,-0.0925357,2.93482,-0.0227245,3,2.22045e-16,2,0,0.5,6.59775
-1.61803,-1.17557,1.4,4.30266,0,0,3,0,0.5,0,0,0,0.0471622,-0.0342187,-0.0264844,-0.136875,-0.22094,-0.307968,-0.536204,-0.547499,-0.953317,-0.805385,-1.29367,-0.996264,-1.51188,-1.12172,-1.59967,-1.20042,-1.55562,-1.23557,-1.37973,-1.22716,-1.07201,-1.1752,-0.63244,-1.07968,-0.0610355,-0.940611,0.638168,-0.757988,1.35201,-0.537531,1.94529,-0.342922,2.40672,-0.191866,2.73632,-0.0843645,2.93408,-0.0204163,3,1.11022e-16,2,0,0.5,6.60533
-1.61803,-1.17557,1.6,4.30703,0,0,3,0,0.5,0,0,0,0.0471487,-0.0342882,-0.0267571,-0.137153,-0.221717,-0.308594,-0.537732,-0.548612,-0.955352,-0.806528,-1.29538,-0.997218,-1.51435,-1.11933,-1.61024,-1.17765,-1.57377,-1.1941,-1.4038,-1.17138,-1.10033,-1.10951,-0.663352,-1.00847,-0.0928705,-0.868278,0.608648,-0.688924,1.3312,-0.48259,1.93197,-0.307757,2.39923,-0.172084,2.73299,-0.0755709,2.93325,-0.0182177,3,2.22045e-16,2,0,0.5,6.61407
-1,-1.73205,0.2,2.17031,0,0,3,0,0.5,0,0,0,0.0428855,-0.0135155,0.0637328,-0.0536415,0.0988048,-0.0987938,0.168482,-0.136842,0.272764,-0.167785,0.411652,-0.191624,0.585144,-0.208359,0.793242,-0.217989,1.03594,-0.220515,1.31325,-0.215937,1.62216,-0.204254,1.91366,-0.185467,2.17056,-0.159575,2.39285,-0.126579,2.58054,-0.088805,2.73362,-0.0568352,2.8521,-0.0319698,2.93597,-0.0142088,2.98524,-0.0035522,3,2.77556e-17,2,0,0.5,7.51563
-1,-1.73205,0.4,2.57077,0,0,3,0,0.5,0,0,0,0.048313,-0.0189633,0.0647136,-0.0758533,0.0492017,-0.17067,0.0323981,-0.280921,0.0608432,-0.372421,0.135023,-0.444812,0.254939,-0.498094,0.420589,-0.532267,0.631974,-0.547332,0.889095,-0.543288,1.19195,-0.520136,1.54034,-0.477875,1.88287,-0.416505,2.17966,-0.336026,2.43072,-0.238858,2.63605,-0.152869,2.79564,-0.085989,2.90949,-0.0382173,2.97761,-0.00955434,3,5.55112e-17,2,0,0.5,7.56159
-1,-1.73205,0.6,3.08202,0,0,3,0,0.5,0,0,0,0.0541168,-0.0272558,0.0623661,-0.109023,0.0247479,-0.245302,-0.0581343,-0.435573,-0.122889,-0.625152,-0.126991,-0.777358,-0.0704416,-0.892192,0.0467596,-0.969653,0.224613,-1.00974,0.463117,-1.01246,0.762274,-0.977802,1.12208,-0.905773,1.53889,-0.796371,1.92956,-0.649597,2.25958,-0.467157,2.52894,-0.29898,2.73766,-0.168176,2.88572,-0.0747451,2.97313,-0.0186863,3,0,2,0,0.5,4.16405
-1,-1.73205,0.8,3.66572,0,0,3,0,0.5,0,0,0,0.0591999,-0.0385573,0.0535136,-0.154229,-0.017059,-0.347016,-0.152518,-0.616917,-0.323818,-0.935766,-0.425626,-1.20141,-0.448365,-1.40457,-0.392035,-1.54523,-0.256637,-1.62341,-0.04217,-1.63909,0.251366,-1.59228,0.62397,-1.48299,1.07564,-1.3112,1.57711,-1.07693,2.01193,-0.781128,2.36768,-0.499922,2.64436,-0.281206,2.84198,-0.12498,2.96052,-0.0312451,3,-1.11022e-16,2,0,0.5,5.33145
-1,-1.73205,1,4.10287,0,0,3,0,0.5,0,0,0,0.0619294,-0.0483019,0.0425739,-0.193207,-0.0580664,-0.434717,-0.239992,-0.77283,-0.501752,-1.1511,-0.730863,-1.45283,-0.856752,-1.68187,-0.879419,-1.8382,-0.798865,-1.92184,-0.61509,-1.93279,-0.328093,-1.87104,0.0621259,-1.73659,0.555566,-1.52944,1.14304,-1.2496,1.70973,-0.899609,2.17423,-0.574298,2.5355,-0.321684,2.79356,-0.141767,2.94839,-0.0345465,3,-4.44089e-16,2,0,0.5,6.20575
-1,-1.73205,1.2,4.11403,0,0,3,0,0.5,0,0,0,0.061987,-0.0485649,0.0422464,-0.19426,-0.0592216,-0.437084,-0.242417,-0.777038,-0.505913,-1.15546,-0.748887,-1.44196,-0.893757,-1.64998,-0.931801,-1.78942,-0.863018,-1.8603,-0.687409,-1.8626,-0.404973,-1.79634,-0.0157114,-1.66151,0.480377,-1.4581,1.07845,-1.18613,1.66467,-0.849679,2.14539,-0.542608,2.51928,-0.304107,2.78635,-0.134174,2.94659,-0.0328107,3,0,2,0,0.5,6.22806
-1,-1.73205,1.4,4.12452,0,0,3,0,0.5,0,0,0,0.0620406,-0.0488128,0.0419364,-0.195251,-0.0603126,-0.439316,-0.244706,-0.781005,-0.509529,-1.15972,-0.752321,-1.44519,-0.912329,-1.63381,-0.970435,-1.7485,-0.917723,-1.79997,-0.754192,-1.78821,-0.479843,-1.71322,-0.0946746,-1.575,0.401312,-1.37355,1.00691,-1.10888,1.61477,-0.788539,2.11345,-0.504376,2.50132,-0.28344,2.77836,-0.125733,2.94459,-0.0312529,3,2.22045e-16,2,0,0.5,6.24904
-1,-1.73205,1.6,4.14474,0,0,3,0,0.5,0,0,0,0.0621424,-0.0492927,0.0413325,-0.197171,-0.0624298,-0.443634,-0.249144,-0.788683,-0.516464,-1.16788,-0.75822,-1.45211,-0.917025,-1.63776,-0.991596,-1.72646,-0.958905,-1.74772,-0.810428,-1.71248,-0.546164,-1.62072,-0.166114,-1.47245,0.329724,-1.26766,0.941348,-1.00637,1.57257,-0.706401,2.08961,-0.452096,2.49087,-0.254304,2.77635,-0.113024,2.94603,-0.028256,3,0,2,0,0.5,6.28948
-0.209057,-1.98904,0.2,2.10815,0,0,3,0,0.5,0,0,0,0.0472338,-0.0157429,0.0837548,-0.0627608,0.135108,-0.117323,0.218667,-0.163291,0.334431,-0.200665,0.482401,-0.229445,0.662576,-0.249631,0.874956,-0.261223,1.11954,-0.264221,1.39633,-0.258624,1.69568,-0.244434,1.96943,-0.221649,2.21097,-0.19027,2.4203,-0.150297,2.59743,-0.10488,2.74236,-0.0667188,2.85508,-0.0371517,2.93559,-0.0161788,2.9839,-0.00379998,3,0,2,0,0.5,7.2348
-0.209057,-1.98904,0.4,2.46761,0,0,3,0,0.5,0,0,0,0.0541959,-0.0215692,0.093403,-0.0862769,0.117621,-0.194123,0.142492,-0.326109,0.205224,-0.437035,0.307413,-0.524966,0.449057,-0.589901,0.630158,-0.63184,0.850715,-0.650784,1.11073,-0.646732,1.4102,-0.619684,1.7374,-0.56964,2.03332,-0.496601,2.28979,-0.400566,2.5068,-0.284376,2.68435,-0.181511,2.82245,-0.101642,2.92109,-0.0447683,2.98027,-0.0108904,3,1.11022e-16,2,0,0.5,7.4311
-0.209057,-1.98904,0.6,2.95084,0,0,3,0,0.5,0,0,0,0.0630539,-0.030844,0.104674,-0.123376,0.12486,-0.277596,0.123612,-0.493505,0.130867,-0.724617,0.185268,-0.910935,0.286966,-1.05222,0.435961,-1.14848,0.632254,-1.1997,0.875845,-1.2059,1.16673,-1.16706,1.50492,-1.0832,1.85638,-0.954297,2.16164,-0.780368,2.4196,-0.562887,2.63027,-0.360247,2.79363,-0.202639,2.9097,-0.0900619,2.97848,-0.0225155,3,0,2,0,0.5,3.90167
-0.209057,-1.98904,0.8,3.54372,0,0,3,0,0.5,0,0,0,0.0731369,-0.0444837,0.115361,-0.177935,0.126674,-0.400353,0.107073,-0.711739,0.0667393,-1.09269,0.0705667,-1.41953,0.130035,-1.67038,0.245143,-1.84523,0.415893,-1.94409,0.642282,-1.96696,0.924313,-1.91384,1.26198,-1.78472,1.63812,-1.57961,1.99847,-1.29851,2.30449,-0.942323,2.55488,-0.601876,2.74962,-0.337422,2.88872,-0.14896,2.97218,-0.0364912,3,4.44089e-16,2,0,0.5,5.08745
-0.209057,-1.98904,1,3.76798,0,0,3,0,0.5,0,0,0,0.0767252,-0.050292,0.118502,-0.201168,0.12533,-0.452628,0.097209,-0.804672,0.0341396,-1.22653,-0.0390874,-1.57247,-0.0486633,-1.83603,0.0103177,-2.0181,0.137856,-2.11871,0.33395,-2.13783,0.598602,-2.07548,0.931811,-1.93165,1.33358,-1.70635,1.76598,-1.39956,2.14304,-1.01289,2.45154,-0.647359,2.69149,-0.363306,2.86289,-0.160729,2.96572,-0.03963,3,0,2,0,0.5,5.53596
-0.209057,-1.98904,1.2,3.84656,0,0,3,0,0.5,0,0,0,0.0779532,-0.0524114,0.119485,-0.209646,0.124595,-0.471703,0.0932841,-0.838583,0.0255515,-1.26682,-0.0748185,-1.60352,-0.143052,-1.84331,-0.133093,-2.00482,-0.0437098,-2.08882,0.125099,-2.09533,0.373332,-2.02434,0.700989,-1.87585,1.10807,-1.64986,1.58581,-1.34637,2.02006,-0.968735,2.37489,-0.619991,2.65029,-0.348745,2.84627,-0.154998,2.96283,-0.0387494,3,0,2,0,0.5,5.69311
-0.209057,-1.98904,1.4,3.87051,0,0,3,0,0.5,0,0,0,0.0783245,-0.0530662,0.119773,-0.212265,0.124344,-0.477596,0.0920392,-0.84906,0.0228578,-1.27889,-0.0784879,-1.61407,-0.158181,-1.84313,-0.186472,-1.97612,-0.129708,-2.03636,0.0134699,-2.02478,0.243062,-1.9414,0.559067,-1.78621,0.961486,-1.55921,1.44972,-1.2604,1.92413,-0.897622,2.31213,-0.574478,2.61372,-0.323144,2.82889,-0.14362,2.95765,-0.0359049,3,0,2,0,0.5,5.74102
-0.209057,-1.98904,1.6,3.90528,0,0,3,0,0.5,0,0,0,0.0788611,-0.054024,0.12018,-0.216096,0.123957,-0.486216,0.0901919,-0.864384,0.0188848,-1.29622,-0.083724,-1.62913,-0.161961,-1.85399,-0.202655,-1.9708,-0.187238,-1.99383,-0.0781823,-1.9519,0.125589,-1.84584,0.424076,-1.67565,0.817278,-1.44133,1.3052,-1.14288,1.82223,-0.801636,2.24721,-0.513047,2.57748,-0.288589,2.81303,-0.128262,2.95387,-0.0320654,3,2.22045e-16,2,0,0.5,5.81057
0.618034,-1.90211,0.2,2.02092,0,0,3,0,0.5,0,0,0,0.0532338,-0.0150736,0.111895,-0.0602859,0.188453,-0.115467,0.294405,-0.162026,0.429748,-0.199964,0.594485,-0.229281,0.788613,-0.249976,1.01213,-0.262049,1.26505,-0.265502,1.54716,-0.260332,1.82471,-0.246541,2.07286,-0.224129,2.29162,-0.193095,2.48099,-0.153439,2.64096,-0.107769,2.77154,-0.0689719,2.87273,-0.0387967,2.94453,-0.017243,2.98694,-0.00431074,3,5.55112e-17,2,0,0.5,7.1726
0.618034,-1.90211,0.4,2.30103,0,0,3,0,0.5,0,0,0,0.0610402,-0.0195418,0.129109,-0.078167,0.202294,-0.175876,0.280021,-0.304186,0.386404,-0.41667,0.525254,-0.506287,0.696571,-0.57304,0.900355,-0.616926,1.13661,-0.637947,1.40532,-0.636102,1.7009,-0.611392,1.97511,-0.563816,2.21685,-0.493374,2.42612,-0.400066,2.60293,-0.285821,2.74726,-0.182925,2.85914,-0.102895,2.93854,-0.0457313,2.98548,-0.0114328,3,1.11022e-16,2,0,0.5,2.60206
0.618034,-1.90211,0.6,2.75768,0,0,3,0,0.5,0,0,0,0.0739898,-0.0280677,0.158011,-0.112271,0.245923,-0.252609,0.327555,-0.449084,0.408477,-0.680343,0.521177,-0.872483,0.668414,-1.01923,0.850187,-1.12059,1.0665,-1.17655,1.31734,-1.18713,1.60268,-1.15231,1.89485,-1.0721,2.15387,-0.946501,2.37835,-0.77551,2.5683,-0.560142,2.72371,-0.357335,2.84459,-0.19992,2.93093,-0.0878966,2.98273,-0.0212643,3,0,2,0,0.5,3.51536
0.618034,-1.90211,0.8,3.37711,0,0,3,0,0.5,0,0,0,0.091998,-0.042093,0.197543,-0.168372,0.302041,-0.378837,0.392289,-0.673488,0.469175,-1.04677,0.568559,-1.38669,0.704515,-1.64928,0.877042,-1.83455,1.08614,-1.94249,1.33163,-1.97311,1.59193,-1.92641,1.85224,-1.80238,2.11213,-1.60102,2.34868,-1.32235,2.54866,-0.966553,2.71207,-0.618594,2.8389,-0.347959,2.92917,-0.154648,2.98286,-0.0386621,3,2.22045e-16,2,0,0.5,4.75423
0.618034,-1.90211,1,3.41719,0,0,3,0,0.5,0,0,0,0.0931805,-0.0430979,0.200101,-0.172392,0.305513,-0.387881,0.396196,-0.689567,0.471378,-1.06956,0.531688,-1.40542,0.613535,-1.66127,0.738081,-1.84066,0.905326,-1.94358,1.11527,-1.97003,1.36791,-1.92003,1.66013,-1.79356,1.96041,-1.59062,2.23702,-1.31122,2.47093,-0.955806,2.66214,-0.611716,2.81065,-0.34409,2.91646,-0.152929,2.97958,-0.0382323,3,1.11022e-16,2,0,0.5,4.83437
0.618034,-1.90211,1.2,3.46534,0,0,3,0,0.5,0,0,0,0.0946044,-0.0443211,0.203174,-0.177284,0.309661,-0.39889,0.400846,-0.709138,0.47609,-1.09604,0.535393,-1.42975,0.578939,-1.67485,0.645034,-1.83971,0.762536,-1.93061,0.931445,-1.94756,1.15176,-1.89056,1.42348,-1.75961,1.74661,-1.55471,2.07945,-1.27585,2.3614,-0.924401,2.59193,-0.591616,2.77106,-0.332784,2.89878,-0.147904,2.97509,-0.036976,3,5.55112e-16,2,0,0.5,4.93068
0.618034,-1.90211,1.4,3.53263,0,0,3,0,0.5,0,0,0,0.0965993,-0.0460592,0.207469,-0.184237,0.31541,-0.414533,0.407262,-0.736947,0.482547,-1.13233,0.541265,-1.46286,0.583416,-1.70128,0.609217,-1.84764,0.663815,-1.91488,0.781268,-1.91278,0.961577,-1.84132,1.20474,-1.70052,1.51076,-1.49036,1.87723,-1.21086,2.22149,-0.866878,2.5029,-0.554802,2.72145,-0.312076,2.87715,-0.1387,2.97,-0.0346751,3,3.33067e-16,2,0,0.5,5.06527
0.618034,-1.90211,1.6,3.62292,0,0,3,0,0.5,0,0,0,0.0992854,-0.0484437,0.213231,-0.193775,0.32304,-0.435993,0.415719,-0.775099,0.490974,-1.1797,0.548805,-1.50541,0.58921,-1.73422,0.612192,-1.86615,0.61911,-1.90168,0.670401,-1.86344,0.798549,-1.76369,1.00355,-1.60242,1.28542,-1.37965,1.64413,-1.09536,2.05202,-0.768903,2.39532,-0.492098,2.66176,-0.276805,2.85135,-0.123024,2.96408,-0.0307561,3,1.11022e-16,2,0,0.5,5.24584
1.33826,-1.48629,0.2,1.94497,0,0,3,0,0.5,0,0,0,0.0565055,-0.0117951,0.128774,-0.0471806,0.222018,-0.0925154,0.342722,-0.130837,0.490906,-0.162096,0.666567,-0.186292,0.869708,-0.203426,1.10033,-0.213497,1.35843,-0.216506,1.63798,-0.212452,1.89784,-0.201336,2.13021,-0.183157,2.33511,-0.157915,2.51252,-0.125611,2.66246,-0.0882816,2.78492,-0.0565002,2.8799,-0.0317814,2.94741,-0.0141251,2.98743,-0.00353126,3,6.93889e-17,2,0,0.5,7.24772
1.33826,-1.48629,0.4,2.10578,0,0,3,0,0.5,0,0,0,0.061883,-0.0138263,0.142243,-0.0553051,0.24108,-0.124436,0.358581,-0.220293,0.500882,-0.312514,0.670948,-0.386429,0.86878,-0.442037,1.09438,-0.479339,1.34774,-0.498333,1.6257,-0.499021,1.88807,-0.481401,2.12268,-0.445475,2.32952,-0.391243,2.50859,-0.318703,2.6599,-0.228835,2.78344,-0.146455,2.87922,-0.0823807,2.94723,-0.0366136,2.98748,-0.00915341,3,-1.11022e-16,2,0,0.5,7.13021
1.33826,-1.48629,0.6,2.4196,0,0,3,0,0.5,0,0,0,0.0726871,-0.0182543,0.169768,-0.073017,0.291244,-0.164288,0.437113,-0.292068,0.607378,-0.456297,0.802277,-0.617791,1.02202,-0.743079,1.26449,-0.832161,1.51126,-0.885036,1.75803,-0.901705,1.99396,-0.882168,2.20511,-0.826424,2.39141,-0.734473,2.55287,-0.606317,2.6895,-0.442041,2.80128,-0.281232,2.88822,-0.15663,2.95032,-0.0682343,2.98758,-0.016045,3,-5.55112e-17,2,0,0.5,2.8392
1.33826,-1.48629,0.8,2.9084,0,0,3,0,0.5,0,0,0,0.0903328,-0.0263745,0.215911,-0.105498,0.376736,-0.237371,0.572806,-0.421993,0.785304,-0.659364,0.972602,-0.923544,1.17506,-1.13512,1.38164,-1.28839,1.58821,-1.38336,1.79479,-1.42001,2.00137,-1.39835,2.20684,-1.31838,2.39346,-1.18011,2.55509,-0.98352,2.69173,-0.728625,2.80337,-0.466474,2.89002,-0.262392,2.95167,-0.116619,2.98833,-0.0291547,3,2.22045e-16,2,0,0.5,3.81679
1.33826,-1.48629,1,2.96606,0,0,3,0,0.5,0,0,0,0.09248,-0.0274307,0.221617,-0.109723,0.387411,-0.246876,0.589863,-0.43889,0.804701,-0.685766,0.984154,-0.952828,1.12907,-1.16716,1.28376,-1.32293,1.46593,-1.4187,1.67556,-1.45449,1.89823,-1.43029,2.12075,-1.3461,2.32683,-1.20192,2.50542,-0.997755,2.65654,-0.733602,2.78019,-0.466945,2.87636,-0.260249,2.94505,-0.113541,2.98626,-0.0268208,3,1.11022e-16,2,0,0.5,3.93211
1.33826,-1.48629,1.2,3.04608,0,0,3,0,0.5,0,0,0,0.095483,-0.0289308,0.229628,-0.115723,0.402435,-0.260377,0.613903,-0.462893,0.831048,-0.72327,1.00976,-0.991274,1.1498,-1.20169,1.25173,-1.35422,1.36022,-1.4475,1.50376,-1.48066,1.68233,-1.4537,1.89595,-1.36661,2.14149,-1.2194,2.36926,-1.01207,2.56199,-0.744611,2.71967,-0.475455,2.84232,-0.26641,2.92992,-0.117488,2.98248,-0.0286905,3,2.22045e-16,2,0,0.5,4.09216
1.33826,-1.48629,1.4,3.16233,0,0,3,0,0.5,0,0,0,0.0998927,-0.0311811,0.241454,-0.124724,0.424685,-0.28063,0.64936,-0.498897,0.868133,-0.778657,1.04524,-1.04456,1.18067,-1.2481,1.27444,-1.38928,1.32748,-1.46814,1.39554,-1.48743,1.51119,-1.44874,1.67441,-1.35207,1.88521,-1.19742,2.1436,-0.984796,2.40524,-0.714784,2.61935,-0.455879,2.78589,-0.254951,2.90484,-0.112001,2.97621,-0.0270291,3,0,2,0,0.5,4.32465
1.82709,-0.813473,0.2,1.88644,0,0,3,0,0.5,0,0,0,0.0588521,-0.00643472,0.141086,-0.0257389,0.247866,-0.0513876,0.381013,-0.0731614,0.540549,-0.0909379,0.726473,-0.104717,0.938786,-0.114499,1.17749,-0.120284,1.44258,-0.122072,1.71547,-0.119863,1.96265,-0.113656,2.18344,-0.103452,2.37784,-0.0892512,2.54585,-0.071053,2.68748,-0.049965,2.80271,-0.0319776,2.89156,-0.0179874,2.95402,-0.0079944,2.99009,-0.0019986,3,6.93889e-18,2,0,0.5,7.39828
1.82709,-0.813473,0.4,1.92462,0,0,3,0,0.5,0,0,0,0.0602845,-0.0066978,0.144907,-0.0267912,0.253868,-0.0602802,0.387167,-0.107165,0.545345,-0.15907,0.729361,-0.201106,0.939236,-0.232986,1.17497,-0.254709,1.43656,-0.266274,1.70711,-0.267682,1.95276,-0.258933,2.17255,-0.240027,2.36649,-0.210964,2.53456,-0.171744,2.67678,-0.122864,2.79314,-0.0779838,2.88364,-0.0432605,2.94828,-0.0186944,2.98707,-0.00428548,3,0,2,0,0.5,7.14737
1.82709,-0.813473,0.6,2.03792,0,0,3,0,0.5,0,0,0,0.0645921,-0.00750963,0.156472,-0.0300385,0.275641,-0.0675867,0.422098,-0.120154,0.595843,-0.187741,0.796856,-0.27013,1.02321,-0.346482,1.27365,-0.403074,1.54328,-0.439906,1.7961,-0.456977,2.02484,-0.454288,2.2295,-0.431839,2.41009,-0.389629,2.56659,-0.327659,2.69902,-0.245929,2.80738,-0.157733,2.89165,-0.0886592,2.95184,-0.0393458,2.98796,-0.00979284,3,0,2,0,0.5,7.09334
1.82709,-0.813473,0.8,2.27034,0,0,3,0,0.5,0,0,0,0.0736924,-0.00932025,0.181252,-0.037281,0.32268,-0.0838822,0.497975,-0.149124,0.707137,-0.233006,0.948282,-0.335529,1.17533,-0.453799,1.39415,-0.554518,1.63184,-0.62392,1.8677,-0.661991,2.08283,-0.668731,2.27533,-0.64414,2.44517,-0.588218,2.59237,-0.500965,2.71692,-0.382381,2.81883,-0.246135,2.89809,-0.13761,2.95471,-0.0604156,2.98868,-0.0145525,3,0,2,0,0.5,2.54069
1.82709,-0.813473,1,2.39284,0,0,3,0,0.5,0,0,0,0.0786312,-0.0103531,0.194883,-0.0414123,0.348755,-0.0931777,0.540248,-0.165649,0.769362,-0.258827,1.02549,-0.372711,1.25226,-0.496203,1.44142,-0.600475,1.6058,-0.681075,1.7909,-0.727491,2.00072,-0.738797,2.21066,-0.714995,2.39587,-0.656083,2.55635,-0.562062,2.69211,-0.432932,2.80314,-0.280873,2.88945,-0.157991,2.95102,-0.0702182,2.98787,-0.0175545,3,5.55112e-17,2,0,0.5,2.78567
1.82709,-0.813473,1.2,2.54567,0,0,3,0,0.5,0,0,0,0.0849317,-0.0117179,0.212443,-0.0468714,0.382535,-0.105461,0.595206,-0.187486,0.850457,-0.292946,1.11684,-0.421567,1.34149,-0.545382,1.52355,-0.645762,1.66304,-0.722706,1.77189,-0.773838,1.90444,-0.788351,2.06735,-0.764919,2.26064,-0.703539,2.45729,-0.604214,2.62366,-0.466942,2.75967,-0.303571,2.86531,-0.170759,2.94057,-0.0758928,2.98547,-0.0189732,3,-1.66533e-16,2,0,0.5,3.09134
1.82709,-0.813473,1.4,2.75071,0,0,3,0,0.5,0,0,0,0.0936254,-0.0136815,0.236966,-0.054726,0.430022,-0.123134,0.672794,-0.218904,0.962355,-0.342038,1.23072,-0.48433,1.44938,-0.60486,1.61831,-0.698027,1.73753,-0.763831,1.80704,-0.802271,1.8579,-0.809904,1.94979,-0.78011,2.0842,-0.712725,2.26111,-0.607749,2.47542,-0.465182,2.66536,-0.300727,2.81278,-0.169159,2.91769,-0.0751817,2.98009,-0.0187954,3,-2.22045e-16,2,0,0.5,3.50142
3,0,0.2,1.84718,0,0,3,0,0.5,0,0,0,0.0589747,0,0.14354,0,0.253695,0,0.389441,0,0.550777,0,0.737704,0,0.950221,0,1.18833,0,1.45203,0,1.72048,0,1.96359,0,2.18111,0,2.37304,0,2.53937,0,2.68012,0,2.79528,0,2.88484,0,2.94882,0,2.9872,0,3,0,2,0,0.5,7.29289
3,0,0.4,1.84718,0,0,3,0,0.5,0,0,0,0.0589747,0,0.14354,0,0.253695,0,0.389441,0,0.550777,0,0.737704,0,0.950221,0,1.18833,0,1.45203,0,1.72048,0,1.96359,0,2.18111,0,2.37304,0,2.53937,0,2.68012,0,2.79528,0,2.88484,0,2.94882,0,2.9872,0,3,0,2,0,0.5,7.29289
3,0,0.6,1.84718,0,0,3,0,0.5,0,0,0,0.0589747,0,0.14354,0,0.253695,0,0.389441,0,0.550777,0,0.737704,0,0.950221,0,1.18833,0,1.45203,0,1.72048,0,1.96359,0,2.18111,0,2.37304,0,2.53937,0,2.68012,0,2.79528,0,2.88484,0,2.94882,0,2.9872,0,3,0,2,0,0.5,7.29289
3,0,0.8,1.84718,0,0,3,0,0.5,0,0,0,0.0589747,0,0.14354,0,0.253695,0,0.389441,0,0.550777,0,0.737704,0,0.950221,0,1.18833,0,1.45203,0,1.72048,0,1.96359,0,2.18111,0,2.37304,0,2.53937,0,2.68012,0,2.79528,0,2.88484,0,2.94882,0,2.9872,0,3,0,2,0,0.5,7.29289
3,0,1,1.84718,0,0,3,0,0.5,0,0,0,0.0589747,0,0.14354,0,0.253695,0,0.389441,0,0.550777,0,0.737704,0,0.950221,0,1.18833,0,1.45203,0,1.72048,0,1.96359,0,2.18111,0,2.37304,0,2.53937,0,2.68012,0,2.79528,0,2.88484,0,2.94882,0,2.9872,0,3,0,2,0,0.5,7.29289
3,0,1.2,1.84718,0,0,3,0,0.5,0,0,0,0.0589747,0,0.14354,0,0.253695,0,0.389441,0,0.550777,0,0.737704,0,0.950221,0,1.18833,0,1.45203,0,1.72048,0,1.96359,0,2.18111,0,2.37304,0,2.53937,0,2.68012,0,2.79528,0,2.88484,0,2.94882,0,2.9872,0,3,0,2,0,0.5,7.29289
3,0,1.4,1.84718,0,0,3,0,0.5,0,0,0,0.0589747,0,0.14354,0,0.253695,0,0.389441,0,0.550777,0,0.737704,0,0.950221,0,1.18833,0,1.45203,0,1.72048,0,1.96359,0,2.18111,0,2.37304,0,2.53937,0,2.68012,0,2.79528,0,2.88484,0,2.94882,0,2.9872,0,3,0,2,0,0.5,7.29289
3,0,1.6,1.84718,0,0,3,0,0.5,0,0,0,0.0589747,0,0.14354,0,0.253695,0,0.389441,0,0.550777,0,0.737704,0,0.950221,0,1.18833,0,1.45203,0,1.72048,0,1.96359,0,2.18111,0,2.37304,0,2.53937,0,2.68012,0,2.79528,0,2.88484,0,2.94882,0,2.9872,0,3,0,2,0,0.5,7.29289
3,0,1.8,1.84718,0,0,3,0,0.5,0,0,0,0.0589747,0,0.14354,0,0.253695,0,0.389441,0,0.550777,0,0.737704,0,0.950221,0,1.18833,0,1.45203,0,1.72048,0,1.96359,0,2.18111,0,2.37304,0,2.53937,0,2.68012,0,2.79528,0,2.88484,0,2.94882,0,2.9872,0,3,0,2,0,0.5,7.29289
2.74064,1.22021,0.2,1.87298,0,0,3,0,0.5,0,0,0,0.0584264,0.00620133,0.140057,0.0248053,0.24594,0.0497068,0.377812,0.0708182,0.535697,0.0879892,0.719596,0.10122,0.929509,0.11051,1.16544,0.11586,1.42738,0.11727,1.69931,0.114739,1.94644,0.108268,2.16756,0.097856,2.36266,0.083504,2.53175,0.0652117,2.67483,0.0448332,2.79189,0.0280066,2.88294,0.0151204,2.94797,0.00617453,2.98699,0.00116905,3,1.38778e-17,2,0,0.5,7.38181
2.74064,1.22021,0.4,1.92882,0,0,3,0,0.5,0,0,0,0.0605244,0.00657658,0.145657,0.0263063,0.255397,0.0591892,0.389744,0.105225,0.54924,0.156046,0.734813,0.197236,0.946481,0.228544,1.18424,0.24997,1.4481,0.261514,1.71912,0.263176,1.96462,0.254955,2.18402,0.236853,2.37734,0.208869,2.54455,0.171002,2.68568,0.123526,2.80071,0.0790565,2.88965,0.0444693,2.95249,0.0197641,2.98924,0.00494103,3,-8.32667e-17,2,0,0.5,7.14447
2.74064,1.22021,0.6,2.02961,0,0,3,0,0.5,0,0,0,0.0643636,0.00728186,0.155974,0.0291274,0.274831,0.0655368,0.420935,0.11651,0.594286,0.182047,0.794872,0.262017,1.02088,0.336783,1.27101,0.392243,1.54069,0.428399,1.79396,0.445249,2.02311,0.442795,2.22814,0.421035,2.40904,0.379971,2.56583,0.319602,2.69849,0.239928,2.80703,0.153848,2.89146,0.0864284,2.95176,0.0383142,2.98794,0.00950493,3,0,2,0,0.5,7.06456
2.74064,1.22021,0.8,2.42334,0,0,3,0,0.5,0,0,0,0.0800054,0.0103812,0.198854,0.0415248,0.356547,0.0934307,0.553084,0.166099,0.788464,0.25953,1.06269,0.373723,1.37046,0.504361,1.66224,0.611039,1.92587,0.683843,2.16136,0.722772,2.36869,0.727827,2.54787,0.699007,2.6989,0.636312,2.82178,0.539742,2.91652,0.409298,2.9831,0.262001,3.02153,0.145708,3.03181,0.063289,3.01407,0.0147451,3,-1.11022e-16,2,0,0.5,2.84668
2.74064,1.22021,1,2.82728,0,0,3,0,0.5,0,0,0,0.0971183,0.0141305,0.247109,0.0565218,0.449972,0.127174,0.705708,0.226087,1.01432,0.353261,1.3755,0.508696,1.729,0.687188,2.03643,0.838531,2.30679,0.942776,2.54011,0.999872,2.73641,1.00982,2.89568,0.972617,3.01792,0.888265,3.10313,0.756765,3.15132,0.578115,3.16247,0.372645,3.1366,0.208763,3.07406,0.092031,3.01851,0.0224478,3,0,2,0,0.5,3.65456
2.74064,1.22021,1.2,2.87362,0,0,3,0,0.5,0,0,0,0.0991505,0.0145975,0.252921,0.0583898,0.461311,0.131377,0.724321,0.233559,1.04195,0.364936,1.4126,0.525508,1.76618,0.706917,2.06514,0.865441,2.31405,0.989869,2.52881,1.06321,2.71075,1.08403,2.85988,1.05233,2.9762,0.968093,3.05971,0.831333,3.1104,0.642046,3.12828,0.416715,3.11335,0.233748,3.06561,0.103308,3.01641,0.0253946,3,0,2,0,0.5,3.74724
2.74064,1.22021,1.4,2.93182,0,0,3,0,0.5,0,0,0,0.101723,0.0151947,0.2603,0.0607789,0.475732,0.136752,0.748019,0.243116,1.07716,0.379868,1.45848,0.54701,1.81189,0.731167,2.10843,0.888377,2.34812,1.0152,2.53408,1.10874,2.68942,1.14759,2.81881,1.12743,2.92226,1.04826,2.99976,0.91007,3.05133,0.712863,3.07694,0.467576,3.07662,0.26216,3.05035,0.115761,3.01297,0.0283781,3,1.11022e-16,2,0,0.5,3.86364
2.74064,1.22021,1.6,3.00833,0,0,3,0,0.5,0,0,0,0.105139,0.0159982,0.270139,0.0639926,0.494999,0.143983,0.779721,0.255971,1.1243,0.399954,1.51758,0.575934,1.8703,0.762155,2.16317,0.917365,2.39618,1.04058,2.56932,1.1318,2.68557,1.18876,2.77781,1.18645,2.85518,1.11791,2.91768,0.983147,2.96531,0.782156,2.99807,0.520333,3.01595,0.290921,3.01897,0.127735,3.00744,0.0307759,3,0,2,0,0.5,4.01667
2.74064,1.22021,1.8,3.1082,0,0,3,0,0.5,0,0,0,0.109655,0.0170779,0.283212,0.0683116,0.520669,0.153701,0.822028,0.273246,1.18729,0.426948,1.5926,0.614786,1.94369,0.801074,2.23088,0.953205,2.45417,1.07118,2.61356,1.155,2.70905,1.20467,2.74706,1.21689,2.78234,1.1637,2.82737,1.03871,2.879,0.841922,2.9227,0.574379,2.95665,0.323088,2.98085,0.143595,2.9953,0.0358987,3,-2.22045e-16,2,0,0.5,4.21639
2.00739,2.22943,0.2,1.93716,0,0,3,0,0.5,0,0,0,0.056532,0.0115053,0.12927,0.0460211,0.223056,0.0904599,0.344098,0.128039,0.49242,0.158697,0.668023,0.182432,0.870905,0.199244,1.10107,0.209135,1.35851,0.212103,1.63719,0.208148,1.89623,0.197272,2.12799,0.179473,2.33247,0.154752,2.50967,0.123108,2.65959,0.0865287,2.78223,0.0553784,2.8776,0.0311503,2.94568,0.0138446,2.98648,0.00346115,3,0,2,0,0.5,7.22939
2.00739,2.22943,0.4,2.09472,0,0,3,0,0.5,0,0,0,0.0618425,0.0134529,0.142634,0.0538115,0.242375,0.121076,0.361207,0.214512,0.504726,0.30505,0.67583,0.377642,0.874519,0.432287,1.10079,0.468987,1.35465,0.487741,1.63227,0.488548,1.89318,0.47141,2.12649,0.436326,2.33223,0.383295,2.51037,0.312319,2.66094,0.224325,2.78391,0.143568,2.87931,0.0807571,2.94712,0.035892,2.98734,0.00897301,3,0,2,0,0.5,7.08615
2.00739,2.22943,0.6,2.4,0,0,3,0,0.5,0,0,0,0.0724375,0.0176598,0.16975,0.0706393,0.291937,0.158938,0.438999,0.282557,0.610936,0.441496,0.807748,0.600434,1.02944,0.724053,1.27404,0.812352,1.52317,0.865332,1.77223,0.882992,2.00694,0.865332,2.21677,0.812352,2.40173,0.724053,2.56181,0.600434,2.69702,0.441496,2.80736,0.282557,2.89282,0.158938,2.9534,0.0706393,2.98911,0.0176598,3,0,2,0,0.5,2.8
2.00739,2.22943,0.8,2.92821,0,0,3,0,0.5,0,0,0,0.0917197,0.0262886,0.220468,0.105154,0.386246,0.236597,0.589053,0.420618,0.828889,0.657215,1.09743,0.930108,1.3513,1.1544,1.58424,1.31788,1.79627,1.42056,1.98737,1.46242,2.161,1.44347,2.33222,1.36372,2.48892,1.22315,2.62469,1.02177,2.73954,0.759586,2.83347,0.486481,2.90648,0.273645,2.95858,0.12162,2.98975,0.030405,3,2.22045e-16,2,0,0.5,3.85641
2.00739,2.22943,1,3.44997,0,0,3,0,0.5,0,0,0,0.111949,0.0364917,0.2753,0.145967,0.49005,0.328425,0.756202,0.583866,1.06859,0.912291,1.35416,1.29709,1.60879,1.61983,1.842,1.85592,2.05378,2.00536,2.24413,2.06813,2.41306,2.04425,2.56079,1.9337,2.68727,1.73651,2.79231,1.45265,2.87594,1.08213,2.93813,0.693263,2.97891,0.38996,2.99826,0.173316,3,0.0433289,3,0,2,0,0.5,4.89993
2.00739,2.22943,1.2,3.49187,0,0,3,0,0.5,0,0,0,0.113625,0.0373835,0.279907,0.149534,0.498846,0.336451,0.770442,0.598136,1.08736,0.934587,1.37231,1.32405,1.60487,1.6545,1.80598,1.90101,1.98871,2.05794,2.15304,2.12529,2.29898,2.10306,2.42838,1.99125,2.55498,1.78986,2.67368,1.49889,2.77404,1.11833,2.85601,0.716642,2.91959,0.403111,2.96478,0.179161,2.99158,0.0447901,3,-4.44089e-16,2,0,0.5,4.98374
2.00739,2.22943,1.4,3.54906,0,0,3,0,0.5,0,0,0,0.115924,0.038618,0.286244,0.154472,0.51096,0.347562,0.790072,0.617889,1.11267,0.965451,1.39746,1.35985,1.62786,1.68774,1.80407,1.9383,1.94734,2.10255,2.08561,2.17458,2.22388,2.15436,2.36215,2.04191,2.50042,1.83722,2.63258,1.5403,2.74486,1.15113,2.83671,0.73789,2.90816,0.415063,2.95919,0.184473,2.9898,0.0461181,3,-2.22045e-16,2,0,0.5,5.09812
2.00739,2.22943,1.6,3.59696,0,0,3,0,0.5,0,0,0,0.117861,0.0396676,0.291596,0.15867,0.521206,0.357008,0.806689,0.634681,1.1336,0.99169,1.41815,1.38928,1.64682,1.71472,1.81961,1.96084,1.93695,2.12753,2.04491,2.20579,2.17471,2.1895,2.32003,2.07867,2.46599,1.87329,2.60686,1.57336,2.72698,1.17889,2.82527,0.756042,2.90171,0.425213,2.95632,0.188929,2.98908,0.0471915,3,-8.88178e-16,2,0,0.5,5.19392
2.00739,2.22943,1.8,3.66458,0,0,3,0,0.5,0,0,0,0.120612,0.041173,0.299218,0.164692,0.535819,0.370557,0.830415,0.658768,1.16273,1.02932,1.44674,1.42996,1.67275,1.75164,1.84077,1.99098,1.95079,2.14798,2.00423,2.22243,2.05964,2.20601,2.14781,2.09436,2.26875,1.88746,2.42245,1.58532,2.59655,1.18795,2.74277,0.761922,2.85622,0.428581,2.9369,0.19048,2.98482,0.0476201,3,4.44089e-16,2,0,0.5,5.32916
0.927051,2.85317,0.2,2.01501,0,0,3,0,0.5,0,0,0,0.0533458,0.0149335,0.112635,0.0597297,0.18985,0.114605,0.296285,0.16091,0.431942,0.198643,0.596819,0.227805,0.790918,0.248395,1.01424,0.260415,1.26678,0.263863,1.54832,0.25874,1.82498,0.245046,2.07242,0.222781,2.29064,0.191945,2.47964,0.152537,2.63941,0.10714,2.76997,0.0685696,2.8713,0.0385704,2.94342,0.0171424,2.98631,0.0042856,3,0,2,0,0.5,7.15175
0.927051,2.85317,0.4,2.2808,0,0,3,0,0.5,0,0,0,0.0608256,0.0191328,0.129263,0.0765311,0.205311,0.172195,0.28937,0.298737,0.401107,0.410466,0.544603,0.499534,0.71986,0.565941,0.926876,0.609688,1.16565,0.630775,1.43619,0.6292,1.72934,0.604965,1.99756,0.55807,2.23402,0.488514,2.43872,0.396297,2.61166,0.283257,2.75283,0.181285,2.86225,0.101973,2.93991,0.0453212,2.98581,0.0113303,3,-1.11022e-16,2,0,0.5,2.56159
0.927051,2.85317,0.6,2.71381,0,0,3,0,0.5,0,0,0,0.0732333,0.0270873,0.157243,0.108349,0.250991,0.243785,0.346437,0.433396,0.447291,0.660644,0.577624,0.851928,0.740313,0.998446,0.93536,1.1002,1.16276,1.15718,1.42252,1.1694,1.70736,1.13685,1.98032,1.05954,2.22102,0.937461,2.42936,0.770614,2.60535,0.559579,2.74898,0.35813,2.86026,0.201448,2.93918,0.0895326,2.98574,0.0223831,3,-1.11022e-16,2,0,0.5,3.42763
0.927051,2.85317,0.8,3.32844,0,0,3,0,0.5,0,0,0,0.091316,0.0407462,0.198842,0.162985,0.315841,0.366716,0.432904,0.651939,0.549638,1.01571,0.685872,1.35439,0.854373,1.61651,1.05514,1.80205,1.28414,1.91103,1.51716,1.94344,1.75019,1.89929,1.98321,1.77856,2.21525,1.58127,2.42415,1.30741,2.60079,0.957095,2.74517,0.612541,2.85727,0.344554,2.93711,0.153135,2.98468,0.0382838,3,0,2,0,0.5,4.65688
0.927051,2.85317,1,3.99715,0,0,3,0,0.5,0,0,0,0.111618,0.0587634,0.245816,0.235054,0.386398,0.528871,0.526677,0.940215,0.651807,1.46846,0.78226,1.98157,0.947145,2.37991,1.14516,2.66347,1.35222,2.83225,1.55928,2.88626,1.76635,2.8255,1.97341,2.64995,2.18047,2.35963,2.38749,1.95454,2.57565,1.4347,2.72938,0.918205,2.84868,0.516491,2.93355,0.229551,2.98398,0.0573878,3,0,2,0,0.5,5.99431
0.927051,2.85317,1.2,4.00643,0,0,3,0,0.5,0,0,0,0.111904,0.0590364,0.246469,0.236145,0.387376,0.531327,0.527945,0.944582,0.653121,1.47507,0.754814,1.9865,0.864232,2.38178,1.01141,2.66274,1.19636,2.8294,1.41607,2.88174,1.64264,2.81978,1.8692,2.6435,2.09576,2.35292,2.32232,1.94803,2.52968,1.42887,2.69927,0.914478,2.83109,0.514394,2.92516,0.22862,2.98146,0.0571549,3,-4.44089e-16,2,0,0.5,6.01285
0.927051,2.85317,1.4,4.02682,0,0,3,0,0.5,0,0,0,0.112533,0.0596389,0.247903,0.238556,0.389528,0.53675,0.530728,0.954222,0.656001,1.48955,0.757548,2.00026,0.835441,2.3917,0.926049,2.66689,1.05973,2.82834,1.23648,2.87607,1.4563,2.81006,1.71053,2.63032,1.96763,2.33684,2.22473,1.92964,2.46161,1.409,2.65543,0.899742,2.80618,0.504215,2.91386,0.222421,2.97846,0.0543587,3,-2.22045e-16,2,0,0.5,6.05364
0.927051,2.85317,1.6,4.04978,0,0,3,0,0.5,0,0,0,0.113243,0.0603208,0.249518,0.241283,0.39195,0.542887,0.533849,0.965133,0.659224,1.50576,0.760601,2.01562,0.837982,2.40484,0.891729,2.67346,0.966122,2.82667,1.09174,2.86804,1.26858,2.79758,1.49664,2.6153,1.77591,2.32117,2.07994,1.91522,2.36127,1.3979,2.59146,0.894659,2.77043,0.503245,2.89818,0.223665,2.9747,0.0559162,3,0,2,0,0.5,6.09955
0.927051,2.85317,1.8,4.09284,0,0,3,0,0.5,0,0,0,0.114576,0.0616105,0.252547,0.246442,0.396494,0.554495,0.539671,0.985768,0.665218,1.53591,0.766255,2.04406,0.842782,2.42899,0.894799,2.6907,0.924135,2.82949,0.988937,2.85509,1.117,2.77215,1.30833,2.58066,1.56291,2.28063,1.88076,1.87205,2.22299,1.35682,2.5049,0.868363,2.72356,0.488454,2.87895,0.217091,2.97107,0.0542727,3,-4.44089e-16,2,0,0.5,6.18568
-0.313585,2.98357,0.2,2.10627,0,0,3,0,0.5,0,0,0,0.0478763,0.0159348,0.086404,0.0635326,0.140206,0.118842,0.226129,0.165473,0.344173,0.203427,0.494339,0.232704,0.676626,0.253304,0.891034,0.265226,1.13756,0.268471,1.41622,0.263038,1.71485,0.248929,1.98612,0.226142,2.22527,0.194677,2.43231,0.154535,2.60722,0.108467,2.75001,0.0694187,2.86068,0.039048,2.93922,0.0173547,2.98565,0.00433867,3,-5.55112e-17,2,0,0.5,7.21129
-0.313585,2.98357,0.4,2.45323,0,0,3,0,0.5,0,0,0,0.0548457,0.021617,0.0967213,0.0864681,0.125627,0.194553,0.155675,0.327731,0.222679,0.439965,0.328399,0.528995,0.472835,0.594819,0.655986,0.637438,0.877854,0.656851,1.13844,0.653059,1.43774,0.626061,1.76109,0.575858,2.05146,0.50245,2.30311,0.405836,2.51605,0.288664,2.69027,0.184521,2.82578,0.103583,2.92257,0.0458506,2.98064,0.0113234,3,-2.22045e-16,2,0,0.5,2.90647
-0.313585,2.98357,0.6,2.92844,0,0,3,0,0.5,0,0,0,0.0639702,0.0308029,0.109459,0.123211,0.136465,0.277226,0.144991,0.492846,0.161069,0.726484,0.222321,0.915154,0.329053,1.05834,0.481265,1.15605,0.678957,1.20828,0.922128,1.21504,1.21078,1.17631,1.54491,1.0921,1.88574,0.962408,2.18136,0.787239,2.4315,0.568013,2.63616,0.36345,2.79534,0.204368,2.90904,0.0907655,2.97726,0.0226429,3,-1.11022e-16,2,0,0.5,3.85688
-0.313585,2.98357,0.8,3.52867,0,0,3,0,0.5,0,0,0,0.0747995,0.0447238,0.122765,0.178895,0.143896,0.402515,0.138192,0.715581,0.114294,1.10005,0.131856,1.43126,0.20225,1.68548,0.325475,1.86268,0.501531,1.96288,0.730419,1.98608,1.01214,1.93227,1.34668,1.80146,1.70656,1.59364,2.04903,1.30882,2.33961,0.948063,2.57735,0.604451,2.76226,0.337844,2.89434,0.148243,2.97358,0.0356463,3,-8.88178e-16,2,0,0.5,5.05733
-0.313585,2.98357,1,4.21473,0,0,3,0,0.5,0,0,0,0.0862267,0.0638056,0.13417,0.255222,0.14383,0.57425,0.115207,1.02089,0.0515808,1.58719,0.0226862,2.10405,0.0565957,2.50342,0.153309,2.78529,0.312827,2.94966,0.535149,2.99654,0.820275,2.92591,1.16464,2.73779,1.52282,2.43217,1.881,2.00905,2.22256,1.46873,2.50365,0.939986,2.72194,0.528742,2.87743,0.234997,2.97011,0.0587492,3,-8.88178e-16,2,0,0.5,6.42947
-0.313585,2.98357,1.2,4.36646,0,0,3,0,0.5,0,0,0,0.0886168,0.068482,0.136145,0.273928,0.142583,0.616338,0.107933,1.09571,0.032193,1.69689,-0.0698215,2.22408,-0.110476,2.62805,-0.0753718,2.91076,0.0354915,3.07218,0.222114,3.11233,0.484495,3.0312,0.822636,2.82879,1.22857,2.50511,1.64562,2.06016,2.05301,1.49517,2.39393,0.953601,2.65908,0.533304,2.84848,0.234283,2.96212,0.0565391,3,-2.22045e-16,2,0,0.5,6.73291
-0.313585,2.98357,1.4,4.4258,0,0,3,0,0.5,0,0,0,0.0895383,0.0703562,0.136863,0.281425,0.141974,0.633206,0.104871,1.1257,0.0255549,1.73692,-0.0956847,2.25888,-0.200104,2.64515,-0.220113,2.91172,-0.153334,3.05975,0.000232152,3.08924,0.240586,3.00021,0.567726,2.79264,0.981655,2.46654,1.45187,2.02191,1.91516,1.46117,2.3057,0.931882,2.60946,0.52113,2.82643,0.228912,2.95661,0.0552253,3,4.44089e-16,2,0,0.5,6.85161
-0.313585,2.98357,1.6,4.4361,0,0,3,0,0.5,0,0,0,0.0896973,0.0706839,0.136984,0.282736,0.141861,0.636155,0.104328,1.13094,0.0243839,1.7438,-0.0975739,2.26517,-0.211728,2.64517,-0.267632,2.89224,-0.231072,3.02459,-0.10088,3.04286,0.122943,2.94704,0.440398,2.73712,0.851484,2.41312,1.34577,1.97502,1.84369,1.42613,2.26221,0.912723,2.58709,0.513407,2.81835,0.228181,2.95597,0.0570452,3,4.44089e-16,2,0,0.5,6.8722
-0.313585,2.98357,1.8,4.451,0,0,3,0,0.5,0,0,0,0.0899271,0.0711594,0.137159,0.284638,0.141695,0.640435,0.103535,1.13855,0.0226797,1.75372,-0.100292,2.27422,-0.213901,2.6524,-0.284815,2.88826,-0.288737,2.99572,-0.191758,2.99418,0.00634774,2.88378,0.305581,2.66452,0.705941,2.3364,1.20726,1.89942,1.74457,1.36077,2.1979,0.870893,2.55011,0.489877,2.8012,0.217723,2.95116,0.0544308,3,8.88178e-16,2,0,0.5,6.90199
-0.313585,2.98357,2,4.47143,0,0,3,0,0.5,0,0,0,0.0902415,0.0718143,0.137394,0.287257,0.141459,0.646329,0.102435,1.14903,0.0203224,1.76726,-0.103994,2.28654,-0.216844,2.66219,-0.286606,2.89421,-0.313182,2.98267,-0.259752,2.95048,-0.0964599,2.81623,0.176696,2.57992,0.559715,2.24156,1.0526,1.80113,1.62708,1.27572,2.12139,0.816463,2.50584,0.45926,2.78042,0.204116,2.94514,0.0510289,3,2.22045e-16,2,0,0.5,6.94286
-1.5,2.59808,0.2,2.1622,0,0,3,0,0.5,0,0,0,0.0431844,0.0137546,0.0652582,0.054627,0.101391,0.100797,0.171826,0.139706,0.276565,0.171352,0.415606,0.195737,0.588951,0.212859,0.796599,0.22272,1.03855,0.225318,1.3148,0.220655,1.62236,0.208729,1.91264,0.189542,2.16862,0.163092,2.3903,0.12938,2.57767,0.0907751,2.73073,0.0580961,2.8495,0.0326791,2.93396,0.014524,2.98412,0.00363101,3,5.55112e-17,2,0,0.5,7.48736
-1.5,2.59808,0.4,2.56331,0,0,3,0,0.5,0,0,0,0.0488049,0.0193312,0.0670537,0.0773249,0.0547465,0.173981,0.0411651,0.286807,0.0722628,0.380505,0.148594,0.454647,0.270159,0.509236,0.436957,0.544269,0.648989,0.559749,0.906255,0.555673,1.20875,0.532043,1.55605,0.488859,1.89486,0.42612,2.18844,0.343827,2.43678,0.244432,2.63989,0.156436,2.79777,0.0879955,2.91041,0.0391091,2.97782,0.00977727,3,0,2,0,0.5,7.52756
-1.5,2.59808,0.6,3.07289,0,0,3,0,0.5,0,0,0,0.0548661,0.0277811,0.0658197,0.111124,0.032861,0.25003,-0.0435443,0.444076,-0.102751,0.638296,-0.102358,0.794261,-0.0423673,0.911971,0.0772228,0.991426,0.256412,1.03263,0.495199,1.03557,0.793586,1.00026,1.15157,0.926698,1.56439,0.814878,1.94826,0.664804,2.27253,0.478186,2.5372,0.306039,2.74227,0.172147,2.88775,0.0765098,2.97362,0.0191275,3,-2.22045e-16,2,0,0.5,4.14578
-1.5,2.59808,0.8,3.65867,0,0,3,0,0.5,0,0,0,0.0603418,0.0393825,0.0584334,0.15753,-0.00572514,0.354442,-0.132134,0.630119,-0.293394,0.956482,-0.387151,1.22863,-0.403694,1.43662,-0.343024,1.58044,-0.205141,1.6601,0.00995608,1.67559,0.302267,1.62692,0.671791,1.51408,1.11853,1.33708,1.61016,1.09591,2.03483,0.791935,2.38229,0.505226,2.65254,0.282681,2.84557,0.1243,2.96139,0.030084,3,-2.22045e-16,2,0,0.5,5.31735
-1.5,2.59808,1,4.32536,0,0,3,0,0.5,0,0,0,0.0646322,0.0550427,0.0422607,0.220171,-0.0671143,0.495384,-0.263493,0.880683,-0.533576,1.36139,-0.739227,1.78511,-0.84385,2.11144,-0.847446,2.34041,-0.750014,2.472,-0.551555,2.50621,-0.252068,2.44305,0.148446,2.28251,0.649987,2.0246,1.21098,1.66931,1.75471,1.21719,2.20581,0.778999,2.55588,0.438187,2.80493,0.19475,2.95295,0.0486875,3,-4.44089e-16,2,0,0.5,6.65072
-1.5,2.59808,1.2,4.71366,0,0,3,0,0.5,0,0,0,0.0661785,0.065369,0.029031,0.261476,-0.111442,0.588321,-0.355242,1.0459,-0.702367,1.5958,-1.04663,2.05203,-1.26361,2.40088,-1.35308,2.64245,-1.31505,2.77672,-1.14951,2.80371,-0.856467,2.72341,-0.435914,2.53582,0.112147,2.24094,0.756578,1.83878,1.40616,1.33126,1.97994,0.85044,2.42622,0.476903,2.74499,0.210654,2.93625,0.051692,3,0,2,0,0.5,7.42732
-1.5,2.59808,1.4,4.71997,0,0,3,0,0.5,0,0,0,0.0661978,0.065544,0.0287931,0.262176,-0.112214,0.589896,-0.356824,1.0487,-0.705037,1.59922,-1.05897,2.04548,-1.29384,2.37619,-1.39762,2.6033,-1.37031,2.7268,-1.21192,2.74671,-0.922438,2.66301,-0.501868,2.47571,0.0497908,2.1848,0.707692,1.7903,1.37444,1.29503,1.96173,0.828821,2.41792,0.466212,2.74303,0.207205,2.93704,0.0518013,3,0,2,0,0.5,7.43993
-1.5,2.59808,1.6,4.72404,0,0,3,0,0.5,0,0,0,0.0662102,0.0656574,0.0286387,0.262629,-0.112715,0.590916,-0.357849,1.05052,-0.706766,1.60143,-1.0606,2.04739,-1.30991,2.36285,-1.43376,2.56943,-1.42286,2.67672,-1.27723,2.68471,-0.996848,2.59342,-0.581728,2.40283,-0.0318652,2.11295,0.636389,1.72378,1.32136,1.24115,1.92657,0.794335,2.39704,0.446814,2.73276,0.198584,2.93375,0.049646,3,0,2,0,0.5,7.44809
-1.5,2.59808,1.8,4.7299,0,0,3,0,0.5,0,0,0,0.0662279,0.0658203,0.0284166,0.263281,-0.113434,0.592383,-0.359324,1.05312,-0.709253,1.6046,-1.06284,2.05021,-1.31242,2.36418,-1.45533,2.54936,-1.46581,2.63344,-1.33736,2.62345,-1.06997,2.51938,-0.663638,2.32125,-0.118371,2.02904,0.557677,1.64275,1.26328,1.17565,1.8885,0.75237,2.37478,0.423168,2.72212,0.188039,2.93053,0.0469827,3,0,2,0,0.5,7.4598
-1.5,2.59808,2,4.74558,0,0,3,0,0.5,0,0,0,0.0662744,0.0662573,0.0278189,0.265029,-0.115367,0.596315,-0.363282,1.06012,-0.715927,1.61305,-1.06882,2.05774,-1.31698,2.3699,-1.46041,2.54956,-1.49265,2.604,-1.3842,2.5666,-1.1314,2.44149,-0.734274,2.22865,-0.192807,1.92809,0.490496,1.5398,1.22087,1.09651,1.86535,0.701769,2.3655,0.394745,2.72131,0.175442,2.93278,0.0438606,3,0,2,0,0.5,7.49115
-2.42705,1.76336,0.2,2.20106,0,0,3,0,0.5,0,0,0,0.0393867,0.00924416,0.0486169,0.0365883,0.0713889,0.0669244,0.13018,0.0924809,0.224991,0.113258,0.35582,0.129255,0.522669,0.140473,0.725537,0.146912,0.964425,0.148571,1.23933,0.14545,1.55003,0.137551,1.85521,0.124871,2.12438,0.107412,2.35752,0.0851736,2.55465,0.0597438,2.71575,0.038236,2.84084,0.0215078,2.92991,0.009559,2.98296,0.00238975,3,2.77556e-17,2,0,0.5,7.30816
-2.42705,1.76336,0.4,2.63441,0,0,3,0,0.5,0,0,0,0.0434558,0.0132425,0.0421028,0.0529701,-0.00405909,0.119183,-0.0508528,0.193582,-0.0472984,0.25505,0.00666832,0.303562,0.111047,0.339117,0.265839,0.361715,0.471043,0.371356,0.726659,0.36804,1.03269,0.351767,1.38913,0.322538,1.7649,0.280351,2.09258,0.225208,2.36985,0.159176,2.5967,0.101429,2.77314,0.0566398,2.89918,0.024807,2.97479,0.00593109,3,-8.32667e-17,2,0,0.5,3.66882
-2.42705,1.76336,0.6,3.15848,0,0,3,0,0.5,0,0,0,0.046757,0.0190354,0.0291038,0.0761415,-0.0529596,0.171318,-0.196717,0.303291,-0.313105,0.430271,-0.359047,0.532045,-0.334543,0.608612,-0.239592,0.659973,-0.0741948,0.686128,0.161649,0.687077,0.467939,0.66282,0.844676,0.613357,1.29186,0.538687,1.74701,0.438812,2.13195,0.315077,2.44644,0.201649,2.69049,0.113428,2.86409,0.0504123,2.96725,0.0126031,3,0,2,0,0.5,4.31697
-2.42705,1.76336,0.8,3.74344,0,0,3,0,0.5,0,0,0,0.0483474,0.0267391,0.00621755,0.106956,-0.12639,0.240652,-0.349474,0.427825,-0.613821,0.643324,-0.788844,0.820411,-0.867524,0.955496,-0.849862,1.04858,-0.735856,1.09967,-0.525507,1.10875,-0.218815,1.07583,0.184221,1.00092,0.683599,0.883999,1.26795,0.725081,1.79748,0.525007,2.23067,0.336005,2.56752,0.189003,2.80802,0.0840012,2.95218,0.0210003,3,0,2,0,0.5,5.48688
-2.42705,1.76336,1,4.39877,0,0,3,0,0.5,0,0,0,0.0475052,0.0369204,-0.0299176,0.147682,-0.232268,0.332284,-0.559547,0.590727,-0.985523,0.908886,-1.31925,1.18394,-1.52255,1.39535,-1.59545,1.5431,-1.53793,1.6272,-1.34999,1.64765,-1.03164,1.60445,-0.582878,1.4976,-0.00369832,1.3271,0.691085,1.09294,1.38793,0.795644,1.97116,0.509212,2.42398,0.286432,2.74638,0.127303,2.93837,0.0318258,3,-2.22045e-16,2,0,0.5,6.79754
-2.42705,1.76336,1.2,4.92374,0,0,3,0,0.5,0,0,0,0.0448303,0.0462587,-0.0668654,0.185035,-0.335087,0.416328,-0.759835,0.74014,-1.33226,1.1194,-1.83333,1.43015,-2.16819,1.66722,-2.33681,1.83061,-2.33922,1.92032,-2.17539,1.93634,-1.84535,1.87868,-1.34907,1.74734,-0.686576,1.54231,0.111858,1.2636,0.923346,0.917129,1.6702,0.586687,2.25199,0.329492,2.66755,0.14598,2.91689,0.0361504,3,0,2,0,0.5,7.84747
-2.42705,1.76336,1.4,4.92628,0,0,3,0,0.5,0,0,0,0.0448131,0.0463065,-0.0670617,0.185226,-0.335624,0.416759,-0.760875,0.740904,-1.33384,1.12014,-1.84027,1.42007,-2.18171,1.6438,-2.35564,1.79633,-2.36207,1.87766,-2.20099,1.88779,-1.8724,1.82673,-1.3763,1.69447,-0.71269,1.49101,0.0900292,1.21635,0.907361,0.878643,1.65993,0.560754,2.24621,0.313778,2.66498,0.137999,2.91625,0.0334181,3,1.11022e-16,2,0,0.5,7.85256
-2.42705,1.76336,1.6,4.93584,0,0,3,0,0.5,0,0,0,0.0447477,0.0464864,-0.0678011,0.185946,-0.337646,0.418378,-0.764788,0.743782,-1.33952,1.12349,-1.84579,1.42194,-2.19311,1.63077,-2.37222,1.76882,-2.38168,1.83903,-2.22148,1.84139,-1.89163,1.7759,-1.39212,1.64257,-0.722951,1.44139,0.0878851,1.17236,0.914089,0.847508,1.67001,0.542773,2.25695,0.30531,2.67425,0.135693,2.92188,0.0339233,3,-1.11022e-16,2,0,0.5,7.87168
-2.42705,1.76336,1.8,4.93341,0,0,3,0,0.5,0,0,0,0.0447644,0.0464407,-0.0676131,0.185763,-0.337132,0.417966,-0.763793,0.743051,-1.33808,1.12264,-1.84452,1.42119,-2.19383,1.62686,-2.3826,1.74676,-2.40106,1.80126,-2.24863,1.79163,-1.92528,1.71788,-1.43104,1.58001,-0.765884,1.37801,0.0470981,1.11189,0.879797,0.801035,1.64481,0.512997,2.23996,0.288561,2.6642,0.128249,2.91754,0.0320623,3,-2.22045e-16,2,0,0.5,7.86682
-2.42705,1.76336,2,4.93277,0,0,3,0,0.5,0,0,0,0.0447687,0.0464286,-0.0675635,0.185714,-0.336997,0.417858,-0.763531,0.742858,-1.3377,1.12241,-1.84419,1.421,-2.19358,1.62672,-2.38588,1.73959,-2.415,1.77268,-2.27184,1.74568,-1.95629,1.65879,-1.46836,1.512,-0.808044,1.30531,0.00660437,1.03891,0.846611,0.747048,1.62094,0.478211,2.22428,0.268815,2.65524,0.119314,2.91381,0.0297097,3,2.22045e-16,2,0,0.5,7.86554
-2.93444,0.623735,0.2,2.21802,0,0,3,0,0.5,0,0,0,0.0372933,0.00326548,0.039686,0.0129029,0.0553216,0.0234985,0.107815,0.0323967,0.197167,0.0395975,0.323377,0.045101,0.486445,0.048907,0.686372,0.0510157,0.923156,0.0514269,1.1968,0.0501408,1.5073,0.0471573,1.82054,0.0424764,2.09698,0.0360981,2.33655,0.0280224,2.53927,0.0192051,2.70514,0.0119793,2.83414,0.00645093,2.92628,0.00261994,2.98157,0.000486333,3,-1.38778e-17,2,0,0.5,7.39962
-2.93444,0.623735,0.4,2.72167,0,0,3,0,0.5,0,0,0,0.0407023,0.00491685,0.0267255,0.0196674,-0.041728,0.0442251,-0.103368,0.0705529,-0.109643,0.0922839,-0.0605513,0.109418,0.0439058,0.121956,0.203729,0.129897,0.418918,0.133241,0.689472,0.131988,1.01539,0.126139,1.39668,0.115692,1.78974,0.10065,2.12813,0.0810099,2.41117,0.0574593,2.63883,0.0367739,2.81113,0.0206853,2.92806,0.00919349,2.98963,0.00229837,3,1.38778e-17,2,0,0.5,3.84335
-2.93444,0.623735,0.6,3.23562,0,0,3,0,0.5,0,0,0,0.0422508,0.00694914,0.0072219,0.0277966,-0.105087,0.0625422,-0.288087,0.110219,-0.432072,0.154726,-0.498044,0.190339,-0.486002,0.217058,-0.395945,0.234884,-0.227875,0.243815,0.0182099,0.243852,0.342309,0.234995,0.744422,0.217244,1.22455,0.190599,1.71173,0.155061,2.12106,0.111175,2.45237,0.0711518,2.70568,0.0400229,2.88097,0.0177879,2.97824,0.00444699,3,0,2,0,0.5,4.47125
-2.93444,0.623735,0.8,3.78405,0,0,3,0,0.5,0,0,0,0.0417527,0.00950449,-0.0221917,0.038018,-0.191833,0.0855404,-0.467172,0.152072,-0.785057,0.227551,-1.0021,0.289131,-1.11277,0.335931,-1.11706,0.367952,-1.01499,0.385193,-0.806547,0.387655,-0.491732,0.375338,-0.0705461,0.348241,0.457011,0.306365,1.08532,0.24971,1.67036,0.178905,2.14903,0.113575,2.52133,0.0630236,2.78726,0.0272519,2.94681,0.00625969,3,5.55112e-17,2,0,0.5,5.5681
-2.93444,0.623735,1,4.45289,0,0,3,0,0.5,0,0,0,0.0381405,0.0131613,-0.0700825,0.0526452,-0.324669,0.118452,-0.725619,0.210581,-1.235,0.322749,-1.63277,0.418514,-1.88351,0.492008,-1.98722,0.543229,-1.94389,0.572179,-1.75353,0.578858,-1.41613,0.563264,-0.9317,0.525399,-0.300235,0.465262,0.466701,0.382854,1.24148,0.278397,1.88708,0.178174,2.38564,0.100223,2.73717,0.0445435,2.94166,0.0111359,3,-1.11022e-16,2,0,0.5,6.90578
-2.93444,0.623735,1.2,5.04675,0,0,3,0,0.5,0,0,0,0.0321656,0.0169059,-0.123675,0.0676235,-0.467522,0.152153,-0.999375,0.270494,-1.69619,0.406068,-2.28364,0.516149,-2.68187,0.599942,-2.8909,0.657446,-2.91073,0.688661,-2.74135,0.693588,-2.38277,0.672227,-1.83498,0.624577,-1.09799,0.550638,-0.209617,0.450411,0.691541,0.327867,1.52912,0.210308,2.18057,0.118298,2.64282,0.052577,2.91586,0.0131443,3,5.55112e-17,2,0,0.5,8.09349
-2.93444,0.623735,1.4,5.06389,0,0,3,0,0.5,0,0,0,0.0319545,0.0170209,-0.125376,0.0680836,-0.471992,0.153188,-1.00789,0.272334,-1.70779,0.407899,-2.29445,0.513069,-2.69064,0.591716,-2.89619,0.645065,-2.91108,0.673116,-2.73533,0.675868,-2.36892,0.653323,-1.81187,0.60548,-1.06416,0.532338,-0.169246,0.433899,0.735727,0.315414,1.56832,0.202384,2.21185,0.113841,2.66472,0.0505961,2.92695,0.012649,3,0,2,0,0.5,8.12777
-2.93444,0.623735,1.6,5.05929,0,0,3,0,0.5,0,0,0,0.0320113,0.01699,-0.124919,0.0679601,-0.470792,0.15291,-1.00561,0.27184,-1.7047,0.407349,-2.29192,0.511626,-2.68985,0.584177,-2.8974,0.632121,-2.9145,0.655982,-2.74115,0.655758,-2.37733,0.631451,-1.82306,0.583059,-1.07834,0.510584,-0.184528,0.414024,0.720343,0.300304,1.5554,0.192672,2.20197,0.108378,2.65809,0.048168,2.92375,0.012042,3,0,2,0,0.5,8.11858
-2.93444,0.623735,1.8,5.03647,0,0,3,0,0.5,0,0,0,0.0322911,0.0168371,-0.122659,0.0673485,-0.464851,0.151534,-0.994285,0.269394,-1.68928,0.404606,-2.27851,0.509251,-2.68051,0.580223,-2.89466,0.621501,-2.91995,0.639951,-2.75636,0.635692,-2.40388,0.608724,-1.86251,0.559047,-1.13226,0.486662,-0.246389,0.391569,0.655083,0.283271,1.49834,0.18167,2.15708,0.102189,2.62694,0.0454174,2.9079,0.0113543,3,0,2,0,0.5,8.07295
-2.93444,0.623735,2,5.03414,0,0,3,0,0.5,0,0,0,0.0323195,0.0168215,-0.122429,0.0672861,-0.464246,0.151394,-0.99313,0.269144,-1.68769,0.404324,-2.27713,0.509007,-2.67951,0.580047,-2.89481,0.617461,-2.92206,0.627929,-2.76046,0.616867,-2.41002,0.584276,-1.87074,0.530156,-1.1426,0.454507,-0.257487,0.357942,0.644215,0.255144,1.48923,0.161171,2.15019,0.0886299,2.62231,0.0376185,2.90558,0.00813639,3,0,2,0,0.5,8.06828
-2.93444,-0.623735,0.2,2.21802,0,0,3,0,0.5,0,0,0,0.0372933,-0.00326548,0.039686,-0.0129029,0.0553216,-0.0234985,0.107815,-0.0323967,0.197167,-0.0395975,0.323377,-0.045101,0.486445,-0.048907,0.686372,-0.0510157,0.923156,-0.0514269,1.1968,-0.0501408,1.5073,-0.0471573,1.82054,-0.0424764,2.09698,-0.0360981,2.33655,-0.0280224,2.53927,-0.0192051,2.70514,-0.0119793,2.83414,-0.00645093,2.92628,-0.00261994,2.98157,-0.000486333,3,1.38778e-17,2,0,0.5,7.39962
-2.93444,-0.623735,0.4,2.72167,0,0,3,0,0.5,0,0,0,0.0407023,-0.00491685,0.0267255,-0.0196674,-0.041728,-0.0442251,-0.103368,-0.0705529,-0.109643,-0.0922839,-0.0605513,-0.109418,0.0439058,-0.121956,0.203729,-0.129897,0.418918,-0.133241,0.689472,-0.131988,1.01539,-0.126139,1.39668,-0.115692,1.78974,-0.10065,2.12813,-0.0810099,2.41117,-0.0574593,2.63883,-0.0367739,2.81113,-0.0206853,2.92806,-0.00919349,2.98963,-0.00229837,3,-1.38778e-17,2,0,0.5,3.84335
-2.93444,-0.623735,0.6,3.23562,0,0,3,0,0.5,0,0,0,0.0422508,-0.00694914,0.0072219,-0.0277966,-0.105087,-0.0625422,-0.288087,-0.110219,-0.432072,-0.154726,-0.498044,-0.190339,-0.486002,-0.217058,-0.395945,-0.234884,-0.227875,-0.243815,0.0182099,-0.243852,0.342309,-0.234995,0.744422,-0.217244,1.22455,-0.190599,1.71173,-0.155061,2.12106,-0.111175,2.45237,-0.0711518,2.70568,-0.0400229,2.88097,-0.0177879,2.97824,-0.00444699,3,0,2,0,0.5,4.47125
-2.93444,-0.623735,0.8,3.78405,0,0,3,0,0.5,0,0,0,0.0417527,-0.00950449,-0.0221917,-0.038018,-0.191833,-0.0855404,-0.467172,-0.152072,-0.785057,-0.227551,-1.0021,-0.289131,-1.11277,-0.335931,-1.11706,-0.367952,-1.01499,-0.385193,-0.806547,-0.387655,-0.491732,-0.375338,-0.0705461,-0.348241,0.457011,-0.306365,1.08532,-0.24971,1.67036,-0.178905,2.14903,-0.113575,2.52133,-0.0630236,2.78726,-0.0272519,2.94681,-0.00625969,3,-5.55112e-17,2,0,0.5,5.5681
-2.93444,-0.623735,1,4.45289,0,0,3,0,0.5,0,0,0,0.0381405,-0.0131613,-0.0700825,-0.0526452,-0.324669,-0.118452,-0.725619,-0.210581,-1.235,-0.322749,-1.63277,-0.418514,-1.88351,-0.492008,-1.98722,-0.543229,-1.94389,-0.572179,-1.75353,-0.578858,-1.41613,-0.563264,-0.9317,-0.525399,-0.300235,-0.465262,0.466701,-0.382854,1.24148,-0.278397,1.88708,-0.178174,2.38564,-0.100223,2.73717,-0.0445435,2.94166,-0.0111359,3,1.11022e-16,2,0,0.5,6.90578
-2.93444,-0.623735,1.2,5.04675,0,0,3,0,0.5,0,0,0,0.0321656,-0.0169059,-0.123675,-0.0676235,-0.467522,-0.152153,-0.999375,-0.270494,-1.69619,-0.406068,-2.28364,-0.516149,-2.68187,-0.599942,-2.8909,-0.657446,-2.91073,-0.688661,-2.74135,-0.693588,-2.38277,-0.672227,-1.83498,-0.624577,-1.09799,-0.550638,-0.209617,-0.450411,0.691541,-0.327867,1.52912,-0.210308,2.18057,-0.118298,2.64282,-0.052577,2.91586,-0.0131443,3,-5.55112e-17,2,0,0.5,8.09349
-2.93444,-0.623735,1.4,5.06389,0,0,3,0,0.5,0,0,0,0.0319545,-0.0170209,-0.125376,-0.0680836,-0.471992,-0.153188,-1.00789,-0.272334,-1.70779,-0.407899,-2.29445,-0.513069,-2.69064,-0.591716,-2.89619,-0.645065,-2.91108,-0.673116,-2.73533,-0.675868,-2.36892,-0.653323,-1.81187,-0.60548,-1.06416,-0.532338,-0.169246,-0.433899,0.735727,-0.315414,1.56832,-0.202384,2.21185,-0.113841,2.66472,-0.0505961,2.92695,-0.012649,3,0,2,0,0.5,8.12777
-2.93444,-0.623735,1.6,5.05929,0,0,3,0,0.5,0,0,0,0.0320113,-0.01699,-0.124919,-0.0679601,-0.470792,-0.15291,-1.00561,-0.27184,-1.7047,-0.407349,-2.29192,-0.511626,-2.68985,-0.584177,-2.8974,-0.632121,-2.9145,-0.655982,-2.74115,-0.655758,-2.37733,-0.631451,-1.82306,-0.583059,-1.07834,-0.510584,-0.184528,-0.414024,0.720343,-0.300304,1.5554,-0.192672,2.20197,-0.108378,2.65809,-0.048168,2.92375,-0.012042,3,0,2,0,0.5,8.11858
-2.93444,-0.623735,1.8,5.03647,0,0,3,0,0.5,0,0,0,0.0322911,-0.0168371,-0.122659,-0.0673485,-0.464851,-0.151534,-0.994285,-0.269394,-1.68928,-0.404606,-2.27851,-0.509251,-2.68051,-0.580223,-2.89466,-0.621501,-2.91995,-0.639951,-2.75636,-0.635692,-2.40388,-0.608724,-1.86251,-0.559047,-1.13226,-0.486662,-0.246389,-0.391569,0.655083,-0.283271,1.49834,-0.18167,2.15708,-0.102189,2.62694,-0.0454174,2.9079,-0.0113543,3,0,2,0,0.5,8.07295
-2.93444,-0.623735,2,5.03414,0,0,3,0,0.5,0,0,0,0.0323195,-0.0168215,-0.122429,-0.0672861,-0.464246,-0.151394,-0.99313,-0.269144,-1.68769,-0.404324,-2.27713,-0.509007,-2.67951,-0.580047,-2.89481,-0.617461,-2.92206,-0.627929,-2.76046,-0.616867,-2.41002,-0.584276,-1.87074,-0.530156,-1.1426,-0.454507,-0.257487,-0.357942,0.644215,-0.255144,1.48923,-0.161171,2.15019,-0.0886299,2.62231,-0.0376185,2.90558,-0.00813639,3,0,2,0,0.5,8.06828
-2.42705,-1.76336,0.2,2.20106,0,0,3,0,0.5,0,0,0,0.0393867,-0.00924416,0.0486169,-0.0365883,0.0713889,-0.0669244,0.13018,-0.0924809,0.224991,-0.113258,0.35582,-0.129255,0.522669,-0.140473,0.725537,-0.146912,0.964425,-0.148571,1.23933,-0.14545,1.55003,-0.137551,1.85521,-0.124871,2.12438,-0.107412,2.35752,-0.0851736,2.55465,-0.0597438,2.71575,-0.038236,2.84084,-0.0215078,2.92991,-0.009559,2.98296,-0.00238975,3,-2.77556e-17,2,0,0.5,7.30816
-2.42705,-1.76336,0.4,2.63441,0,0,3,0,0.5,0,0,0,0.0434558,-0.0132425,0.0421028,-0.0529701,-0.00405909,-0.119183,-0.0508528,-0.193582,-0.0472984,-0.25505,0.00666832,-0.303562,0.111047,-0.339117,0.265839,-0.361715,0.471043,-0.371356,0.726659,-0.36804,1.03269,-0.351767,1.38913,-0.322538,1.7649,-0.280351,2.09258,-0.225208,2.36985,-0.159176,2.5967,-0.101429,2.77314,-0.0566398,2.89918,-0.024807,2.97479,-0.00593109,3,8.32667e-17,2,0,0.5,3.66882
-2.42705,-1.76336,0.6,3.15848,0,0,3,0,0.5,0,0,0,0.046757,-0.0190354,0.0291038,-0.0761415,-0.0529596,-0.171318,-0.196717,-0.303291,-0.313105,-0.430271,-0.359047,-0.532045,-0.334543,-0.608612,-0.239592,-0.659973,-0.0741948,-0.686128,0.161649,-0.687077,0.467939,-0.66282,0.844676,-0.613357,1.29186,-0.538687,1.74701,-0.438812,2.13195,-0.315077,2.44644,-0.201649,2.69049,-0.113428,2.86409,-0.0504123,2.96725,-0.0126031,3,0,2,0,0.5,4.31697
-2.42705,-1.76336,0.8,3.74344,0,0,3,0,0.5,0,0,0,0.0483474,-0.0267391,0.00621755,-0.106956,-0.12639,-0.240652,-0.349474,-0.427825,-0.613821,-0.643324,-0.788844,-0.820411,-0.867524,-0.955496,-0.849862,-1.04858,-0.735856,-1.09967,-0.525507,-1.10875,-0.218815,-1.07583,0.184221,-1.00092,0.683599,-0.883999,1.26795,-0.725081,1.79748,-0.525007,2.23067,-0.336005,2.56752,-0.189003,2.80802,-0.0840012,2.95218,-0.0210003,3,0,2,0,0.5,5.48688
-2.42705,-1.76336,1,4.39877,0,0,3,0,0.5,0,0,0,0.0475052,-0.0369204,-0.0299176,-0.147682,-0.232268,-0.332284,-0.559547,-0.590727,-0.985523,-0.908886,-1.31925,-1.18394,-1.52255,-1.39535,-1.59545,-1.5431,-1.53793,-1.6272,-1.34999,-1.64765,-1.03164,-1.60445,-0.582878,-1.4976,-0.00369832,-1.3271,0.691085,-1.09294,1.38793,-0.795644,1.97116,-0.509212,2.42398,-0.286432,2.74638,-0.127303,2.93837,-0.0318258,3,2.22045e-16,2,0,0.5,6.79754
-2.42705,-1.76336,1.2,4.92374,0,0,3,0,0.5,0,0,0,0.0448303,-0.0462587,-0.0668654,-0.185035,-0.335087,-0.416328,-0.759835,-0.74014,-1.33226,-1.1194,-1.83333,-1.43015,-2.16819,-1.66722,-2.33681,-1.83061,-2.33922,-1.92032,-2.17539,-1.93634,-1.84535,-1.87868,-1.34907,-1.74734,-0.686576,-1.54231,0.111858,-1.2636,0.923346,-0.917129,1.6702,-0.586687,2.25199,-0.329492,2.66755,-0.14598,2.91689,-0.0361504,3,0,2,0,0.5,7.84747
-2.42705,-1.76336,1.4,4.92628,0,0,3,0,0.5,0,0,0,0.0448131,-0.0463065,-0.0670617,-0.185226,-0.335624,-0.416759,-0.760875,-0.740904,-1.33384,-1.12014,-1.84027,-1.42007,-2.18171,-1.6438,-2.35564,-1.79633,-2.36207,-1.87766,-2.20099,-1.88779,-1.8724,-1.82673,-1.3763,-1.69447,-0.71269,-1.49101,0.0900292,-1.21635,0.907361,-0.878643,1.65993,-0.560754,2.24621,-0.313778,2.66498,-0.137999,2.91625,-0.0334181,3,-1.11022e-16,2,0,0.5,7.85256
-2.42705,-1.76336,1.6,4.93584,0,0,3,0,0.5,0,0,0,0.0447477,-0.0464864,-0.0678011,-0.185946,-0.337646,-0.418378,-0.764788,-0.743782,-1.33952,-1.12349,-1.84579,-1.42194,-2.19311,-1.63077,-2.37222,-1.76882,-2.38168,-1.83903,-2.22148,-1.84139,-1.89163,-1.7759,-1.39212,-1.64257,-0.722951,-1.44139,0.0878851,-1.17236,0.914089,-0.847508,1.67001,-0.542773,2.25695,-0.30531,2.67425,-0.135693,2.92188,-0.0339233,3,0,2,0,0.5,7.87168
-2.42705,-1.76336,1.8,4.93341,0,0,3,0,0.5,0,0,0,0.0447644,-0.0464407,-0.0676131,-0.185763,-0.337132,-0.417966,-0.763793,-0.743051,-1.33808,-1.12264,-1.84452,-1.42119,-2.19383,-1.62686,-2.3826,-1.74676,-2.40106,-1.80126,-2.24863,-1.79163,-1.92528,-1.71788,-1.43104,-1.58001,-0.765884,-1.37801,0.0470981,-1.11189,0.879797,-0.801035,1.64481,-0.512997,2.23996,-0.288561,2.6642,-0.128249,2.91754,-0.0320623,3,-1.11022e-16,2,0,0.5,7.86682
-2.42705,-1.76336,2,4.93277,0,0,3,0,0.5,0,0,0,0.0447687,-0.0464286,-0.0675635,-0.185714,-0.336997,-0.417858,-0.763531,-0.742858,-1.3377,-1.12241,-1.84419,-1.421,-2.19358,-1.62672,-2.38588,-1.73959,-2.415,-1.77268,-2.27184,-1.74568,-1.95629,-1.65879,-1.46836,-1.512,-0.808044,-1.30531,0.00660437,-1.03891,0.846611,-0.747048,1.62094,-0.478211,2.22428,-0.268815,2.65524,-0.119314,2.91381,-0.0297097,3,1.11022e-16,2,0,0.5,7.86554
-1.5,-2.59808,0.2,2.1622,0,0,3,0,0.5,0,0,0,0.0431844,-0.0137546,0.0652582,-0.054627,0.101391,-0.100797,0.171826,-0.139706,0.276565,-0.171352,0.415606,-0.195737,0.588951,-0.212859,0.796599,-0.22272,1.03855,-0.225318,1.3148,-0.220655,1.62236,-0.208729,1.91264,-0.189542,2.16862,-0.163092,2.3903,-0.12938,2.57767,-0.0907751,2.73073,-0.0580961,2.8495,-0.0326791,2.93396,-0.014524,2.98412,-0.00363101,3,-5.55112e-17,2,0,0.5,7.48736
-1.5,-2.59808,0.4,2.56331,0,0,3,0,0.5,0,0,0,0.0488049,-0.0193312,0.0670537,-0.0773249,0.0547465,-0.173981,0.0411651,-0.286807,0.0722628,-0.380505,0.148594,-0.454647,0.270159,-0.509236,0.436957,-0.544269,0.648989,-0.559749,0.906255,-0.555673,1.20875,-0.532043,1.55605,-0.488859,1.89486,-0.42612,2.18844,-0.343827,2.43678,-0.244432,2.63989,-0.156436,2.79777,-0.0879955,2.91041,-0.0391091,2.97782,-0.00977727,3,0,2,0,0.5,7.52756
-1.5,-2.59808,0.6,3.07289,0,0,3,0,0.5,0,0,0,0.0548661,-0.0277811,0.0658197,-0.111124,0.032861,-0.25003,-0.0435443,-0.444076,-0.102751,-0.638296,-0.102358,-0.794261,-0.0423673,-0.911971,0.0772228,-0.991426,0.256412,-1.03263,0.495199,-1.03557,0.793586,-1.00026,1.15157,-0.926698,1.56439,-0.814878,1.94826,-0.664804,2.27253,-0.478186,2.5372,-0.306039,2.74227,-0.172147,2.88775,-0.0765098,2.97362,-0.0191275,3,2.22045e-16,2,0,0.5,4.14578
-1.5,-2.59808,0.8,3.65867,0,0,3,0,0.5,0,0,0,0.0603418,-0.0393825,0.0584334,-0.15753,-0.00572514,-0.354442,-0.132134,-0.630119,-0.293394,-0.956482,-0.387151,-1.22863,-0.403694,-1.43662,-0.343024,-1.58044,-0.205141,-1.6601,0.00995608,-1.67559,0.302267,-1.62692,0.671791,-1.51408,1.11853,-1.33708,1.61016,-1.09591,2.03483,-0.791935,2.38229,-0.505226,2.65254,-0.282681,2.84557,-0.1243,2.96139,-0.030084,3,2.22045e-16,2,0,0.5,5.31735
-1.5,-2.59808,1,4.32536,0,0,3,0,0.5,0,0,0,0.0646322,-0.0550427,0.0422607,-0.220171,-0.0671143,-0.495384,-0.263493,-0.880683,-0.533576,-1.36139,-0.739227,-1.78511,-0.84385,-2.11144,-0.847446,-2.34041,-0.750014,-2.472,-0.551555,-2.50621,-0.252068,-2.44305,0.148446,-2.28251,0.649987,-2.0246,1.21098,-1.66931,1.75471,-1.21719,2.20581,-0.778999,2.55588,-0.438187,2.80493,-0.19475,2.95295,-0.0486875,3,4.44089e-16,2,0,0.5,6.65072
-1.5,-2.59808,1.2,4.71366,0,0,3,0,0.5,0,0,0,0.0661785,-0.065369,0.029031,-0.261476,-0.111442,-0.588321,-0.355242,-1.0459,-0.702367,-1.5958,-1.04663,-2.05203,-1.26361,-2.40088,-1.35308,-2.64245,-1.31505,-2.77672,-1.14951,-2.80371,-0.856467,-2.72341,-0.435914,-2.53582,0.112147,-2.24094,0.756578,-1.83878,1.40616,-1.33126,1.97994,-0.85044,2.42622,-0.476903,2.74499,-0.210654,2.93625,-0.051692,3,0,2,0,0.5,7.42732
-1.5,-2.59808,1.4,4.71997,0,0,3,0,0.5,0,0,0,0.0661978,-0.065544,0.0287931,-0.262176,-0.112214,-0.589896,-0.356824,-1.0487,-0.705037,-1.59922,-1.05897,-2.04548,-1.29384,-2.37619,-1.39762,-2.6033,-1.37031,-2.7268,-1.21192,-2.74671,-0.922438,-2.66301,-0.501868,-2.47571,0.0497908,-2.1848,0.707692,-1.7903,1.37444,-1.29503,1.96173,-0.828821,2.41792,-0.466212,2.74303,-0.207205,2.93704,-0.0518013,3,0,2,0,0.5,7.43993
-1.5,-2.59808,1.6,4.72404,0,0,3,0,0.5,0,0,0,0.0662102,-0.0656574,0.0286387,-0.262629,-0.112715,-0.590916,-0.357849,-1.05052,-0.706766,-1.60143,-1.0606,-2.04739,-1.30991,-2.36285,-1.43376,-2.56943,-1.42286,-2.67672,-1.27723,-2.68471,-0.996848,-2.59342,-0.581728,-2.40283,-0.0318652,-2.11295,0.636389,-1.72378,1.32136,-1.24115,1.92657,-0.794335,2.39704,-0.446814,2.73276,-0.198584,2.93375,-0.049646,3,-2.22045e-16,2,0,0.5,7.44809
-1.5,-2.59808,1.8,4.7299,0,0,3,0,0.5,0,0,0,0.0662279,-0.0658203,0.0284166,-0.263281,-0.113434,-0.592383,-0.359324,-1.05312,-0.709253,-1.6046,-1.06284,-2.05021,-1.31242,-2.36418,-1.45533,-2.54936,-1.46581,-2.63344,-1.33736,-2.62345,-1.06997,-2.51938,-0.663638,-2.32125,-0.118371,-2.02904,0.557677,-1.64275,1.26328,-1.17565,1.8885,-0.75237,2.37478,-0.423168,2.72212,-0.188039,2.93053,-0.0469827,3,0,2,0,0.5,7.4598
-1.5,-2.59808,2,4.74558,0,0,3,0,0.5,0,0,0,0.0662744,-0.0662573,0.0278189,-0.265029,-0.115367,-0.596315,-0.363282,-1.06012,-0.715927,-1.61305,-1.06882,-2.05774,-1.31698,-2.3699,-1.46041,-2.54956,-1.49265,-2.604,-1.3842,-2.5666,-1.1314,-2.44149,-0.734274,-2.22865,-0.192807,-1.92809,0.490496,-1.5398,1.22087,-1.09651,1.86535,-0.701769,2.3655,-0.394745,2.72131,-0.175442,2.93278,-0.0438606,3,0,2,0,0.5,7.49115
-0.313585,-2.98357,0.2,2.10627,0,0,3,0,0.5,0,0,0,0.0478763,-0.0159348,0.086404,-0.0635326,0.140206,-0.118842,0.226129,-0.165473,0.344173,-0.203427,0.494339,-0.232704,0.676626,-0.253304,0.891034,-0.265226,1.13756,-0.268471,1.41622,-0.263038,1.71485,-0.248929,1.98612,-0.226142,2.22527,-0.194677,2.43231,-0.154535,2.60722,-0.108467,2.75001,-0.0694187,2.86068,-0.039048,2.93922,-0.0173547,2.98565,-0.00433867,3,5.55112e-17,2,0,0.5,7.21129
-0.313585,-2.98357,0.4,2.45323,0,0,3,0,0.5,0,0,0,0.0548457,-0.021617,0.0967213,-0.0864681,0.125627,-0.194553,0.155675,-0.327731,0.222679,-0.439965,0.328399,-0.528995,0.472835,-0.594819,0.655986,-0.637438,0.877854,-0.656851,1.13844,-0.653059,1.43774,-0.626061,1.76109,-0.575858,2.05146,-0.50245,2.30311,-0.405836,2.51605,-0.288664,2.69027,-0.184521,2.82578,-0.103583,2.92257,-0.0458506,2.98064,-0.0113234,3,2.22045e-16,2,0,0.5,2.90647
-0.313585,-2.98357,0.6,2.92844,0,0,3,0,0.5,0,0,0,0.0639702,-0.0308029,0.109459,-0.123211,0.136465,-0.277226,0.144991,-0.492846,0.161069,-0.726484,0.222321,-0.915154,0.329053,-1.05834,0.481265,-1.15605,0.678957,-1.20828,0.922128,-1.21504,1.21078,-1.17631,1.54491,-1.0921,1.88574,-0.962408,2.18136,-0.787239,2.4315,-0.568013,2.63616,-0.36345,2.79534,-0.204368,2.90904,-0.0907655,2.97726,-0.0226429,3,1.11022e-16,2,0,0.5,3.85688
-0.313585,-2.98357,0.8,3.52867,0,0,3,0,0.5,0,0,0,0.0747995,-0.0447238,0.122765,-0.178895,0.143896,-0.402515,0.138192,-0.715581,0.114294,-1.10005,0.131856,-1.43126,0.20225,-1.68548,0.325475,-1.86268,0.501531,-1.96288,0.730419,-1.98608,1.01214,-1.93227,1.34668,-1.80146,1.70656,-1.59364,2.04903,-1.30882,2.33961,-0.948063,2.57735,-0.604451,2.76226,-0.337844,2.89434,-0.148243,2.97358,-0.0356463,3,8.88178e-16,2,0,0.5,5.05733
-0.313585,-2.98357,1,4.21473,0,0,3,0,0.5,0,0,0,0.0862267,-0.0638056,0.13417,-0.255222,0.14383,-0.57425,0.115207,-1.02089,0.0515808,-1.58719,0.0226862,-2.10405,0.0565957,-2.50342,0.153309,-2.78529,0.312827,-2.94966,0.535149,-2.99654,0.820275,-2.92591,1.16464,-2.73779,1.52282,-2.43217,1.881,-2.00905,2.22256,-1.46873,2.50365,-0.939986,2.72194,-0.528742,2.87743,-0.234997,2.97011,-0.0587492,3,8.88178e-16,2,0,0.5,6.42947
-0.313585,-2.98357,1.2,4.36646,0,0,3,0,0.5,0,0,0,0.0886168,-0.068482,0.136145,-0.273928,0.142583,-0.616338,0.107933,-1.09571,0.032193,-1.69689,-0.0698215,-2.22408,-0.110476,-2.62805,-0.0753718,-2.91076,0.0354915,-3.07218,0.222114,-3.11233,0.484495,-3.0312,0.822636,-2.82879,1.22857,-2.50511,1.64562,-2.06016,2.05301,-1.49517,2.39393,-0.953601,2.65908,-0.533304,2.84848,-0.234283,2.96212,-0.0565391,3,2.22045e-16,2,0,0.5,6.73291
-0.313585,-2.98357,1.4,4.4258,0,0,3,0,0.5,0,0,0,0.0895383,-0.0703562,0.136863,-0.281425,0.141974,-0.633206,0.104871,-1.1257,0.0255549,-1.73692,-0.0956847,-2.25888,-0.200104,-2.64515,-0.220113,-2.91172,-0.153334,-3.05975,0.000232152,-3.08924,0.240586,-3.00021,0.567726,-2.79264,0.981655,-2.46654,1.45187,-2.02191,1.91516,-1.46117,2.3057,-0.931882,2.60946,-0.52113,2.82643,-0.228912,2.95661,-0.0552253,3,-4.44089e-16,2,0,0.5,6.85161
-0.313585,-2.98357,1.6,4.4361,0,0,3,0,0.5,0,0,0,0.0896973,-0.0706839,0.136984,-0.282736,0.141861,-0.636155,0.104328,-1.13094,0.0243839,-1.7438,-0.0975739,-2.26517,-0.211728,-2.64517,-0.267632,-2.89224,-0.231072,-3.02459,-0.10088,-3.04286,0.122943,-2.94704,0.440398,-2.73712,0.851484,-2.41312,1.34577,-1.97502,1.84369,-1.42613,2.26221,-0.912723,2.58709,-0.513407,2.81835,-0.228181,2.95597,-0.0570452,3,-4.44089e-16,2,0,0.5,6.8722
-0.313585,-2.98357,1.8,4.451,0,0,3,0,0.5,0,0,0,0.0899271,-0.0711594,0.137159,-0.284638,0.141695,-0.640435,0.103535,-1.13855,0.0226797,-1.75372,-0.100292,-2.27422,-0.213901,-2.6524,-0.284815,-2.88826,-0.288737,-2.99572,-0.191758,-2.99418,0.00634774,-2.88378,0.305581,-2.66452,0.705941,-2.3364,1.20726,-1.89942,1.74457,-1.36077,2.1979,-0.870893,2.55011,-0.489877,2.8012,-0.217723,2.95116,-0.0544308,3,-8.88178e-16,2,0,0.5,6.90199
-0.313585,-2.98357,2,4.47143,0,0,3,0,0.5,0,0,0,0.0902415,-0.0718143,0.137394,-0.287257,0.141459,-0.646329,0.102435,-1.14903,0.0203224,-1.76726,-0.103994,-2.28654,-0.216844,-2.66219,-0.286606,-2.89421,-0.313182,-2.98267,-0.259752,-2.95048,-0.0964599,-2.81623,0.176696,-2.57992,0.559715,-2.24156,1.0526,-1.80113,1.62708,-1.27572,2.12139,-0.816463,2.50584,-0.45926,2.78042,-0.204116,2.94514,-0.0510289,3,-2.22045e-16,2,0,0.5,6.94286
0.927051,-2.85317,0.2,2.01501,0,0,3,0,0.5,0,0,0,0.0533458,-0.0149335,0.112635,-0.0597297,0.18985,-0.114605,0.296285,-0.16091,0.431942,-0.198643,0.596819,-0.227805,0.790918,-0.248395,1.01424,-0.260415,1.26678,-0.263863,1.54832,-0.25874,1.82498,-0.245046,2.07242,-0.222781,2.29064,-0.191945,2.47964,-0.152537,2.63941,-0.10714,2.76997,-0.0685696,2.8713,-0.0385704,2.94342,-0.0171424,2.98631,-0.0042856,3,0,2,0,0.5,7.15175
0.927051,-2.85317,0.4,2.2808,0,0,3,0,0.5,0,0,0,0.0608256,-0.0191328,0.129263,-0.0765311,0.205311,-0.172195,0.28937,-0.298737,0.401107,-0.410466,0.544603,-0.499534,0.71986,-0.565941,0.926876,-0.609688,1.16565,-0.630775,1.43619,-0.6292,1.72934,-0.604965,1.99756,-0.55807,2.23402,-0.488514,2.43872,-0.396297,2.61166,-0.283257,2.75283,-0.181285,2.86225,-0.101973,2.93991,-0.0453212,2.98581,-0.0113303,3,1.11022e-16,2,0,0.5,2.56159
0.927051,-2.85317,0.6,2.71381,0,0,3,0,0.5,0,0,0,0.0732333,-0.0270873,0.157243,-0.108349,0.250991,-0.243785,0.346437,-0.433396,0.447291,-0.660644,0.577624,-0.851928,0.740313,-0.998446,0.93536,-1.1002,1.16276,-1.15718,1.42252,-1.1694,1.70736,-1.13685,1.98032,-1.05954,2.22102,-0.937461,2.42936,-0.770614,2.60535,-0.559579,2.74898,-0.35813,2.86026,-0.201448,2.93918,-0.0895326,2.98574,-0.0223831,3,1.11022e-16,2,0,0.5,3.42763
0.927051,-2.85317,0.8,3.32844,0,0,3,0,0.5,0,0,0,0.091316,-0.0407462,0.198842,-0.162985,0.315841,-0.366716,0.432904,-0.651939,0.549638,-1.01571,0.685872,-1.35439,0.854373,-1.61651,1.05514,-1.80205,1.28414,-1.91103,1.51716,-1.94344,1.75019,-1.89929,1.98321,-1.77856,2.21525,-1.58127,2.42415,-1.30741,2.60079,-0.957095,2.74517,-0.612541,2.85727,-0.344554,2.93711,-0.153135,2.98468,-0.0382838,3,0,2,0,0.5,4.65688
0.927051,-2.85317,1,3.99715,0,0,3,0,0.5,0,0,0,0.111618,-0.0587634,0.245816,-0.235054,0.386398,-0.528871,0.526677,-0.940215,0.651807,-1.46846,0.78226,-1.98157,0.947145,-2.37991,1.14516,-2.66347,1.35222,-2.83225,1.55928,-2.88626,1.76635,-2.8255,1.97341,-2.64995,2.18047,-2.35963,2.38749,-1.95454,2.57565,-1.4347,2.72938,-0.918205,2.84868,-0.516491,2.93355,-0.229551,2.98398,-0.0573878,3,0,2,0,0.5,5.99431
0.927051,-2.85317,1.2,4.00643,0,0,3,0,0.5,0,0,0,0.111904,-0.0590364,0.246469,-0.236145,0.387376,-0.531327,0.527945,-0.944582,0.653121,-1.47507,0.754814,-1.9865,0.864232,-2.38178,1.01141,-2.66274,1.19636,-2.8294,1.41607,-2.88174,1.64264,-2.81978,1.8692,-2.6435,2.09576,-2.35292,2.32232,-1.94803,2.52968,-1.42887,2.69927,-0.914478,2.83109,-0.514394,2.92516,-0.22862,2.98146,-0.0571549,3,4.44089e-16,2,0,0.5,6.01285
0.927051,-2.85317,1.4,4.02682,0,0,3,0,0.5,0,0,0,0.112533,-0.0596389,0.247903,-0.238556,0.389528,-0.53675,0.530728,-0.954222,0.656001,-1.48955,0.757548,-2.00026,0.835441,-2.3917,0.926049,-2.66689,1.05973,-2.82834,1.23648,-2.87607,1.4563,-2.81006,1.71053,-2.63032,1.96763,-2.33684,2.22473,-1.92964,2.46161,-1.409,2.65543,-0.899742,2.80618,-0.504215,2.91386,-0.222421,2.97846,-0.0543587,3,2.22045e-16,2,0,0.5,6.05364
0.927051,-2.85317,1.6,4.04978,0,0,3,0,0.5,0,0,0,0.113243,-0.0603208,0.249518,-0.241283,0.39195,-0.542887,0.533849,-0.965133,0.659224,-1.50576,0.760601,-2.01562,0.837982,-2.40484,0.891729,-2.67346,0.966122,-2.82667,1.09174,-2.86804,1.26858,-2.79758,1.49664,-2.6153,1.77591,-2.32117,2.07994,-1.91522,2.36127,-1.3979,2.59146,-0.894659,2.77043,-0.503245,2.89818,-0.223665,2.9747,-0.0559162,3,0,2,0,0.5,6.09955
0.927051,-2.85317,1.8,4.09284,0,0,3,0,0.5,0,0,0,0.114576,-0.0616105,0.252547,-0.246442,0.396494,-0.554495,0.539671,-0.985768,0.665218,-1.53591,0.766255,-2.04406,0.842782,-2.42899,0.894799,-2.6907,0.924135,-2.82949,0.988937,-2.85509,1.117,-2.77215,1.30833,-2.58066,1.56291,-2.28063,1.88076,-1.87205,2.22299,-1.35682,2.5049,-0.868363,2.72356,-0.488454,2.87895,-0.217091,2.97107,-0.0542727,3,4.44089e-16,2,0,0.5,6.18568
2.00739,-2.22943,0.2,1.93716,0,0,3,0,0.5,0,0,0,0.056532,-0.0115053,0.12927,-0.0460211,0.223056,-0.0904599,0.344098,-0.128039,0.49242,-0.158697,0.668023,-0.182432,0.870905,-0.199244,1.10107,-0.209135,1.35851,-0.212103,1.63719,-0.208148,1.89623,-0.197272,2.12799,-0.179473,2.33247,-0.154752,2.50967,-0.123108,2.65959,-0.0865287,2.78223,-0.0553784,2.8776,-0.0311503,2.94568,-0.0138446,2.98648,-0.00346115,3,0,2,0,0.5,7.22939
2.00739,-2.22943,0.4,2.09472,0,0,3,0,0.5,0,0,0,0.0618425,-0.0134529,0.142634,-0.0538115,0.242375,-0.121076,0.361207,-0.214512,0.504726,-0.30505,0.67583,-0.377642,0.874519,-0.432287,1.10079,-0.468987,1.35465,-0.487741,1.63227,-0.488548,1.89318,-0.47141,2.12649,-0.436326,2.33223,-0.383295,2.51037,-0.312319,2.66094,-0.224325,2.78391,-0.143568,2.87931,-0.0807571,2.94712,-0.035892,2.98734,-0.00897301,3,0,2,0,0.5,7.08615
2.00739,-2.22943,0.6,2.4,0,0,3,0,0.5,0,0,0,0.0724375,-0.0176598,0.16975,-0.0706393,0.291937,-0.158938,0.438999,-0.282557,0.610936,-0.441496,0.807748,-0.600434,1.02944,-0.724053,1.27404,-0.812352,1.52317,-0.865332,1.77223,-0.882992,2.00694,-0.865332,2.21677,-0.812352,2.40173,-0.724053,2.56181,-0.600434,2.69702,-0.441496,2.80736,-0.282557,2.89282,-0.158938,2.9534,-0.0706393,2.98911,-0.0176598,3,0,2,0,0.5,2.8
2.00739,-2.22943,0.8,2.92821,0,0,3,0,0.5,0,0,0,0.0917197,-0.0262886,0.220468,-0.105154,0.386246,-0.236597,0.589053,-0.420618,0.828889,-0.657215,1.09743,-0.930108,1.3513,-1.1544,1.58424,-1.31788,1.79627,-1.42056,1.98737,-1.46242,2.161,-1.44347,2.33222,-1.36372,2.48892,-1.22315,2.62469,-1.02177,2.73954,-0.759586,2.83347,-0.486481,2.90648,-0.273645,2.95858,-0.12162,2.98975,-0.030405,3,-2.22045e-16,2,0,0.5,3.85641
2.00739,-2.22943,1,3.44997,0,0,3,0,0.5,0,0,0,0.111949,-0.0364917,0.2753,-0.145967,0.49005,-0.328425,0.756202,-0.583866,1.06859,-0.912291,1.35416,-1.29709,1.60879,-1.61983,1.842,-1.85592,2.05378,-2.00536,2.24413,-2.06813,2.41306,-2.04425,2.56079,-1.9337,2.68727,-1.73651,2.79231,-1.45265,2.87594,-1.08213,2.93813,-0.693263,2.97891,-0.38996,2.99826,-0.173316,3,-0.0433289,3,4.44089e-16,2,0,0.5,4.89993
2.00739,-2.22943,1.2,3.49187,0,0,3,0,0.5,0,0,0,0.113625,-0.0373835,0.279907,-0.149534,0.498846,-0.336451,0.770442,-0.598136,1.08736,-0.934587,1.37231,-1.32405,1.60487,-1.6545,1.80598,-1.90101,1.98871,-2.05794,2.15304,-2.12529,2.29898,-2.10306,2.42838,-1.99125,2.55498,-1.78986,2.67368,-1.49889,2.77404,-1.11833,2.85601,-0.716642,2.91959,-0.403111,2.96478,-0.179161,2.99158,-0.0447901,3,-4.44089e-16,2,0,0.5,4.98374
2.00739,-2.22943,1.4,3.54906,0,0,3,0,0.5,0,0,0,0.115924,-0.038618,0.286244,-0.154472,0.51096,-0.347562,0.790072,-0.617889,1.11267,-0.965451,1.39746,-1.35985,1.62786,-1.68774,1.80407,-1.9383,1.94734,-2.10255,2.08561,-2.17458,2.22388,-2.15436,2.36215,-2.04191,2.50042,-1.83722,2.63258,-1.5403,2.74486,-1.15113,2.83671,-0.73789,2.90816,-0.415063,2.95919,-0.184473,2.9898,-0.0461181,3,2.22045e-16,2,0,0.5,5.09812
2.00739,-2.22943,1.6,3.59696,0,0,3,0,0.5,0,0,0,0.117861,-0.0396676,0.291596,-0.15867,0.521206,-0.357008,0.806689,-0.634681,1.1336,-0.99169,1.41815,-1.38928,1.64682,-1.71472,1.81961,-1.96084,1.93695,-2.12753,2.04491,-2.20579,2.17471,-2.1895,2.32003,-2.07867,2.46599,-1.87329,2.60686,-1.57336,2.72698,-1.17889,2.82527,-0.756042,2.90171,-0.425213,2.95632,-0.188929,2.98908,-0.0471915,3,0,2,0,0.5,5.19392
2.00739,-2.22943,1.8,3.66458,0,0,3,0,0.5,0,0,0,0.120612,-0.041173,0.299218,-0.164692,0.535819,-0.370557,0.830415,-0.658768,1.16273,-1.02932,1.44674,-1.42996,1.67275,-1.75164,1.84077,-1.99098,1.95079,-2.14798,2.00423,-2.22243,2.05964,-2.20601,2.14781,-2.09436,2.26875,-1.88746,2.42245,-1.58532,2.59655,-1.18795,2.74277,-0.761922,2.85622,-0.428581,2.9369,-0.19048,2.98482,-0.0476201,3,2.22045e-16,2,0,0.5,5.32916
2.74064,-1.22021,0.2,1.87298,0,0,3,0,0.5,0,0,0,0.0584264,-0.00620133,0.140057,-0.0248053,0.24594,-0.0497068,0.377812,-0.0708182,0.535697,-0.0879892,0.719596,-0.10122,0.929509,-0.11051,1.16544,-0.11586,1.42738,-0.11727,1.69931,-0.114739,1.94644,-0.108268,2.16756,-0.097856,2.36266,-0.083504,2.53175,-0.0652117,2.67483,-0.0448332,2.79189,-0.0280066,2.88294,-0.0151204,2.94797,-0.00617453,2.98699,-0.00116905,3,-1.38778e-17,2,0,0.5,7.38181
2.74064,-1.22021,0.4,1.92882,0,0,3,0,0.5,0,0,0,0.0605244,-0.00657658,0.145657,-0.0263063,0.255397,-0.0591892,0.389744,-0.105225,0.54924,-0.156046,0.734813,-0.197236,0.946481,-0.228544,1.18424,-0.24997,1.4481,-0.261514,1.71912,-0.263176,1.96462,-0.254955,2.18402,-0.236853,2.37734,-0.208869,2.54455,-0.171002,2.68568,-0.123526,2.80071,-0.0790565,2.88965,-0.0444693,2.95249,-0.0197641,2.98924,-0.00494103,3,8.32667e-17,2,0,0.5,7.14447
2.74064,-1.22021,0.6,2.02961,0,0,3,0,0.5,0,0,0,0.0643636,-0.00728186,0.155974,-0.0291274,0.274831,-0.0655368,0.420935,-0.11651,0.594286,-0.182047,0.794872,-0.262017,1.02088,-0.336783,1.27101,-0.392243,1.54069,-0.428399,1.79396,-0.445249,2.02311,-0.442795,2.22814,-0.421035,2.40904,-0.379971,2.56583,-0.319602,2.69849,-0.239928,2.80703,-0.153848,2.89146,-0.0864284,2.95176,-0.0383142,2.98794,-0.00950493,3,0,2,0,0.5,7.06456
2.74064,-1.22021,0.8,2.42334,0,0,3,0,0.5,0,0,0,0.0800054,-0.0103812,0.198854,-0.0415248,0.356547,-0.0934307,0.553084,-0.166099,0.788464,-0.25953,1.06269,-0.373723,1.37046,-0.504361,1.66224,-0.611039,1.92587,-0.683843,2.16136,-0.722772,2.36869,-0.727827,2.54787,-0.699007,2.6989,-0.636312,2.82178,-0.539742,2.91652,-0.409298,2.9831,-0.262001,3.02153,-0.145708,3.03181,-0.063289,3.01407,-0.0147451,3,1.11022e-16,2,0,0.5,2.84668
2.74064,-1.22021,1,2.82728,0,0,3,0,0.5,0,0,0,0.0971183,-0.0141305,0.247109,-0.0565218,0.449972,-0.127174,0.705708,-0.226087,1.01432,-0.353261,1.3755,-0.508696,1.729,-0.687188,2.03643,-0.838531,2.30679,-0.942776,2.54011,-0.999872,2.73641,-1.00982,2.89568,-0.972617,3.01792,-0.888265,3.10313,-0.756765,3.15132,-0.578115,3.16247,-0.372645,3.1366,-0.208763,3.07406,-0.092031,3.01851,-0.0224478,3,0,2,0,0.5,3.65456
2.74064,-1.22021,1.2,2.87362,0,0,3,0,0.5,0,0,0,0.0991505,-0.0145975,0.252921,-0.0583898,0.461311,-0.131377,0.724321,-0.233559,1.04195,-0.364936,1.4126,-0.525508,1.76618,-0.706917,2.06514,-0.865441,2.31405,-0.989869,2.52881,-1.06321,2.71075,-1.08403,2.85988,-1.05233,2.9762,-0.968093,3.05971,-0.831333,3.1104,-0.642046,3.12828,-0.416715,3.11335,-0.233748,3.06561,-0.103308,3.01641,-0.0253946,3,-1.11022e-16,2,0,0.5,3.74724
2.74064,-1.22021,1.4,2.93182,0,0,3,0,0.5,0,0,0,0.101723,-0.0151947,0.2603,-0.0607789,0.475732,-0.136752,0.748019,-0.243116,1.07716,-0.379868,1.45848,-0.54701,1.81189,-0.731167,2.10843,-0.888377,2.34812,-1.0152,2.53408,-1.10874,2.68942,-1.14759,2.81881,-1.12743,2.92226,-1.04826,2.99976,-0.91007,3.05133,-0.712863,3.07694,-0.467576,3.07662,-0.26216,3.05035,-0.115761,3.01297,-0.0283781,3,0,2,0,0.5,3.86364
2.74064,-1.22021,1.6,3.00833,0,0,3,0,0.5,0,0,0,0.105139,-0.0159982,0.270139,-0.0639926,0.494999,-0.143983,0.779721,-0.255971,1.1243,-0.399954,1.51758,-0.575934,1.8703,-0.762155,2.16317,-0.917365,2.39618,-1.04058,2.56932,-1.1318,2.68557,-1.18876,2.77781,-1.18645,2.85518,-1.11791,2.91768,-0.983147,2.96531,-0.782156,2.99807,-0.520333,3.01595,-0.290921,3.01897,-0.127735,3.00744,-0.0307759,3,0,2,0,0.5,4.01667
2.74064,-1.22021,1.8,3.1082,0,0,3,0,0.5,0,0,0,0.109655,-0.0170779,0.283212,-0.0683116,0.520669,-0.153701,0.822028,-0.273246,1.18729,-0.426948,1.5926,-0.614786,1.94369,-0.801074,2.23088,-0.953205,2.45417,-1.07118,2.61356,-1.155,2.70905,-1.20467,2.74706,-1.21689,2.78234,-1.1637,2.82737,-1.03871,2.879,-0.841922,2.9227,-0.574379,2.95665,-0.323088,2.98085,-0.143595,2.9953,-0.0358987,3,0,2,0,0.5,4.21639
