sub_dest_x,sub_dest_y,connection_time,duration,start_x,start_y,end_x,end_y,initial_vel(x),initial_vel(y),x0,y0,x1,y1,x2,y2,x3,y3,x4,y4,x5,y5,x6,y6,x7,y7,x8,y8,x9,y9,x10,y10,x11,y11,x12,y12,x13,y13,x14,y14,x15,y15,x16,y16,x17,y17,x18,y18,x19,y19,x20,y20,circle_obst_x,circle_obst_y,circle_obst_rad,total_cost
0,0,0,1.36626,0,0,1.4,0,0,0,0,0,0.007,0,0.028,0,0.063,0,0.112,0,0.175,0,0.252,0,0.343,0,0.448,0,0.567,0,0.7,0,0.833,0,0.952,0,1.057,0,1.148,0,1.225,0,1.288,0,1.337,0,1.372,0,1.393,0,1.4,0,0.6,0,0.7,4.81626
0.1,0,0.2,1.39222,0,0,1.4,0,0,0,0,0,0.00726845,0,0.0290738,0,0.0635817,0,0.107183,0,0.165321,0,0.237996,0,0.325208,0,0.426957,0,0.543243,0,0.674066,0,0.811255,0,0.934819,0,1.04385,0,1.13834,0,1.21829,0,1.2837,0,1.33458,0,1.37093,0,1.39273,0,1.4,0,0.6,0,0.7,4.84222
0.0913545,0.0406737,0.2,1.41211,0,0,1.4,0,0,0,0,0,0.0068362,0.00303028,0.0273448,0.0121211,0.0595684,0.0263096,0.101386,0.0390182,0.157984,0.0494416,0.229362,0.0575799,0.315519,0.063433,0.416456,0.067001,0.532173,0.0682838,0.66267,0.0672815,0.801417,0.063994,0.927046,0.0584214,1.03789,0.0505636,1.13396,0.0404207,1.21525,0.0285018,1.28176,0.0182312,1.33349,0.0102457,1.37044,0.00454531,1.39261,0.0011301,1.4,-1.38778e-17,0.6,0,0.7,5.01211
0.0669131,0.0743145,0.2,1.46677,0,0,1.4,0,0,0,0,0,0.00541803,0.00597788,0.0216721,0.0239115,0.0468706,0.0510145,0.0831942,0.0746989,0.135069,0.0940796,0.202495,0.109157,0.285472,0.11993,0.384,0.1264,0.49808,0.128567,0.627711,0.12643,0.770177,0.119989,0.902362,0.109244,1.019,0.0941965,1.12008,0.0748449,1.20561,0.0524026,1.27559,0.0333167,1.33002,0.0185344,1.3689,0.00805574,1.39222,0.00188064,1.4,1.38778e-17,0.6,0,0.7,5.21677
0.0309017,0.0951057,0.2,1.54254,0,0,1.4,0,0,0,0,0,0.00279895,0.00847255,0.0111958,0.0338902,0.0246851,0.0704386,0.0518096,0.101616,0.0958444,0.127092,0.15679,0.146865,0.234646,0.160937,0.329412,0.169308,0.441088,0.171976,0.569675,0.168943,0.715127,0.160208,0.858866,0.145771,0.985694,0.125632,1.09561,0.099792,1.18862,0.0699122,1.26472,0.0445275,1.3239,0.0248446,1.36618,0.0108635,1.39154,0.00258413,1.4,2.77556e-17,0.6,0,0.7,5.44254
-0.0104528,0.0994522,0.2,1.62362,0,0,1.4,0,0,0,0,0,-0.00108961,0.00982531,-0.00435843,0.0393013,-0.0059901,0.0792992,0.00928922,0.112875,0.0433418,0.140249,0.0961675,0.161421,0.167766,0.176391,0.258139,0.185159,0.367284,0.187726,0.495203,0.18409,0.641894,0.174253,0.799257,0.158214,0.940056,0.135973,1.06208,0.10753,1.16533,0.0750017,1.24981,0.0476018,1.31552,0.0264038,1.36245,0.0114077,1.39061,0.00261334,1.4,2.77556e-17,0.6,0,0.7,5.82362
-0.05,0.0866025,0.2,1.69523,0,0,1.4,0,0,0,0,0,-0.00554039,0.00924359,-0.0221616,0.0369744,-0.0393663,0.0729346,-0.036547,0.103001,-0.0129028,0.127511,0.0315663,0.146463,0.0968604,0.159858,0.182979,0.167696,0.289923,0.169977,0.417692,0.1667,0.566286,0.157867,0.733603,0.143476,0.88979,0.123528,1.02515,0.0980224,1.13969,0.0686945,1.2334,0.0438417,1.30629,0.024546,1.35835,0.0108075,1.38959,0.00262623,1.4,-1.38778e-17,0.6,0,0.7,6.04523
-0.0809017,0.0587785,0.2,1.74933,0,0,1.4,0,0,0,0,0,-0.00921726,0.00683598,-0.036869,0.0273439,-0.0667872,0.0522849,-0.0744183,0.0730421,-0.0594242,0.0899449,-0.021805,0.102993,0.0384394,0.112187,0.121309,0.117527,0.226804,0.119012,0.354924,0.116643,0.505669,0.11042,0.678858,0.100342,0.848189,0.0864099,0.994894,0.0686234,1.11897,0.0481797,1.22043,0.030835,1.29926,0.0173447,1.35546,0.00770875,1.38904,0.00192719,1.4,1.38778e-17,0.6,0,0.7,6.24933
-0.0978148,0.0207912,0.2,1.77581,0,0,1.4,0,0,0,0,0,-0.0115383,0.00259102,-0.0461533,0.0103641,-0.0832533,0.0192314,-0.096839,0.0265996,-0.0868136,0.0325899,-0.053177,0.0372024,0.00407077,0.040437,0.0849297,0.0422937,0.1894,0.0427724,0.317481,0.0418734,0.469173,0.0395964,0.644477,0.0359415,0.821527,0.0309088,0.974999,0.0244982,1.10486,0.0171731,1.21111,0.0109827,1.29375,0.00617019,1.35278,0.00273559,1.38819,0.000678871,1.4,6.93889e-18,0.6,0,0.7,6.42581
-0.0978148,-0.0207912,0.2,1.77581,0,0,1.4,0,0,0,0,0,-0.0115383,-0.00259102,-0.0461533,-0.0103641,-0.0832533,-0.0192314,-0.096839,-0.0265996,-0.0868136,-0.0325899,-0.053177,-0.0372024,0.00407077,-0.040437,0.0849297,-0.0422937,0.1894,-0.0427724,0.317481,-0.0418734,0.469173,-0.0395964,0.644477,-0.0359415,0.821527,-0.0309088,0.974999,-0.0244982,1.10486,-0.0171731,1.21111,-0.0109827,1.29375,-0.00617019,1.35278,-0.00273559,1.38819,-0.000678871,1.4,3.46945e-18,0.6,0,0.7,6.42581
-0.0809017,-0.0587785,0.2,1.74933,0,0,1.4,0,0,0,0,0,-0.00921726,-0.00683598,-0.036869,-0.0273439,-0.0667872,-0.0522849,-0.0744183,-0.0730421,-0.0594242,-0.0899449,-0.021805,-0.102993,0.0384394,-0.112187,0.121309,-0.117527,0.226804,-0.119012,0.354924,-0.116643,0.505669,-0.11042,0.678858,-0.100342,0.848189,-0.0864099,0.994894,-0.0686234,1.11897,-0.0481797,1.22043,-0.030835,1.29926,-0.0173447,1.35546,-0.00770875,1.38904,-0.00192719,1.4,0,0.6,0,0.7,6.24933
-0.05,-0.0866025,0.2,1.69523,0,0,1.4,0,0,0,0,0,-0.00554039,-0.00924359,-0.0221616,-0.0369744,-0.0393663,-0.0729346,-0.036547,-0.103001,-0.0129028,-0.127511,0.0315663,-0.146463,0.0968604,-0.159858,0.182979,-0.167696,0.289923,-0.169977,0.417692,-0.1667,0.566286,-0.157867,0.733603,-0.143476,0.88979,-0.123528,1.02515,-0.0980224,1.13969,-0.0686945,1.2334,-0.0438417,1.30629,-0.024546,1.35835,-0.0108075,1.38959,-0.00262623,1.4,-2.77556e-17,0.6,0,0.7,6.04523
-0.0104528,-0.0994522,0.2,1.62362,0,0,1.4,0,0,0,0,0,-0.00108961,-0.00982531,-0.00435843,-0.0393013,-0.0059901,-0.0792992,0.00928922,-0.112875,0.0433418,-0.140249,0.0961675,-0.161421,0.167766,-0.176391,0.258139,-0.185159,0.367284,-0.187726,0.495203,-0.18409,0.641894,-0.174253,0.799257,-0.158214,0.940056,-0.135973,1.06208,-0.10753,1.16533,-0.0750017,1.24981,-0.0476018,1.31552,-0.0264038,1.36245,-0.0114077,1.39061,-0.00261334,1.4,-2.77556e-17,0.6,0,0.7,5.82362
0.0309017,-0.0951057,0.2,1.54254,0,0,1.4,0,0,0,0,0,0.00279895,-0.00847255,0.0111958,-0.0338902,0.0246851,-0.0704386,0.0518096,-0.101616,0.0958444,-0.127092,0.15679,-0.146865,0.234646,-0.160937,0.329412,-0.169308,0.441088,-0.171976,0.569675,-0.168943,0.715127,-0.160208,0.858866,-0.145771,0.985694,-0.125632,1.09561,-0.099792,1.18862,-0.0699122,1.26472,-0.0445275,1.3239,-0.0248446,1.36618,-0.0108635,1.39154,-0.00258413,1.4,-2.77556e-17,0.6,0,0.7,5.44254
0.0669131,-0.0743145,0.2,1.46677,0,0,1.4,0,0,0,0,0,0.00541803,-0.00597788,0.0216721,-0.0239115,0.0468706,-0.0510145,0.0831942,-0.0746989,0.135069,-0.0940796,0.202495,-0.109157,0.285472,-0.11993,0.384,-0.1264,0.49808,-0.128567,0.627711,-0.12643,0.770177,-0.119989,0.902362,-0.109244,1.019,-0.0941965,1.12008,-0.0748449,1.20561,-0.0524026,1.27559,-0.0333167,1.33002,-0.0185344,1.3689,-0.00805574,1.39222,-0.00188064,1.4,-2.77556e-17,0.6,0,0.7,5.21677
0.0913545,-0.0406737,0.2,1.41211,0,0,1.4,0,0,0,0,0,0.0068362,-0.00303028,0.0273448,-0.0121211,0.0595684,-0.0263096,0.101386,-0.0390182,0.157984,-0.0494416,0.229362,-0.0575799,0.315519,-0.063433,0.416456,-0.067001,0.532173,-0.0682838,0.66267,-0.0672815,0.801417,-0.063994,0.927046,-0.0584214,1.03789,-0.0505636,1.13396,-0.0404207,1.21525,-0.0285018,1.28176,-0.0182312,1.33349,-0.0102457,1.37044,-0.00454531,1.39261,-0.0011301,1.4,6.93889e-18,0.6,0,0.7,5.01211
1,0,0.2,1.36626,0,0,1.4,0,0,0,0,0,0.007,0,0.028,0,0.063,0,0.112,0,0.175,0,0.252,0,0.343,0,0.448,0,0.567,0,0.7,0,0.833,0,0.952,0,1.057,0,1.148,0,1.225,0,1.288,0,1.337,0,1.372,0,1.393,0,1.4,0,0.6,0,0.7,4.81626
1,0,0.4,1.36626,0,0,1.4,0,0,0,0,0,0.007,0,0.028,0,0.063,0,0.112,0,0.175,0,0.252,0,0.343,0,0.448,0,0.567,0,0.7,0,0.833,0,0.952,0,1.057,0,1.148,0,1.225,0,1.288,0,1.337,0,1.372,0,1.393,0,1.4,0,0.6,0,0.7,4.81626
1,0,0.6,1.3735,0,0,1.4,0,0,0,0,0,0.00707433,0,0.0282973,0,0.063669,0,0.113189,0,0.176858,0,0.254676,0,0.346642,0,0.452757,0,0.569026,0,0.694106,0,0.826979,0,0.947243,0,1.05336,0,1.14532,0,1.22314,0,1.28681,0,1.33633,0,1.3717,0,1.39293,0,1.4,0,0.6,0,0.7,4.8235
1,0,0.8,1.46343,0,0,1.4,0,0,0,0,0,0.00803105,0,0.0321242,0,0.0722795,0,0.128497,0,0.200776,0,0.289118,0,0.393522,0,0.513795,0,0.630739,0,0.731622,0,0.816514,0,0.90348,0,1.00651,0,1.11088,0,1.19922,0,1.2715,0,1.32772,0,1.36788,0,1.39197,0,1.4,0,0.6,0,0.7,5.21343
1,0,1,1.63843,0,0,1.4,0,0,0,0,0,0.0100667,0,0.0402668,0,0.0906004,0,0.161067,0,0.251668,0,0.362402,0,0.493269,0,0.626007,0,0.738658,0,0.831175,0,0.903558,0,0.955809,0,1.00059,0,1.06465,0,1.14884,0,1.23893,0,1.3094,0,1.35973,0,1.38993,0,1.4,0,0.6,0,0.7,5.83843
0.913545,0.406737,0.2,1.39727,0,0,1.4,0,0,0,0,0,0.00669328,0.00296693,0.0267731,0.0118677,0.060249,0.0266212,0.107745,0.0419001,0.169636,0.0544988,0.245923,0.0644173,0.336605,0.0716556,0.441682,0.0762137,0.561155,0.0780916,0.695023,0.0772893,0.830261,0.0738067,0.951139,0.067644,1.05762,0.058801,1.14971,0.0472779,1.2274,0.0335026,1.29069,0.0214417,1.33959,0.0120609,1.3741,0.00536042,1.39421,0.0013401,1.4,1.38778e-17,0.6,0,0.7,4.84727
0.913545,0.406737,0.4,1.44726,0,0,1.4,0,0,0,0,0,0.00718074,0.003183,0.028723,0.012732,0.0646267,0.028647,0.114892,0.0509281,0.179519,0.0795751,0.25844,0.113033,0.351207,0.140858,0.457736,0.161107,0.578028,0.173782,0.711883,0.178883,0.842625,0.176408,0.959605,0.166359,1.06282,0.148735,1.15228,0.123536,1.22797,0.0907632,1.2899,0.0574766,1.33807,0.0317557,1.37248,0.0136095,1.39312,0.00303802,1.4,1.38778e-17,0.6,0,0.7,5.04726
0.913545,0.406737,0.6,1.60912,0,0,1.4,0,0,0,0,0,0.00887671,0.00393477,0.0355068,0.0157391,0.0798904,0.035413,0.142027,0.0629564,0.221918,0.0983694,0.319562,0.141652,0.434959,0.192804,0.560321,0.245536,0.692115,0.283889,0.815261,0.306788,0.926648,0.314232,1.02628,0.306221,1.11415,0.282756,1.19026,0.243835,1.25461,0.18946,1.30721,0.123638,1.34804,0.0695461,1.37712,0.0309094,1.39444,0.00772734,1.4,-5.55112e-17,0.6,0,0.7,5.35912
0.913545,0.406737,0.8,1.73549,0,0,1.4,0,0,0,0,0,0.0103257,0.00457708,0.0413029,0.0183083,0.0929314,0.0411937,0.165211,0.0732332,0.258143,0.114427,0.371726,0.164775,0.503445,0.223254,0.623267,0.276636,0.722437,0.320864,0.810932,0.352911,0.910725,0.366113,1.01327,0.36023,1.10391,0.335262,1.18247,0.291209,1.24893,0.228072,1.30332,0.149318,1.34562,0.083366,1.37583,0.0364988,1.39396,0.00871639,1.4,5.55112e-17,0.6,0,0.7,5.78549
0.913545,0.406737,1,1.89331,0,0,1.4,0,0,0,0,0,0.0122891,0.00544736,0.0491562,0.0217895,0.110602,0.0490263,0.196625,0.0871578,0.307226,0.136184,0.442406,0.196105,0.582107,0.258293,0.697459,0.309718,0.788233,0.350249,0.854429,0.379885,0.899913,0.397607,0.954967,0.395434,1.02604,0.371667,1.11312,0.326306,1.20096,0.259352,1.2728,0.172751,1.32862,0.0971724,1.36843,0.0431877,1.39222,0.0107969,1.4,8.32667e-17,0.6,0,0.7,6.54331
0.669131,0.743145,0.2,1.4559,0,0,1.4,0,0,0,0,0,0.00533801,0.00588958,0.021352,0.0235583,0.048182,0.0524686,0.0888504,0.0810087,0.144583,0.10447,0.215379,0.122851,0.30124,0.136154,0.402165,0.144377,0.518154,0.147521,0.649207,0.145585,0.789904,0.138571,0.917949,0.126477,1.03093,0.109304,1.12885,0.0870517,1.2117,0.0609454,1.27949,0.038603,1.33221,0.0213399,1.36987,0.00915604,1.39247,0.00205142,1.4,2.77556e-17,0.6,0,0.7,5.0559
0.669131,0.743145,0.4,1.64781,0,0,1.4,0,0,0,0,0,0.00683799,0.00754456,0.027352,0.0301782,0.0615419,0.067901,0.109408,0.120713,0.170957,0.188304,0.246642,0.252272,0.336727,0.30184,0.441212,0.337008,0.560096,0.357776,0.693381,0.364144,0.828762,0.356112,0.949825,0.333681,1.05649,0.296849,1.14875,0.245618,1.22662,0.179999,1.29008,0.115199,1.33915,0.0647995,1.37381,0.0287998,1.39407,0.00719995,1.4,0,0.6,0,0.7,5.69781
0.669131,0.743145,0.6,2.02209,0,0,1.4,0,0,0,0,0,0.0102971,0.0113611,0.0411885,0.0454445,0.0926741,0.10225,0.164754,0.181778,0.257428,0.284028,0.368912,0.407192,0.487717,0.516059,0.616772,0.596314,0.742736,0.647957,0.857667,0.670989,0.961561,0.66541,1.05442,0.631219,1.13624,0.568417,1.20702,0.477003,1.26677,0.356978,1.31548,0.228892,1.35316,0.128752,1.37979,0.0572229,1.39539,0.0143057,1.4,-1.11022e-16,0.6,0,0.7,5.02209
0.669131,0.743145,0.8,2.10632,0,0,1.4,0,0,0,0,0,0.0111729,0.0123274,0.0446915,0.0493094,0.100556,0.110946,0.178766,0.197238,0.279322,0.308184,0.395997,0.437377,0.495308,0.547839,0.575165,0.633163,0.66183,0.688957,0.761605,0.714169,0.87441,0.708798,0.985246,0.672843,1.08297,0.606306,1.16759,0.509186,1.2391,0.381483,1.2975,0.244664,1.34278,0.137623,1.37496,0.0611659,1.39403,0.0152915,1.4,1.11022e-16,0.6,0,0.7,5.10632
0.669131,0.743145,1,2.21658,0,0,1.4,0,0,0,0,0,0.0123732,0.0136517,0.0494928,0.0546069,0.111359,0.122866,0.197971,0.218428,0.30933,0.341293,0.429596,0.474727,0.526105,0.582143,0.597867,0.662256,0.644883,0.715065,0.688192,0.738629,0.750821,0.730823,0.832781,0.691644,0.934071,0.621094,1.05205,0.519172,1.15837,0.385878,1.24535,0.246249,1.31301,0.137635,1.36134,0.0603922,1.39033,0.0145214,1.4,0,0.6,0,0.7,9.4156
0.309017,0.951057,0.2,1.54571,0,0,1.4,0,0,0,0,0,0.00281046,0.00850738,0.0112418,0.0340295,0.0262266,0.0745471,0.0559121,0.112416,0.102194,0.143528,0.165074,0.167885,0.24455,0.185487,0.340623,0.196333,0.453293,0.200423,0.582561,0.197757,0.728075,0.188336,0.869121,0.172159,0.99357,0.149226,1.10142,0.119538,1.19268,0.0844458,1.26734,0.0540453,1.3254,0.0304005,1.36686,0.0135113,1.39173,0.00337783,1.4,-2.77556e-17,0.6,0,0.7,5.44571
0.309017,0.951057,0.4,1.86601,0,0,1.4,0,0,0,0,0,0.00409587,0.0123984,0.0163835,0.0495935,0.0368629,0.111585,0.065534,0.198374,0.10471,0.298691,0.16081,0.381275,0.234208,0.444295,0.324905,0.487751,0.432901,0.511644,0.558196,0.515973,0.70079,0.500738,0.847436,0.46594,0.977052,0.411579,1.08937,0.337653,1.18439,0.244545,1.26211,0.156509,1.32253,0.0880361,1.36565,0.0391271,1.39148,0.00978179,1.4,-1.11022e-16,0.6,0,0.7,6.51601
0.309017,0.951057,0.6,2.34295,0,0,1.4,0,0,0,0,0,0.00645723,0.0195463,0.0258289,0.0781852,0.058115,0.175917,0.103316,0.312741,0.161279,0.488479,0.227471,0.659442,0.308742,0.792171,0.405299,0.886674,0.517144,0.942949,0.644277,0.960997,0.784006,0.940818,0.913599,0.882412,1.0279,0.785779,1.12692,0.650919,1.21065,0.477839,1.2791,0.305817,1.33225,0.172022,1.37012,0.0764542,1.3927,0.0191136,1.4,5.55112e-17,0.6,0,0.7,4.29295
0.309017,0.951057,0.8,2.40036,0,0,1.4,0,0,0,0,0,0.00677755,0.0205159,0.0271102,0.0820638,0.060998,0.184643,0.108441,0.328255,0.16875,0.511485,0.223638,0.680898,0.266868,0.809442,0.322951,0.899228,0.399404,0.950904,0.496228,0.96447,0.613422,0.939925,0.750987,0.87727,0.900925,0.776505,1.03333,0.637629,1.14537,0.461124,1.23704,0.292703,1.30833,0.162393,1.35926,0.0701928,1.38981,0.0161033,1.4,-2.22045e-16,0.6,0,0.7,4.35036
0.309017,0.951057,1,2.4687,0,0,1.4,0,0,0,0,0,0.007169,0.0217009,0.028676,0.0868036,0.064521,0.195308,0.114704,0.347214,0.177392,0.538109,0.23166,0.705737,0.27159,0.829962,0.297181,0.910787,0.325755,0.951324,0.382669,0.956135,0.468146,0.92526,0.582183,0.858697,0.724782,0.756449,0.893866,0.618514,1.04962,0.446082,1.17681,0.285492,1.27544,0.160589,1.34551,0.0713731,1.38702,0.0178433,1.4,-2.22045e-16,0.6,0,0.7,4.7187
-0.104528,0.994522,0.2,1.64384,0,0,1.4,0,0,0,0,0,-0.00105509,0.0100782,-0.00422036,0.0403126,-0.00612838,0.0862775,0.00885779,0.127421,0.0427073,0.161155,0.0954202,0.187479,0.166996,0.206393,0.257436,0.217897,0.366739,0.221992,0.494905,0.218678,0.641935,0.207953,0.799658,0.189819,0.940722,0.164275,1.06292,0.131322,1.16626,0.0926211,1.25073,0.0592775,1.31634,0.0333436,1.36309,0.0148194,1.39098,0.00370484,1.4,0,0.6,0,0.7,5.84384
-0.104528,0.994522,0.4,2.06694,0,0,1.4,0,0,0,0,0,-0.00166812,0.0159338,-0.0066725,0.0637353,-0.0150131,0.143405,-0.0264639,0.254492,-0.0245138,0.364197,0.00104531,0.452238,0.0502133,0.518616,0.12299,0.56333,0.219376,0.586382,0.339371,0.58777,0.482975,0.567494,0.650188,0.525556,0.825751,0.461954,0.978612,0.37669,1.10786,0.270791,1.21351,0.173306,1.29554,0.0974846,1.35397,0.0433265,1.38878,0.0108316,1.4,1.66533e-16,0.6,0,0.7,8.81686
-0.104528,0.994522,0.6,2.58226,0,0,1.4,0,0,0,0,0,-0.00260358,0.0248692,-0.0104143,0.099477,-0.0234322,0.223823,-0.0416572,0.397908,-0.0622778,0.60835,-0.0610427,0.786565,-0.0320235,0.923197,0.02478,1.01825,0.109368,1.07171,0.22174,1.0836,0.361896,1.0539,0.529836,0.982626,0.723341,0.869766,0.903359,0.715323,1.05559,0.519776,1.18004,0.332656,1.27671,0.187119,1.34559,0.0831641,1.38668,0.020791,1.4,0,0.6,0,0.7,4.03226
-0.104528,0.994522,0.8,2.61416,0,0,1.4,0,0,0,0,0,-0.00266832,0.0254877,-0.0106733,0.101951,-0.0240149,0.229389,-0.0426931,0.407803,-0.064948,0.619865,-0.0828333,0.789817,-0.0846835,0.91334,-0.0537356,0.997561,0.0102112,1.04256,0.107157,1.04835,0.237101,1.01491,0.400045,0.942264,0.595987,0.830395,0.807674,0.679309,0.988892,0.490223,1.13711,0.313742,1.25233,0.17648,1.33455,0.0784356,1.38378,0.0196089,1.4,-1.11022e-16,0.6,0,0.7,4.16416
-0.104528,0.994522,1,2.65976,0,0,1.4,0,0,0,0,0,-0.00276221,0.0263845,-0.0110488,0.105538,-0.0248599,0.237461,-0.0441954,0.422152,-0.0667201,0.636715,-0.0843966,0.804656,-0.0965486,0.919827,-0.0992251,0.984264,-0.066772,1.01118,0.00542829,1.00294,0.117376,0.959565,0.269071,0.88104,0.460513,0.767369,0.690542,0.618552,0.908151,0.439326,1.08601,0.281168,1.22413,0.158157,1.32249,0.0702921,1.38111,0.017573,1.4,-1.11022e-16,0.6,0,0.7,4.30976
-0.5,0.866025,0.2,1.72705,0,0,1.4,0,0,0,0,0,-0.00563215,0.00966366,-0.0225286,0.0386546,-0.0430627,0.0808882,-0.0438796,0.117731,-0.0233501,0.147883,0.0185258,0.171345,0.081748,0.188116,0.166317,0.198197,0.272231,0.201587,0.399493,0.198287,0.5481,0.188296,0.716917,0.171615,0.877014,0.148243,1.01577,0.118181,1.13317,0.083129,1.22923,0.0531223,1.30394,0.0298062,1.35731,0.0131805,1.38933,0.0032454,1.4,-2.77556e-17,0.6,0,0.7,6.22705
-0.5,0.866025,0.4,2.22397,0,0,1.4,0,0,0,0,0,-0.00933946,0.0160247,-0.0373578,0.0640987,-0.0840552,0.144222,-0.145363,0.2522,-0.18415,0.349743,-0.191476,0.427634,-0.16734,0.485871,-0.111744,0.524454,-0.0246855,0.543385,0.093834,0.542662,0.243815,0.522286,0.425257,0.482257,0.63743,0.422574,0.84075,0.343239,1.01261,0.245666,1.153,0.157226,1.26194,0.0884396,1.33941,0.0393065,1.38543,0.00982662,1.4,0,0.6,0,0.7,8.2522
-0.5,0.866025,0.6,2.76096,0,0,1.4,0,0,0,0,0,-0.0143941,0.0246974,-0.0575762,0.0987895,-0.129547,0.222276,-0.230305,0.395158,-0.336802,0.587378,-0.401687,0.743263,-0.42328,0.861806,-0.401583,0.943005,-0.336594,0.986861,-0.228315,0.993375,-0.0767448,0.962545,0.118116,0.894373,0.356268,0.788857,0.626387,0.645999,0.863548,0.466787,1.05742,0.298744,1.208,0.168043,1.31529,0.0746859,1.37928,0.0186715,1.4,-2.22045e-16,0.6,0,0.7,4.01096
-0.5,0.866025,0.8,2.77887,0,0,1.4,0,0,0,0,0,-0.0145814,0.0250188,-0.0583255,0.100075,-0.131232,0.225169,-0.233302,0.400301,-0.342999,0.590182,-0.423596,0.731776,-0.462506,0.834612,-0.454687,0.903234,-0.400138,0.937641,-0.298861,0.937835,-0.150855,0.903814,0.0438808,0.835579,0.285346,0.733129,0.567826,0.596466,0.82334,0.427678,1.03213,0.273714,1.19418,0.153964,1.30951,0.0684285,1.37811,0.0171071,1.4,0,0.6,0,0.7,4.02887
-0.5,0.866025,1,2.80174,0,0,1.4,0,0,0,0,0,-0.0148224,0.0254324,-0.0592897,0.101729,-0.133402,0.228891,-0.237159,0.406918,-0.346913,0.596978,-0.427361,0.736985,-0.478164,0.826126,-0.491447,0.872279,-0.454068,0.888584,-0.365825,0.875244,-0.226716,0.83226,-0.0367433,0.75963,0.204094,0.657355,0.494876,0.525436,0.772886,0.37056,1.00003,0.237159,1.17631,0.133402,1.30173,0.0592897,1.37628,0.0148224,1.4,0,0.6,0,0.7,4.05174
-0.809017,0.587785,0.2,1.78793,0,0,1.4,0,0,0,0,0,-0.00971544,0.00702231,-0.0388618,0.0280892,-0.0749455,0.0577543,-0.0887232,0.0832689,-0.0789863,0.104106,-0.0457349,0.120266,0.011031,0.131749,0.0913115,0.138554,0.195106,0.140682,0.322416,0.138132,0.47324,0.130905,0.647579,0.119001,0.823894,0.10242,0.976739,0.0811612,1.10607,0.0566955,1.21188,0.0360045,1.29418,0.0199908,1.35297,0.00865439,1.38824,0.00199534,1.4,-5.55112e-17,0.6,0,0.7,6.43793
-0.809017,0.587785,0.4,2.33003,0,0,1.4,0,0,0,0,0,-0.0165,0.0119262,-0.066,0.0477047,-0.1485,0.107336,-0.25255,0.184789,-0.324964,0.252054,-0.35904,0.305602,-0.354779,0.345432,-0.31218,0.371545,-0.231244,0.38394,-0.11197,0.382618,0.0456417,0.367579,0.241591,0.338822,0.475877,0.296348,0.721971,0.240157,0.930811,0.171467,1.10131,0.109739,1.23348,0.0617283,1.32731,0.0274348,1.38279,0.0068587,1.4,5.55112e-17,0.6,0,0.7,4.03003
-0.809017,0.587785,0.6,2.87857,0,0,1.4,0,0,0,0,0,-0.0251834,0.0182026,-0.100734,0.0728103,-0.226651,0.163823,-0.402935,0.291241,-0.577883,0.423606,-0.696419,0.529954,-0.758454,0.610423,-0.763988,0.665012,-0.71302,0.693721,-0.605551,0.696551,-0.441581,0.673501,-0.221109,0.624572,0.0558641,0.549763,0.386921,0.449075,0.69702,0.323494,0.950618,0.207036,1.14771,0.116458,1.28831,0.0517591,1.3724,0.0129398,1.4,0,0.6,0,0.7,3.87857
-0.809017,0.587785,0.8,2.88349,0,0,1.4,0,0,0,0,0,-0.0252696,0.0182648,-0.101078,0.0730593,-0.227426,0.164383,-0.404313,0.292237,-0.581298,0.420913,-0.707001,0.514407,-0.775974,0.582581,-0.787117,0.627422,-0.74043,0.648931,-0.635915,0.647107,-0.47357,0.621951,-0.253396,0.573463,0.0246067,0.501642,0.359074,0.406489,0.677135,0.290047,0.937366,0.185373,1.13977,0.104032,1.28434,0.0460229,1.37109,0.0113463,1.4,1.11022e-16,0.6,0,0.7,3.88349
-0.809017,0.587785,1,2.89816,0,0,1.4,0,0,0,0,0,-0.0255273,0.0184511,-0.102109,0.0738045,-0.229746,0.16606,-0.408418,0.295215,-0.58514,0.423709,-0.710808,0.515302,-0.785378,0.570076,-0.803688,0.598132,-0.762182,0.606429,-0.660862,0.594965,-0.499726,0.563741,-0.278774,0.512756,0.00199275,0.442011,0.341676,0.351506,0.667588,0.247004,0.933686,0.158083,1.13997,0.0889215,1.28643,0.0395207,1.37309,0.00988017,1.4,0,0.6,0,0.7,3.89816
-0.978148,0.207912,0.2,1.81959,0,0,1.4,0,0,0,0,0,-0.0121467,0.00257147,-0.0485867,0.0102859,-0.0935513,0.0209523,-0.114705,0.030078,-0.111084,0.0375289,-0.0826881,0.0433051,-0.0295166,0.0474066,0.0484301,0.0498333,0.151152,0.0505852,0.278649,0.0496624,0.430921,0.0470648,0.607969,0.0427925,0.793007,0.0368455,0.954046,0.0292237,1.09031,0.020443,1.2018,0.0130055,1.28851,0.00724273,1.35045,0.00315471,1.38761,0.000741438,1.4,6.93889e-18,0.6,0,0.7,8.57436
-0.978148,0.207912,0.4,2.37675,0,0,1.4,0,0,0,0,0,-0.0207242,0.00438736,-0.082897,0.0175494,-0.186518,0.0394862,-0.314797,0.0674432,-0.40659,0.0913896,-0.456302,0.110408,-0.463936,0.124498,-0.429489,0.13366,-0.352963,0.137894,-0.234358,0.1372,-0.0736729,0.131578,0.129092,0.121028,0.373936,0.10555,0.642568,0.0851432,0.874006,0.0603953,1.06336,0.0384613,1.21064,0.0214553,1.31584,0.00937744,1.37896,0.00222765,1.4,2.77556e-17,0.6,0,0.7,4.07675
-0.978148,0.207912,0.6,2.93633,0,0,1.4,0,0,0,0,0,-0.0316315,0.00669645,-0.126526,0.0267858,-0.284684,0.060268,-0.505813,0.107095,-0.718341,0.154075,-0.866877,0.191747,-0.951419,0.220127,-0.971967,0.239215,-0.928522,0.249011,-0.821082,0.249514,-0.649648,0.240726,-0.41422,0.222646,-0.114797,0.195274,0.248107,0.158609,0.600074,0.113254,0.888047,0.0720224,1.11203,0.0400833,1.27201,0.0174362,1.368,0.00408122,1.4,0,0.6,0,0.7,3.93633
-0.978148,0.207912,0.8,2.93699,0,0,1.4,0,0,0,0,0,-0.0316459,0.00669948,-0.126584,0.0267979,-0.284813,0.0602954,-0.506035,0.107142,-0.718851,0.152408,-0.868243,0.185051,-0.953564,0.208871,-0.974727,0.224377,-0.931732,0.231571,-0.824578,0.230451,-0.653267,0.221018,-0.417797,0.203272,-0.118169,0.177213,0.245153,0.142841,0.598023,0.101177,0.886735,0.064319,1.11129,0.0357741,1.27168,0.0155424,1.36792,0.00362377,1.4,2.77556e-17,0.6,0,0.7,3.93699
-0.978148,0.207912,1,2.93893,0,0,1.4,0,0,0,0,0,-0.0316876,0.00670831,-0.12675,0.0268333,-0.285188,0.0603748,-0.506679,0.107279,-0.719447,0.152535,-0.868841,0.184375,-0.95484,0.20292,-0.976766,0.212425,-0.934286,0.214986,-0.827399,0.210606,-0.656105,0.199282,-0.420405,0.181016,-0.120298,0.155807,0.243764,0.123656,0.597486,0.0867826,0.886802,0.0555408,1.11171,0.0312417,1.27221,0.0138852,1.36831,0.0034713,1.4,-4.16334e-17,0.6,0,0.7,3.93893
-0.978148,-0.207912,0.2,1.81959,0,0,1.4,0,0,0,0,0,-0.0121467,-0.00257147,-0.0485867,-0.0102859,-0.0935513,-0.0209523,-0.114705,-0.030078,-0.111084,-0.0375289,-0.0826881,-0.0433051,-0.0295166,-0.0474066,0.0484301,-0.0498333,0.151152,-0.0505852,0.278649,-0.0496624,0.430921,-0.0470648,0.607969,-0.0427925,0.793007,-0.0368455,0.954046,-0.0292237,1.09031,-0.020443,1.2018,-0.0130055,1.28851,-0.00724273,1.35045,-0.00315471,1.38761,-0.000741438,1.4,-6.93889e-18,0.6,0,0.7,8.57436
-0.978148,-0.207912,0.4,2.37675,0,0,1.4,0,0,0,0,0,-0.0207242,-0.00438736,-0.082897,-0.0175494,-0.186518,-0.0394862,-0.314797,-0.0674432,-0.40659,-0.0913896,-0.456302,-0.110408,-0.463936,-0.124498,-0.429489,-0.13366,-0.352963,-0.137894,-0.234358,-0.1372,-0.0736729,-0.131578,0.129092,-0.121028,0.373936,-0.10555,0.642568,-0.0851432,0.874006,-0.0603953,1.06336,-0.0384613,1.21064,-0.0214553,1.31584,-0.00937744,1.37896,-0.00222765,1.4,-2.77556e-17,0.6,0,0.7,4.07675
-0.978148,-0.207912,0.6,2.93633,0,0,1.4,0,0,0,0,0,-0.0316315,-0.00669645,-0.126526,-0.0267858,-0.284684,-0.060268,-0.505813,-0.107095,-0.718341,-0.154075,-0.866877,-0.191747,-0.951419,-0.220127,-0.971967,-0.239215,-0.928522,-0.249011,-0.821082,-0.249514,-0.649648,-0.240726,-0.41422,-0.222646,-0.114797,-0.195274,0.248107,-0.158609,0.600074,-0.113254,0.888047,-0.0720224,1.11203,-0.0400833,1.27201,-0.0174362,1.368,-0.00408122,1.4,2.77556e-17,0.6,0,0.7,3.93633
-0.978148,-0.207912,0.8,2.93699,0,0,1.4,0,0,0,0,0,-0.0316459,-0.00669948,-0.126584,-0.0267979,-0.284813,-0.0602954,-0.506035,-0.107142,-0.718851,-0.152408,-0.868243,-0.185051,-0.953564,-0.208871,-0.974727,-0.224377,-0.931732,-0.231571,-0.824578,-0.230451,-0.653267,-0.221018,-0.417797,-0.203272,-0.118169,-0.177213,0.245153,-0.142841,0.598023,-0.101177,0.886735,-0.064319,1.11129,-0.0357741,1.27168,-0.0155424,1.36792,-0.00362377,1.4,-1.38778e-17,0.6,0,0.7,3.93699
-0.978148,-0.207912,1,2.93893,0,0,1.4,0,0,0,0,0,-0.0316876,-0.00670831,-0.12675,-0.0268333,-0.285188,-0.0603748,-0.506679,-0.107279,-0.719447,-0.152535,-0.868841,-0.184375,-0.95484,-0.20292,-0.976766,-0.212425,-0.934286,-0.214986,-0.827399,-0.210606,-0.656105,-0.199282,-0.420405,-0.181016,-0.120298,-0.155807,0.243764,-0.123656,0.597486,-0.0867826,0.886802,-0.0555408,1.11171,-0.0312417,1.27221,-0.0138852,1.36831,-0.0034713,1.4,-1.38778e-17,0.6,0,0.7,3.93893
-0.809017,-0.587785,0.2,1.78793,0,0,1.4,0,0,0,0,0,-0.00971544,-0.00702231,-0.0388618,-0.0280892,-0.0749455,-0.0577543,-0.0887232,-0.0832689,-0.0789863,-0.104106,-0.0457349,-0.120266,0.011031,-0.131749,0.0913115,-0.138554,0.195106,-0.140682,0.322416,-0.138132,0.47324,-0.130905,0.647579,-0.119001,0.823894,-0.10242,0.976739,-0.0811612,1.10607,-0.0566955,1.21188,-0.0360045,1.29418,-0.0199908,1.35297,-0.00865439,1.38824,-0.00199534,1.4,5.55112e-17,0.6,0,0.7,6.43793
-0.809017,-0.587785,0.4,2.33003,0,0,1.4,0,0,0,0,0,-0.0165,-0.0119262,-0.066,-0.0477047,-0.1485,-0.107336,-0.25255,-0.184789,-0.324964,-0.252054,-0.35904,-0.305602,-0.354779,-0.345432,-0.31218,-0.371545,-0.231244,-0.38394,-0.11197,-0.382618,0.0456417,-0.367579,0.241591,-0.338822,0.475877,-0.296348,0.721971,-0.240157,0.930811,-0.171467,1.10131,-0.109739,1.23348,-0.0617283,1.32731,-0.0274348,1.38279,-0.0068587,1.4,-5.55112e-17,0.6,0,0.7,4.03003
-0.809017,-0.587785,0.6,2.87857,0,0,1.4,0,0,0,0,0,-0.0251834,-0.0182026,-0.100734,-0.0728103,-0.226651,-0.163823,-0.402935,-0.291241,-0.577883,-0.423606,-0.696419,-0.529954,-0.758454,-0.610423,-0.763988,-0.665012,-0.71302,-0.693721,-0.605551,-0.696551,-0.441581,-0.673501,-0.221109,-0.624572,0.0558641,-0.549763,0.386921,-0.449075,0.69702,-0.323494,0.950618,-0.207036,1.14771,-0.116458,1.28831,-0.0517591,1.3724,-0.0129398,1.4,-1.11022e-16,0.6,0,0.7,3.87857
-0.809017,-0.587785,0.8,2.88349,0,0,1.4,0,0,0,0,0,-0.0252696,-0.0182648,-0.101078,-0.0730593,-0.227426,-0.164383,-0.404313,-0.292237,-0.581298,-0.420913,-0.707001,-0.514407,-0.775974,-0.582581,-0.787117,-0.627422,-0.74043,-0.648931,-0.635915,-0.647107,-0.47357,-0.621951,-0.253396,-0.573463,0.0246067,-0.501642,0.359074,-0.406489,0.677135,-0.290047,0.937366,-0.185373,1.13977,-0.104032,1.28434,-0.0460229,1.37109,-0.0113463,1.4,-1.11022e-16,0.6,0,0.7,3.88349
-0.809017,-0.587785,1,2.89816,0,0,1.4,0,0,0,0,0,-0.0255273,-0.0184511,-0.102109,-0.0738045,-0.229746,-0.16606,-0.408418,-0.295215,-0.58514,-0.423709,-0.710808,-0.515302,-0.785378,-0.570076,-0.803688,-0.598132,-0.762182,-0.606429,-0.660862,-0.594965,-0.499726,-0.563741,-0.278774,-0.512756,0.00199275,-0.442011,0.341676,-0.351506,0.667588,-0.247004,0.933686,-0.158083,1.13997,-0.0889215,1.28643,-0.0395207,1.37309,-0.00988017,1.4,0,0.6,0,0.7,3.89816
-0.5,-0.866025,0.2,1.72705,0,0,1.4,0,0,0,0,0,-0.00563215,-0.00966366,-0.0225286,-0.0386546,-0.0430627,-0.0808882,-0.0438796,-0.117731,-0.0233501,-0.147883,0.0185258,-0.171345,0.081748,-0.188116,0.166317,-0.198197,0.272231,-0.201587,0.399493,-0.198287,0.5481,-0.188296,0.716917,-0.171615,0.877014,-0.148243,1.01577,-0.118181,1.13317,-0.083129,1.22923,-0.0531223,1.30394,-0.0298062,1.35731,-0.0131805,1.38933,-0.0032454,1.4,2.77556e-17,0.6,0,0.7,6.22705
-0.5,-0.866025,0.4,2.22397,0,0,1.4,0,0,0,0,0,-0.00933946,-0.0160247,-0.0373578,-0.0640987,-0.0840552,-0.144222,-0.145363,-0.2522,-0.18415,-0.349743,-0.191476,-0.427634,-0.16734,-0.485871,-0.111744,-0.524454,-0.0246855,-0.543385,0.093834,-0.542662,0.243815,-0.522286,0.425257,-0.482257,0.63743,-0.422574,0.84075,-0.343239,1.01261,-0.245666,1.153,-0.157226,1.26194,-0.0884396,1.33941,-0.0393065,1.38543,-0.00982662,1.4,0,0.6,0,0.7,8.2522
-0.5,-0.866025,0.6,2.76096,0,0,1.4,0,0,0,0,0,-0.0143941,-0.0246974,-0.0575762,-0.0987895,-0.129547,-0.222276,-0.230305,-0.395158,-0.336802,-0.587378,-0.401687,-0.743263,-0.42328,-0.861806,-0.401583,-0.943005,-0.336594,-0.986861,-0.228315,-0.993375,-0.0767448,-0.962545,0.118116,-0.894373,0.356268,-0.788857,0.626387,-0.645999,0.863548,-0.466787,1.05742,-0.298744,1.208,-0.168043,1.31529,-0.0746859,1.37928,-0.0186715,1.4,-1.11022e-16,0.6,0,0.7,4.01096
-0.5,-0.866025,0.8,2.77887,0,0,1.4,0,0,0,0,0,-0.0145814,-0.0250188,-0.0583255,-0.100075,-0.131232,-0.225169,-0.233302,-0.400301,-0.342999,-0.590182,-0.423596,-0.731776,-0.462506,-0.834612,-0.454687,-0.903234,-0.400138,-0.937641,-0.298861,-0.937835,-0.150855,-0.903814,0.0438808,-0.835579,0.285346,-0.733129,0.567826,-0.596466,0.82334,-0.427678,1.03213,-0.273714,1.19418,-0.153964,1.30951,-0.0684285,1.37811,-0.0171071,1.4,-1.66533e-16,0.6,0,0.7,4.02887
-0.5,-0.866025,1,2.80174,0,0,1.4,0,0,0,0,0,-0.0148224,-0.0254324,-0.0592897,-0.101729,-0.133402,-0.228891,-0.237159,-0.406918,-0.346913,-0.596978,-0.427361,-0.736985,-0.478164,-0.826126,-0.491447,-0.872279,-0.454068,-0.888584,-0.365825,-0.875244,-0.226716,-0.83226,-0.0367433,-0.75963,0.204094,-0.657355,0.494876,-0.525436,0.772886,-0.37056,1.00003,-0.237159,1.17631,-0.133402,1.30173,-0.0592897,1.37628,-0.0148224,1.4,1.66533e-16,0.6,0,0.7,4.05174
-0.104528,-0.994522,0.2,1.64384,0,0,1.4,0,0,0,0,0,-0.00105509,-0.0100782,-0.00422036,-0.0403126,-0.00612838,-0.0862775,0.00885779,-0.127421,0.0427073,-0.161155,0.0954202,-0.187479,0.166996,-0.206393,0.257436,-0.217897,0.366739,-0.221992,0.494905,-0.218678,0.641935,-0.207953,0.799658,-0.189819,0.940722,-0.164275,1.06292,-0.131322,1.16626,-0.0926211,1.25073,-0.0592775,1.31634,-0.0333436,1.36309,-0.0148194,1.39098,-0.00370484,1.4,0,0.6,0,0.7,5.84384
-0.104528,-0.994522,0.4,2.06694,0,0,1.4,0,0,0,0,0,-0.00166812,-0.0159338,-0.0066725,-0.0637353,-0.0150131,-0.143405,-0.0264639,-0.254492,-0.0245138,-0.364197,0.00104531,-0.452238,0.0502133,-0.518616,0.12299,-0.56333,0.219376,-0.586382,0.339371,-0.58777,0.482975,-0.567494,0.650188,-0.525556,0.825751,-0.461954,0.978612,-0.37669,1.10786,-0.270791,1.21351,-0.173306,1.29554,-0.0974846,1.35397,-0.0433265,1.38878,-0.0108316,1.4,-1.66533e-16,0.6,0,0.7,8.81686
-0.104528,-0.994522,0.6,2.58226,0,0,1.4,0,0,0,0,0,-0.00260358,-0.0248692,-0.0104143,-0.099477,-0.0234322,-0.223823,-0.0416572,-0.397908,-0.0622778,-0.60835,-0.0610427,-0.786565,-0.0320235,-0.923197,0.02478,-1.01825,0.109368,-1.07171,0.22174,-1.0836,0.361896,-1.0539,0.529836,-0.982626,0.723341,-0.869766,0.903359,-0.715323,1.05559,-0.519776,1.18004,-0.332656,1.27671,-0.187119,1.34559,-0.0831641,1.38668,-0.020791,1.4,0,0.6,0,0.7,4.03226
-0.104528,-0.994522,0.8,2.61416,0,0,1.4,0,0,0,0,0,-0.00266832,-0.0254877,-0.0106733,-0.101951,-0.0240149,-0.229389,-0.0426931,-0.407803,-0.064948,-0.619865,-0.0828333,-0.789817,-0.0846835,-0.91334,-0.0537356,-0.997561,0.0102112,-1.04256,0.107157,-1.04835,0.237101,-1.01491,0.400045,-0.942264,0.595987,-0.830395,0.807674,-0.679309,0.988892,-0.490223,1.13711,-0.313742,1.25233,-0.17648,1.33455,-0.0784356,1.38378,-0.0196089,1.4,1.11022e-16,0.6,0,0.7,4.16416
-0.104528,-0.994522,1,2.65976,0,0,1.4,0,0,0,0,0,-0.00276221,-0.0263845,-0.0110488,-0.105538,-0.0248599,-0.237461,-0.0441954,-0.422152,-0.0667201,-0.636715,-0.0843966,-0.804656,-0.0965486,-0.919827,-0.0992251,-0.984264,-0.066772,-1.01118,0.00542829,-1.00294,0.117376,-0.959565,0.269071,-0.88104,0.460513,-0.767369,0.690542,-0.618552,0.908151,-0.439326,1.08601,-0.281168,1.22413,-0.158157,1.32249,-0.0702921,1.38111,-0.017573,1.4,1.11022e-16,0.6,0,0.7,4.30976
0.309017,-0.951057,0.2,1.54571,0,0,1.4,0,0,0,0,0,0.00281046,-0.00850738,0.0112418,-0.0340295,0.0262266,-0.0745471,0.0559121,-0.112416,0.102194,-0.143528,0.165074,-0.167885,0.24455,-0.185487,0.340623,-0.196333,0.453293,-0.200423,0.582561,-0.197757,0.728075,-0.188336,0.869121,-0.172159,0.99357,-0.149226,1.10142,-0.119538,1.19268,-0.0844458,1.26734,-0.0540453,1.3254,-0.0304005,1.36686,-0.0135113,1.39173,-0.00337783,1.4,2.77556e-17,0.6,0,0.7,5.44571
0.309017,-0.951057,0.4,1.86601,0,0,1.4,0,0,0,0,0,0.00409587,-0.0123984,0.0163835,-0.0495935,0.0368629,-0.111585,0.065534,-0.198374,0.10471,-0.298691,0.16081,-0.381275,0.234208,-0.444295,0.324905,-0.487751,0.432901,-0.511644,0.558196,-0.515973,0.70079,-0.500738,0.847436,-0.46594,0.977052,-0.411579,1.08937,-0.337653,1.18439,-0.244545,1.26211,-0.156509,1.32253,-0.0880361,1.36565,-0.0391271,1.39148,-0.00978179,1.4,1.11022e-16,0.6,0,0.7,6.51601
0.309017,-0.951057,0.6,2.34295,0,0,1.4,0,0,0,0,0,0.00645723,-0.0195463,0.0258289,-0.0781852,0.058115,-0.175917,0.103316,-0.312741,0.161279,-0.488479,0.227471,-0.659442,0.308742,-0.792171,0.405299,-0.886674,0.517144,-0.942949,0.644277,-0.960997,0.784006,-0.940818,0.913599,-0.882412,1.0279,-0.785779,1.12692,-0.650919,1.21065,-0.477839,1.2791,-0.305817,1.33225,-0.172022,1.37012,-0.0764542,1.3927,-0.0191136,1.4,-5.55112e-17,0.6,0,0.7,4.29295
0.309017,-0.951057,0.8,2.40036,0,0,1.4,0,0,0,0,0,0.00677755,-0.0205159,0.0271102,-0.0820638,0.060998,-0.184643,0.108441,-0.328255,0.16875,-0.511485,0.223638,-0.680898,0.266868,-0.809442,0.322951,-0.899228,0.399404,-0.950904,0.496228,-0.96447,0.613422,-0.939925,0.750987,-0.87727,0.900925,-0.776505,1.03333,-0.637629,1.14537,-0.461124,1.23704,-0.292703,1.30833,-0.162393,1.35926,-0.0701928,1.38981,-0.0161033,1.4,2.22045e-16,0.6,0,0.7,4.35036
0.309017,-0.951057,1,2.4687,0,0,1.4,0,0,0,0,0,0.007169,-0.0217009,0.028676,-0.0868036,0.064521,-0.195308,0.114704,-0.347214,0.177392,-0.538109,0.23166,-0.705737,0.27159,-0.829962,0.297181,-0.910787,0.325755,-0.951324,0.382669,-0.956135,0.468146,-0.92526,0.582183,-0.858697,0.724782,-0.756449,0.893866,-0.618514,1.04962,-0.446082,1.17681,-0.285492,1.27544,-0.160589,1.34551,-0.0713731,1.38702,-0.0178433,1.4,2.22045e-16,0.6,0,0.7,4.7187
0.669131,-0.743145,0.2,1.4559,0,0,1.4,0,0,0,0,0,0.00533801,-0.00588958,0.021352,-0.0235583,0.048182,-0.0524686,0.0888504,-0.0810087,0.144583,-0.10447,0.215379,-0.122851,0.30124,-0.136154,0.402165,-0.144377,0.518154,-0.147521,0.649207,-0.145585,0.789904,-0.138571,0.917949,-0.126477,1.03093,-0.109304,1.12885,-0.0870517,1.2117,-0.0609454,1.27949,-0.038603,1.33221,-0.0213399,1.36987,-0.00915604,1.39247,-0.00205142,1.4,-2.77556e-17,0.6,0,0.7,5.0559
0.669131,-0.743145,0.4,1.64781,0,0,1.4,0,0,0,0,0,0.00683799,-0.00754456,0.027352,-0.0301782,0.0615419,-0.067901,0.109408,-0.120713,0.170957,-0.188304,0.246642,-0.252272,0.336727,-0.30184,0.441212,-0.337008,0.560096,-0.357776,0.693381,-0.364144,0.828762,-0.356112,0.949825,-0.333681,1.05649,-0.296849,1.14875,-0.245618,1.22662,-0.179999,1.29008,-0.115199,1.33915,-0.0647995,1.37381,-0.0287998,1.39407,-0.00719995,1.4,0,0.6,0,0.7,5.69781
0.669131,-0.743145,0.6,2.02209,0,0,1.4,0,0,0,0,0,0.0102971,-0.0113611,0.0411885,-0.0454445,0.0926741,-0.10225,0.164754,-0.181778,0.257428,-0.284028,0.368912,-0.407192,0.487717,-0.516059,0.616772,-0.596314,0.742736,-0.647957,0.857667,-0.670989,0.961561,-0.66541,1.05442,-0.631219,1.13624,-0.568417,1.20702,-0.477003,1.26677,-0.356978,1.31548,-0.228892,1.35316,-0.128752,1.37979,-0.0572229,1.39539,-0.0143057,1.4,2.22045e-16,0.6,0,0.7,5.02209
0.669131,-0.743145,0.8,2.10632,0,0,1.4,0,0,0,0,0,0.0111729,-0.0123274,0.0446915,-0.0493094,0.100556,-0.110946,0.178766,-0.197238,0.279322,-0.308184,0.395997,-0.437377,0.495308,-0.547839,0.575165,-0.633163,0.66183,-0.688957,0.761605,-0.714169,0.87441,-0.708798,0.985246,-0.672843,1.08297,-0.606306,1.16759,-0.509186,1.2391,-0.381483,1.2975,-0.244664,1.34278,-0.137623,1.37496,-0.0611659,1.39403,-0.0152915,1.4,-5.55112e-17,0.6,0,0.7,5.10632
0.669131,-0.743145,1,2.21658,0,0,1.4,0,0,0,0,0,0.0123732,-0.0136517,0.0494928,-0.0546069,0.111359,-0.122866,0.197971,-0.218428,0.30933,-0.341293,0.429596,-0.474727,0.526105,-0.582143,0.597867,-0.662256,0.644883,-0.715065,0.688192,-0.738629,0.750821,-0.730823,0.832781,-0.691644,0.934071,-0.621094,1.05205,-0.519172,1.15837,-0.385878,1.24535,-0.246249,1.31301,-0.137635,1.36134,-0.0603922,1.39033,-0.0145214,1.4,-1.11022e-16,0.6,0,0.7,9.4156
0.913545,-0.406737,0.2,1.39727,0,0,1.4,0,0,0,0,0,0.00669328,-0.00296693,0.0267731,-0.0118677,0.060249,-0.0266212,0.107745,-0.0419001,0.169636,-0.0544988,0.245923,-0.0644173,0.336605,-0.0716556,0.441682,-0.0762137,0.561155,-0.0780916,0.695023,-0.0772893,0.830261,-0.0738067,0.951139,-0.067644,1.05762,-0.058801,1.14971,-0.0472779,1.2274,-0.0335026,1.29069,-0.0214417,1.33959,-0.0120609,1.3741,-0.00536042,1.39421,-0.0013401,1.4,-1.38778e-17,0.6,0,0.7,4.84727
0.913545,-0.406737,0.4,1.44726,0,0,1.4,0,0,0,0,0,0.00718074,-0.003183,0.028723,-0.012732,0.0646267,-0.028647,0.114892,-0.0509281,0.179519,-0.0795751,0.25844,-0.113033,0.351207,-0.140858,0.457736,-0.161107,0.578028,-0.173782,0.711883,-0.178883,0.842625,-0.176408,0.959605,-0.166359,1.06282,-0.148735,1.15228,-0.123536,1.22797,-0.0907632,1.2899,-0.0574766,1.33807,-0.0317557,1.37248,-0.0136095,1.39312,-0.00303802,1.4,-1.38778e-17,0.6,0,0.7,5.04726
0.913545,-0.406737,0.6,1.60912,0,0,1.4,0,0,0,0,0,0.00887671,-0.00393477,0.0355068,-0.0157391,0.0798904,-0.035413,0.142027,-0.0629564,0.221918,-0.0983694,0.319562,-0.141652,0.434959,-0.192804,0.560321,-0.245536,0.692115,-0.283889,0.815261,-0.306788,0.926648,-0.314232,1.02628,-0.306221,1.11415,-0.282756,1.19026,-0.243835,1.25461,-0.18946,1.30721,-0.123638,1.34804,-0.0695461,1.37712,-0.0309094,1.39444,-0.00772734,1.4,0,0.6,0,0.7,5.35912
0.913545,-0.406737,0.8,1.73549,0,0,1.4,0,0,0,0,0,0.0103257,-0.00457708,0.0413029,-0.0183083,0.0929314,-0.0411937,0.165211,-0.0732332,0.258143,-0.114427,0.371726,-0.164775,0.503445,-0.223254,0.623267,-0.276636,0.722437,-0.320864,0.810932,-0.352911,0.910725,-0.366113,1.01327,-0.36023,1.10391,-0.335262,1.18247,-0.291209,1.24893,-0.228072,1.30332,-0.149318,1.34562,-0.083366,1.37583,-0.0364988,1.39396,-0.00871639,1.4,5.55112e-17,0.6,0,0.7,5.78549
0.913545,-0.406737,1,1.89331,0,0,1.4,0,0,0,0,0,0.0122891,-0.00544736,0.0491562,-0.0217895,0.110602,-0.0490263,0.196625,-0.0871578,0.307226,-0.136184,0.442406,-0.196105,0.582107,-0.258293,0.697459,-0.309718,0.788233,-0.350249,0.854429,-0.379885,0.899913,-0.397607,0.954967,-0.395434,1.02604,-0.371667,1.11312,-0.326306,1.20096,-0.259352,1.2728,-0.172751,1.32862,-0.0971724,1.36843,-0.0431877,1.39222,-0.0107969,1.4,5.55112e-17,0.6,0,0.7,6.54331
2,0,0.2,1.36626,0,0,1.4,0,0,0,0,0,0.007,0,0.028,0,0.063,0,0.112,0,0.175,0,0.252,0,0.343,0,0.448,0,0.567,0,0.7,0,0.833,0,0.952,0,1.057,0,1.148,0,1.225,0,1.288,0,1.337,0,1.372,0,1.393,0,1.4,0,0.6,0,0.7,4.81626
2,0,0.4,1.36626,0,0,1.4,0,0,0,0,0,0.007,0,0.028,0,0.063,0,0.112,0,0.175,0,0.252,0,0.343,0,0.448,0,0.567,0,0.7,0,0.833,0,0.952,0,1.057,0,1.148,0,1.225,0,1.288,0,1.337,0,1.372,0,1.393,0,1.4,0,0.6,0,0.7,4.81626
2,0,0.6,1.36626,0,0,1.4,0,0,0,0,0,0.007,0,0.028,0,0.063,0,0.112,0,0.175,0,0.252,0,0.343,0,0.448,0,0.567,0,0.7,0,0.833,0,0.952,0,1.057,0,1.148,0,1.225,0,1.288,0,1.337,0,1.372,0,1.393,0,1.4,0,0.6,0,0.7,4.81626
2,0,0.8,2.43266,0,0,1.4,0,0,0,0,0,0.0221918,0,0.0887672,0,0.199726,0,0.355069,0,0.554795,0,0.798905,0,1.07946,0,1.33042,0,1.537,0,1.69919,0,1.817,0,1.89042,0,1.91946,0,1.90412,0,1.84439,0,1.74028,0,1.59973,0,1.48877,0,1.42219,0,1.4,0,0.6,0,0.7,5.43266
2,0,1,2.52743,0,0,1.4,0,0,0,0,0,0.0239545,0,0.0958178,0,0.21559,0,0.383271,0,0.598861,0,0.86236,0,1.15986,0,1.41963,0,1.63149,0,1.79545,0,1.91149,0,1.97963,0,1.99986,0,1.97217,0,1.89658,0,1.77308,0,1.61559,0,1.49582,0,1.42395,0,1.4,0,0.6,0,0.7,5.37743
2,0,1.2,2.52743,0,0,1.4,0,0,0,0,0,0.0239545,0,0.0958178,0,0.21559,0,0.383271,0,0.598861,0,0.86236,0,1.15986,0,1.41963,0,1.63149,0,1.79545,0,1.91149,0,1.97963,0,1.99986,0,1.97217,0,1.89658,0,1.77308,0,1.61559,0,1.49582,0,1.42395,0,1.4,0,0.6,0,0.7,5.37743
2,0,1.4,2.52743,0,0,1.4,0,0,0,0,0,0.0239545,0,0.0958178,0,0.21559,0,0.383271,0,0.598861,0,0.86236,0,1.15986,0,1.41963,0,1.63149,0,1.79545,0,1.91149,0,1.97963,0,1.99986,0,1.97217,0,1.89658,0,1.77308,0,1.61559,0,1.49582,0,1.42395,0,1.4,0,0.6,0,0.7,5.37743
2,0,1.6,2.52743,0,0,1.4,0,0,0,0,0,0.0239545,0,0.0958178,0,0.21559,0,0.383271,0,0.598861,0,0.86236,0,1.15986,0,1.41963,0,1.63149,0,1.79545,0,1.91149,0,1.97963,0,1.99986,0,1.97217,0,1.89658,0,1.77308,0,1.61559,0,1.49582,0,1.42395,0,1.4,0,0.6,0,0.7,5.37743
1.82709,0.813473,0.2,1.39727,0,0,1.4,0,0,0,0,0,0.00669328,0.00296693,0.0267731,0.0118677,0.060249,0.0266212,0.107745,0.0419001,0.169636,0.0544988,0.245923,0.0644173,0.336605,0.0716556,0.441682,0.0762137,0.561155,0.0780916,0.695023,0.0772893,0.830261,0.0738067,0.951139,0.067644,1.05762,0.058801,1.14971,0.0472779,1.2274,0.0335026,1.29069,0.0214417,1.33959,0.0120609,1.3741,0.00536042,1.39421,0.0013401,1.4,1.38778e-17,0.6,0,0.7,4.84727
1.82709,0.813473,0.4,1.44726,0,0,1.4,0,0,0,0,0,0.00718074,0.003183,0.028723,0.012732,0.0646267,0.028647,0.114892,0.0509281,0.179519,0.0795751,0.25844,0.113033,0.351207,0.140858,0.457736,0.161107,0.578028,0.173782,0.711883,0.178883,0.842625,0.176408,0.959605,0.166359,1.06282,0.148735,1.15228,0.123536,1.22797,0.0907632,1.2899,0.0574766,1.33807,0.0317557,1.37248,0.0136095,1.39312,0.00303802,1.4,1.38778e-17,0.6,0,0.7,5.04726
1.82709,0.813473,0.6,1.62798,0,0,1.4,0,0,0,0,0,0.00908608,0.00402758,0.0363443,0.0161103,0.0817747,0.0362482,0.145377,0.0644413,0.227152,0.10069,0.327099,0.144993,0.445218,0.197351,0.579807,0.252958,0.711107,0.293987,0.830961,0.318764,0.93937,0.32729,1.03633,0.319564,1.12185,0.295587,1.19592,0.255359,1.25855,0.198878,1.30973,0.130012,1.34946,0.0731317,1.37775,0.032503,1.3946,0.00812575,1.4,1.11022e-16,0.6,0,0.7,5.37798
1.82709,0.813473,0.8,2.57953,0,0,1.4,0,0,0,0,0,0.0228118,0.0101118,0.0912471,0.0404471,0.205306,0.0910059,0.364988,0.161788,0.570294,0.252794,0.821224,0.364024,1.09042,0.479756,1.32094,0.567269,1.51101,0.625549,1.66063,0.654594,1.76981,0.654405,1.83854,0.624982,1.86683,0.566325,1.85467,0.478434,1.80207,0.361308,1.70902,0.231908,1.58201,0.13008,1.48089,0.0574875,1.42022,0.0141287,1.4,-1.11022e-16,0.6,0,0.7,5.42953
1.82709,0.813473,1,2.67491,0,0,1.4,0,0,0,0,0,0.02453,0.0108734,0.0981198,0.0434935,0.22077,0.0978605,0.392479,0.173974,0.613249,0.271835,0.883079,0.391442,1.16246,0.515805,1.39425,0.617138,1.58315,0.686507,1.72995,0.722601,1.83464,0.72542,1.89723,0.694965,1.91772,0.631235,1.89611,0.534231,1.83239,0.403952,1.72657,0.258467,1.58946,0.143953,1.4842,0.0627128,1.42105,0.0147476,1.4,-1.11022e-16,0.6,0,0.7,5.52491
1.82709,0.813473,1.2,2.68518,0,0,1.4,0,0,0,0,0,0.0247187,0.010957,0.0988748,0.0438282,0.222468,0.0986134,0.395499,0.175313,0.617967,0.273926,0.889873,0.394454,1.16931,0.518856,1.39961,0.621532,1.5805,0.702266,1.71745,0.752744,1.81479,0.766418,1.8725,0.743288,1.89059,0.683353,1.86906,0.586613,1.80792,0.453069,1.70715,0.294437,1.57766,0.165621,1.47882,0.0736092,1.4196,0.0184023,1.4,-2.22045e-16,0.6,0,0.7,5.53518
1.82709,0.813473,1.4,2.70411,0,0,1.4,0,0,0,0,0,0.0250683,0.011112,0.100273,0.044448,0.225615,0.100008,0.401093,0.177792,0.626707,0.2778,0.902459,0.400032,1.18183,0.524434,1.41113,0.626668,1.59029,0.706677,1.71931,0.764463,1.80129,0.795914,1.84703,0.786643,1.85745,0.735409,1.83257,0.642212,1.77238,0.507052,1.67689,0.335409,1.55889,0.188612,1.47062,0.0837787,1.41765,0.020908,1.4,1.66533e-16,0.6,0,0.7,5.55411
1.82709,0.813473,1.6,2.7365,0,0,1.4,0,0,0,0,0,0.0256725,0.0113798,0.10269,0.0455193,0.231052,0.102418,0.410759,0.182077,0.641812,0.284496,0.924147,0.409663,1.20298,0.53386,1.43047,0.635298,1.60661,0.713976,1.73141,0.769894,1.80486,0.803053,1.82808,0.812228,1.81792,0.778819,1.78007,0.696543,1.71455,0.565401,1.62134,0.385927,1.52457,0.216149,1.45537,0.0952379,1.41384,0.0231936,1.4,-1.66533e-16,0.6,0,0.7,5.5865
1.33826,1.48629,0.2,1.4559,0,0,1.4,0,0,0,0,0,0.00533801,0.00588958,0.021352,0.0235583,0.048182,0.0524686,0.0888504,0.0810087,0.144583,0.10447,0.215379,0.122851,0.30124,0.136154,0.402165,0.144377,0.518154,0.147521,0.649207,0.145585,0.789904,0.138571,0.917949,0.126477,1.03093,0.109304,1.12885,0.0870517,1.2117,0.0609454,1.27949,0.038603,1.33221,0.0213399,1.36987,0.00915604,1.39247,0.00205142,1.4,2.77556e-17,0.6,0,0.7,5.0559
1.33826,1.48629,0.4,1.64781,0,0,1.4,0,0,0,0,0,0.00683799,0.00754456,0.027352,0.0301782,0.0615419,0.067901,0.109408,0.120713,0.170957,0.188304,0.246642,0.252272,0.336727,0.30184,0.441212,0.337008,0.560096,0.357776,0.693381,0.364144,0.828762,0.356112,0.949825,0.333681,1.05649,0.296849,1.14875,0.245618,1.22662,0.179999,1.29008,0.115199,1.33915,0.0647995,1.37381,0.0287998,1.39407,0.00719995,1.4,0,0.6,0,0.7,5.69781
1.33826,1.48629,0.6,2.0758,0,0,1.4,0,0,0,0,0,0.0108514,0.0119727,0.0434058,0.0478909,0.097663,0.107754,0.173623,0.191564,0.271286,0.299318,0.389903,0.429711,0.51381,0.546209,0.637717,0.632212,0.759448,0.687721,0.87118,0.712736,0.972212,0.707257,1.06254,0.671283,1.14218,0.604815,1.21111,0.507853,1.26934,0.380396,1.31687,0.243954,1.3537,0.137224,1.37982,0.0609885,1.39525,0.0152471,1.4,-5.55112e-17,0.6,0,0.7,4.9258
1.33826,1.48629,0.8,2.84972,0,0,1.4,0,0,0,0,0,0.0204512,0.0225645,0.081805,0.0902579,0.184061,0.20308,0.32722,0.361031,0.511281,0.564112,0.73121,0.80491,0.937059,1.0099,1.11602,1.16024,1.26811,1.25592,1.39331,1.29695,1.49163,1.28333,1.56306,1.21505,1.60762,1.09212,1.62529,0.91454,1.61608,0.682305,1.57998,0.437225,1.51701,0.245939,1.45119,0.109306,1.41217,0.0273266,1.4,0,0.6,0,0.7,5.24972
1.33826,1.48629,1,2.937,0,0,1.4,0,0,0,0,0,0.0217231,0.0239678,0.0868926,0.0958712,0.195508,0.21571,0.34757,0.383485,0.543079,0.599195,0.773236,0.853907,0.973415,1.07596,1.14222,1.24232,1.28553,1.34923,1.40336,1.39667,1.4957,1.38465,1.56254,1.31317,1.6039,1.18222,1.61977,0.99182,1.61015,0.741953,1.57504,0.475694,1.51444,0.267578,1.45087,0.118924,1.41269,0.0297309,1.4,2.22045e-16,0.6,0,0.7,5.337
1.33826,1.48629,1.2,2.96627,0,0,1.4,0,0,0,0,0,0.0221583,0.0244479,0.0886331,0.0977915,0.199424,0.220031,0.354532,0.391166,0.553957,0.611197,0.786407,0.868544,0.98541,1.08988,1.1401,1.26232,1.26038,1.38013,1.36026,1.43521,1.43981,1.4275,1.49906,1.35701,1.53798,1.22373,1.55659,1.02767,1.55489,0.768816,1.53287,0.490875,1.49054,0.273994,1.44063,0.119899,1.41016,0.0285893,1.4,-2.22045e-16,0.6,0,0.7,5.36627
1.33826,1.48629,1.4,2.99046,0,0,1.4,0,0,0,0,0,0.0225212,0.0248483,0.0900848,0.0993933,0.202691,0.223635,0.360339,0.397573,0.56303,0.621208,0.797177,0.880514,0.995435,1.10104,1.14865,1.27188,1.25682,1.39301,1.32656,1.46116,1.38167,1.46448,1.4243,1.4019,1.45445,1.27342,1.47212,1.07904,1.47732,0.818763,1.47003,0.527203,1.45027,0.296551,1.42243,0.131801,1.40501,0.0329502,1.4,0,0.6,0,0.7,5.39046
1.33826,1.48629,1.6,3.03858,0,0,1.4,0,0,0,0,0,0.0232518,0.0256544,0.0930072,0.102618,0.209266,0.23089,0.372029,0.41047,0.581295,0.64136,0.818282,0.903972,1.01494,1.12277,1.1651,1.29026,1.26876,1.40643,1.32591,1.4713,1.34183,1.4829,1.35246,1.42778,1.36357,1.30344,1.37323,1.10987,1.38141,0.847066,1.3881,0.54548,1.39331,0.305271,1.39703,0.134294,1.39926,0.0325471,1.4,0,0.6,0,0.7,5.43858
0.618034,1.90211,0.2,1.54817,0,0,1.4,0,0,0,0,0,0.002767,0.00855165,0.011068,0.0342066,0.0258663,0.0748954,0.0554209,0.112875,0.101625,0.144077,0.16448,0.168503,0.243984,0.18615,0.340138,0.197021,0.452941,0.201115,0.582395,0.198431,0.728145,0.18897,0.869395,0.172732,0.993994,0.149717,1.10194,0.119925,1.19324,0.084715,1.26789,0.0542176,1.3259,0.0304974,1.36725,0.0135544,1.39195,0.0033886,1.4,2.77556e-17,0.6,0,0.7,5.44817
0.618034,1.90211,0.4,1.86891,0,0,1.4,0,0,0,0,0,0.00403223,0.0124619,0.0161289,0.0498477,0.03629,0.112157,0.0645156,0.199391,0.103209,0.30002,0.15889,0.382778,0.231923,0.445912,0.32231,0.489421,0.430048,0.513306,0.55514,0.517566,0.697584,0.502202,0.844714,0.467214,0.974859,0.412601,1.08765,0.338364,1.18309,0.244906,1.26118,0.156676,1.32191,0.0880703,1.36529,0.0390892,1.39132,0.00973244,1.4,0,0.6,0,0.7,6.51891
0.618034,1.90211,0.6,2.41246,0,0,1.4,0,0,0,0,0,0.00671879,0.020765,0.0268752,0.08306,0.0604691,0.186885,0.107501,0.33224,0.16797,0.519097,0.242411,0.704017,0.331304,0.847748,0.43465,0.950292,0.552449,1.01165,0.6847,1.03182,0.820971,1.0108,0.943117,0.948591,1.05081,0.845197,1.14405,0.700615,1.22284,0.514846,1.28717,0.329502,1.33705,0.185345,1.37248,0.0823754,1.39346,0.0205938,1.4,-2.22045e-16,0.6,0,0.7,4.36246
0.618034,1.90211,0.8,3.14257,0,0,1.4,0,0,0,0,0,0.0114009,0.0352355,0.0456037,0.140942,0.102608,0.31712,0.182415,0.563768,0.285023,0.880888,0.395701,1.20928,0.495581,1.46533,0.594149,1.64844,0.692717,1.75862,0.791285,1.79585,0.889853,1.76015,0.988421,1.65151,1.08428,1.46993,1.16804,1.21541,1.23892,0.888007,1.29691,0.56456,1.34201,0.314051,1.37423,0.136481,1.39356,0.0318495,1.4,-3.33067e-16,0.6,0,0.7,5.09257
0.618034,1.90211,1,3.20616,0,0,1.4,0,0,0,0,0,0.011867,0.0366759,0.0474679,0.146703,0.106803,0.330083,0.189871,0.586814,0.296674,0.916896,0.408112,1.25989,0.50484,1.52939,0.601908,1.72297,0.698976,1.84054,0.796044,1.88212,0.893112,1.84769,0.99018,1.73726,1.08545,1.55083,1.16923,1.2884,1.24006,0.949969,1.29794,0.608007,1.34288,0.342004,1.37486,0.152002,1.3939,0.0380005,1.4,-2.22045e-16,0.6,0,0.7,5.15616
0.618034,1.90211,1.2,3.2275,0,0,1.4,0,0,0,0,0,0.0120254,0.0371657,0.0481018,0.148663,0.108229,0.334491,0.192407,0.59465,0.300636,0.929141,0.412079,1.27209,0.499587,1.54097,0.569103,1.73511,0.649059,1.85264,0.74308,1.89333,0.847341,1.85716,0.952086,1.74415,1.05542,1.55428,1.14684,1.28757,1.2242,0.944015,1.28749,0.601528,1.33671,0.335891,1.37187,0.147102,1.39297,0.0351627,1.4,2.22045e-16,0.6,0,0.7,5.1775
0.618034,1.90211,1.4,3.24824,0,0,1.4,0,0,0,0,0,0.0121805,0.037645,0.0487222,0.15058,0.109625,0.338805,0.194889,0.60232,0.304514,0.941125,0.4159,1.28384,0.502959,1.55132,0.565656,1.7435,0.607139,1.8603,0.65947,1.90061,0.73103,1.86416,0.821817,1.75095,0.931832,1.56097,1.0539,1.29424,1.15965,0.950745,1.24618,0.607077,1.31348,0.34017,1.36154,0.150025,1.39039,0.0366419,1.4,-3.33067e-16,0.6,0,0.7,5.19824
0.618034,1.90211,1.6,3.28205,0,0,1.4,0,0,0,0,0,0.0124354,0.0384328,0.0497417,0.153731,0.111919,0.345895,0.198967,0.614924,0.31088,0.960769,0.422051,1.30275,0.50835,1.56786,0.569778,1.75611,0.606336,1.8675,0.619709,1.90206,0.646985,1.86083,0.703336,1.74422,0.788763,1.55224,0.903266,1.28489,1.04505,0.942195,1.17418,0.603005,1.27424,0.33919,1.34522,0.150751,1.38712,0.0376878,1.4,-3.33067e-16,0.6,0,0.7,5.23205
-0.209057,1.98904,0.2,1.64384,0,0,1.4,0,0,0,0,0,-0.00105509,0.0100782,-0.00422036,0.0403126,-0.00612838,0.0862775,0.00885779,0.127421,0.0427073,0.161155,0.0954202,0.187479,0.166996,0.206393,0.257436,0.217897,0.366739,0.221992,0.494905,0.218678,0.641935,0.207953,0.799658,0.189819,0.940722,0.164275,1.06292,0.131322,1.16626,0.0926211,1.25073,0.0592775,1.31634,0.0333436,1.36309,0.0148194,1.39098,0.00370484,1.4,0,0.6,0,0.7,5.84384
-0.209057,1.98904,0.4,2.06694,0,0,1.4,0,0,0,0,0,-0.00166812,0.0159338,-0.0066725,0.0637353,-0.0150131,0.143405,-0.0264639,0.254492,-0.0245138,0.364197,0.00104531,0.452238,0.0502133,0.518616,0.12299,0.56333,0.219376,0.586382,0.339371,0.58777,0.482975,0.567494,0.650188,0.525556,0.825751,0.461954,0.978612,0.37669,1.10786,0.270791,1.21351,0.173306,1.29554,0.0974846,1.35397,0.0433265,1.38878,0.0108316,1.4,1.66533e-16,0.6,0,0.7,8.81686
-0.209057,1.98904,0.6,2.65138,0,0,1.4,0,0,0,0,0,-0.00274483,0.0262185,-0.0109793,0.104874,-0.0247035,0.235966,-0.0439173,0.419496,-0.0648962,0.644526,-0.0628016,0.838132,-0.0330488,0.986851,0.0243622,1.09068,0.109431,1.14963,0.222159,1.16369,0.362545,1.13286,0.530589,1.05715,0.723934,0.936548,0.903489,0.771062,1.05539,0.561081,1.17963,0.359092,1.27621,0.201989,1.34513,0.0897729,1.38639,0.0224432,1.4,-2.22045e-16,0.6,0,0.7,4.00138
-0.209057,1.98904,0.8,3.34734,0,0,1.4,0,0,0,0,0,-0.00437494,0.0417892,-0.0174998,0.167157,-0.0393745,0.376103,-0.0699991,0.668628,-0.108394,1.04082,-0.127404,1.38427,-0.114732,1.64989,-0.0703784,1.83767,0.0056574,1.94762,0.113375,1.97973,0.252775,1.93401,0.423856,1.81045,0.62662,1.60906,0.832096,1.32984,1.00595,0.972929,1.14812,0.622674,1.25862,0.350254,1.33742,0.155669,1.38455,0.0389171,1.4,2.22045e-16,0.6,0,0.7,4.69734
-0.209057,1.98904,1,3.41916,0,0,1.4,0,0,0,0,0,-0.0045647,0.0436018,-0.0182588,0.174407,-0.0410823,0.392416,-0.0730352,0.697628,-0.113697,1.08566,-0.150554,1.43908,-0.16109,1.70993,-0.135603,1.90085,-0.0740935,2.01183,0.023439,2.04286,0.156994,1.99396,0.326572,1.86513,0.532173,1.65635,0.759821,1.36764,0.95657,0.999231,1.1173,0.639508,1.242,0.359723,1.33068,0.159877,1.38334,0.0399692,1.4,6.66134e-16,0.6,0,0.7,4.76916
-0.209057,1.98904,1.2,3.43299,0,0,1.4,0,0,0,0,0,-0.0046017,0.0439552,-0.0184068,0.175821,-0.0414153,0.395597,-0.0736272,0.703283,-0.114539,1.09367,-0.151648,1.44649,-0.179552,1.71139,-0.181973,1.89332,-0.143207,1.99704,-0.063252,2.02256,0.0578908,1.96986,0.220222,1.83896,0.423741,1.62985,0.666155,1.34253,0.89143,0.9776,1.07552,0.625664,1.21841,0.351936,1.32012,0.156416,1.38065,0.039104,1.4,2.22045e-16,0.6,0,0.7,4.78299
-0.209057,1.98904,1.4,3.45236,0,0,1.4,0,0,0,0,0,-0.00465377,0.0444525,-0.0186151,0.17781,-0.0418839,0.400073,-0.0744603,0.711241,-0.115712,1.10483,-0.152743,1.45689,-0.180466,1.72005,-0.198882,1.8943,-0.19275,1.98494,-0.139028,1.99997,-0.0374825,1.93949,0.111887,1.80348,0.309081,1.59195,0.554098,1.30489,0.813554,0.944028,1.02648,0.604178,1.19158,0.33985,1.30886,0.151045,1.37832,0.0377611,1.4,-4.44089e-16,0.6,0,0.7,4.80236
-0.209057,1.98904,1.6,3.47592,0,0,1.4,0,0,0,0,0,-0.00471749,0.0450612,-0.01887,0.180245,-0.0424574,0.405551,-0.0754798,0.72098,-0.117128,1.11831,-0.15406,1.46941,-0.181558,1.73039,-0.19962,1.90125,-0.208247,1.98198,-0.192847,1.97848,-0.122684,1.90315,0.00322966,1.75638,0.184892,1.53818,0.422304,1.24853,0.707138,0.89295,0.957207,0.571488,1.15153,0.321462,1.2901,0.142872,1.37292,0.035718,1.4,0,0.6,0,0.7,4.82592
-1,1.73205,0.2,1.72705,0,0,1.4,0,0,0,0,0,-0.00563215,0.00966366,-0.0225286,0.0386546,-0.0430627,0.0808882,-0.0438796,0.117731,-0.0233501,0.147883,0.0185258,0.171345,0.081748,0.188116,0.166317,0.198197,0.272231,0.201587,0.399493,0.198287,0.5481,0.188296,0.716917,0.171615,0.877014,0.148243,1.01577,0.118181,1.13317,0.083129,1.22923,0.0531223,1.30394,0.0298062,1.35731,0.0131805,1.38933,0.0032454,1.4,-2.77556e-17,0.6,0,0.7,6.22705
-1,1.73205,0.4,2.22397,0,0,1.4,0,0,0,0,0,-0.00933946,0.0160247,-0.0373578,0.0640987,-0.0840552,0.144222,-0.145363,0.2522,-0.18415,0.349743,-0.191476,0.427634,-0.16734,0.485871,-0.111744,0.524454,-0.0246855,0.543385,0.093834,0.542662,0.243815,0.522286,0.425257,0.482257,0.63743,0.422574,0.84075,0.343239,1.01261,0.245666,1.153,0.157226,1.26194,0.0884396,1.33941,0.0393065,1.38543,0.00982662,1.4,0,0.6,0,0.7,8.2522
-1,1.73205,0.6,2.83562,0,0,1.4,0,0,0,0,0,-0.0151831,0.0260512,-0.0607323,0.104205,-0.136648,0.234461,-0.242929,0.416819,-0.357437,0.623962,-0.429279,0.793095,-0.456437,0.92173,-0.438912,1.00987,-0.376704,1.0575,-0.269812,1.06464,-0.118237,1.03128,0.0780223,0.957424,0.318965,0.843066,0.595698,0.68821,0.841457,0.494339,1.04253,0.314488,1.19892,0.175135,1.31063,0.0762818,1.37766,0.0179269,1.4,-3.33067e-16,0.6,0,0.7,3.98562
-1,1.73205,0.8,3.52395,0,0,1.4,0,0,0,0,0,-0.0234489,0.0402337,-0.0937956,0.160935,-0.21104,0.362103,-0.375182,0.643739,-0.574706,0.990012,-0.728025,1.28877,-0.819221,1.51814,-0.848296,1.67812,-0.815248,1.7687,-0.720079,1.78989,-0.562787,1.74169,-0.343374,1.6241,-0.0618382,1.43712,0.281804,1.18074,0.623475,0.855873,0.903024,0.545922,1.12045,0.305363,1.27576,0.134196,1.36894,0.0324213,1.4,-2.22045e-16,0.6,0,0.7,4.57395
-1,1.73205,1,3.58652,0,0,1.4,0,0,0,0,0,-0.024289,0.0416751,-0.0971559,0.1667,-0.218601,0.375076,-0.388624,0.666802,-0.596816,1.02563,-0.768875,1.32829,-0.877751,1.5585,-0.920535,1.71844,-0.897226,1.80809,-0.807826,1.82747,-0.652333,1.77657,-0.430748,1.65539,-0.143071,1.46394,0.210699,1.20221,0.573847,0.871253,0.871262,0.556451,1.10259,0.311926,1.26782,0.137678,1.36695,0.033708,1.4,-5.55112e-16,0.6,0,0.7,4.63652
-1,1.73205,1.2,3.59706,0,0,1.4,0,0,0,0,0,-0.024432,0.0419205,-0.097728,0.167682,-0.219888,0.377285,-0.390912,0.670728,-0.59972,1.03067,-0.773072,1.33169,-0.896431,1.54976,-0.954665,1.69675,-0.943029,1.77641,-0.861522,1.78872,-0.710146,1.73368,-0.4889,1.6113,-0.197784,1.42158,0.163203,1.16451,0.542799,0.841798,0.853964,0.538751,1.09526,0.303047,1.26668,0.134688,1.36824,0.0336719,1.4,2.22045e-16,0.6,0,0.7,4.64706
-1,1.73205,1.4,3.60358,0,0,1.4,0,0,0,0,0,-0.0245206,0.0420726,-0.0980825,0.16829,-0.220686,0.378653,-0.39233,0.673161,-0.60151,1.03377,-0.774689,1.3345,-0.898826,1.55109,-0.973268,1.68407,-0.981289,1.74735,-0.915563,1.74702,-0.776089,1.68307,-0.562869,1.5555,-0.275901,1.36432,0.0848132,1.10953,0.482923,0.795183,0.813831,0.508917,1.07099,0.286266,1.25441,0.127229,1.36407,0.0318073,1.4,-2.22045e-16,0.6,0,0.7,4.65358
-1,1.73205,1.6,3.62002,0,0,1.4,0,0,0,0,0,-0.024745,0.0424575,-0.0989799,0.16983,-0.222705,0.382117,-0.395919,0.67932,-0.606009,1.04157,-0.778741,1.34155,-0.901983,1.55662,-0.975735,1.68677,-0.999619,1.73234,-0.954944,1.71007,-0.831327,1.62926,-0.628767,1.48989,-0.347264,1.29198,0.0131821,1.03551,0.428484,0.731849,0.780661,0.468383,1.05389,0.263466,1.24819,0.117096,1.36353,0.029274,1.4,-2.22045e-16,0.6,0,0.7,4.67002
-1.61803,1.17557,0.2,1.78793,0,0,1.4,0,0,0,0,0,-0.00971544,0.00702231,-0.0388618,0.0280892,-0.0749455,0.0577543,-0.0887232,0.0832689,-0.0789863,0.104106,-0.0457349,0.120266,0.011031,0.131749,0.0913115,0.138554,0.195106,0.140682,0.322416,0.138132,0.47324,0.130905,0.647579,0.119001,0.823894,0.10242,0.976739,0.0811612,1.10607,0.0566955,1.21188,0.0360045,1.29418,0.0199908,1.35297,0.00865439,1.38824,0.00199534,1.4,-5.55112e-17,0.6,0,0.7,6.43793
-1.61803,1.17557,0.4,2.33003,0,0,1.4,0,0,0,0,0,-0.0165,0.0119262,-0.066,0.0477047,-0.1485,0.107336,-0.25255,0.184789,-0.324964,0.252054,-0.35904,0.305602,-0.354779,0.345432,-0.31218,0.371545,-0.231244,0.38394,-0.11197,0.382618,0.0456417,0.367579,0.241591,0.338822,0.475877,0.296348,0.721971,0.240157,0.930811,0.171467,1.10131,0.109739,1.23348,0.0617283,1.32731,0.0274348,1.38279,0.0068587,1.4,5.55112e-17,0.6,0,0.7,4.03003
-1.61803,1.17557,0.6,2.95152,0,0,1.4,0,0,0,0,0,-0.026476,0.0191368,-0.105904,0.0765474,-0.238284,0.172232,-0.423616,0.30619,-0.613011,0.449524,-0.743584,0.565067,-0.815094,0.652675,-0.827541,0.712348,-0.780925,0.744086,-0.675246,0.74789,-0.510504,0.723759,-0.286699,0.671693,-0.0038309,0.591693,0.336865,0.483758,0.661712,0.348825,0.927496,0.223191,1.13422,0.125491,1.28187,0.0557259,1.37047,0.0138956,1.4,0,0.6,0,0.7,3.95152
-1.61803,1.17557,0.8,3.64129,0,0,1.4,0,0,0,0,0,-0.040297,0.0291266,-0.161188,0.116507,-0.362673,0.26214,-0.644752,0.466026,-0.976607,0.708717,-1.23423,0.91195,-1.40459,1.0675,-1.48768,1.17537,-1.4835,1.23556,-1.39206,1.24806,-1.21336,1.21288,-0.947386,1.13002,-0.59415,0.999482,-0.153649,0.821259,0.320137,0.596026,0.710635,0.381457,1.01387,0.21457,1.22983,0.0953642,1.35854,0.0238411,1.4,0,0.6,0,0.7,4.54129
-1.61803,1.17557,1,3.7032,0,0,1.4,0,0,0,0,0,-0.0416789,0.0301255,-0.166716,0.120502,-0.37511,0.271129,-0.666862,0.482007,-1.01254,0.732669,-1.2872,0.935777,-1.47148,1.08997,-1.56476,1.19623,-1.56703,1.25457,-1.47829,1.26498,-1.29856,1.22746,-1.02782,1.14202,-0.66607,1.00865,-0.213321,0.827353,0.278523,0.599087,0.684814,0.383416,1.0001,0.215671,1.22439,0.0958539,1.35767,0.0239635,1.4,2.22045e-16,0.6,0,0.7,4.6032
-1.61803,1.17557,1.2,3.70202,0,0,1.4,0,0,0,0,0,-0.0416524,0.0301063,-0.166609,0.120425,-0.374871,0.270957,-0.666438,0.481701,-1.01203,0.732301,-1.28813,0.933238,-1.47975,1.07591,-1.5803,1.17123,-1.58876,1.2209,-1.50512,1.22492,-1.32939,1.1833,-1.06156,1.09602,-0.701641,0.96309,-0.249627,0.784511,0.248825,0.562567,0.663248,0.358759,0.985577,0.200601,1.21581,0.0880935,1.35395,0.021236,1.4,-1.11022e-16,0.6,0,0.7,4.60202
-1.61803,1.17557,1.4,3.7066,0,0,1.4,0,0,0,0,0,-0.0417554,0.0301808,-0.167022,0.120723,-0.375799,0.271627,-0.668087,0.482893,-1.01399,0.733729,-1.28987,0.934504,-1.48223,1.07492,-1.59004,1.15676,-1.60551,1.1935,-1.52704,1.18791,-1.35463,1.13999,-1.08827,1.04973,-0.727965,0.917135,-0.273718,0.742208,0.23178,0.529175,0.65331,0.338672,0.980896,0.190503,1.21454,0.084668,1.35424,0.021167,1.4,-2.22045e-16,0.6,0,0.7,4.6066
-1.61803,1.17557,1.6,3.71156,0,0,1.4,0,0,0,0,0,-0.0418671,0.0302615,-0.167469,0.121046,-0.376804,0.272354,-0.669874,0.484185,-1.01611,0.735271,-1.29174,0.93587,-1.48363,1.07595,-1.59179,1.1555,-1.61534,1.17611,-1.54532,1.15408,-1.37937,1.09369,-1.11749,0.99493,-0.759672,0.857809,-0.305927,0.682324,0.206743,0.479544,0.637254,0.306908,0.971835,0.172636,1.21049,0.076727,1.3532,0.0191817,1.4,2.22045e-16,0.6,0,0.7,4.61156
-1.9563,0.415823,0.2,1.81959,0,0,1.4,0,0,0,0,0,-0.0121467,0.00257147,-0.0485867,0.0102859,-0.0935513,0.0209523,-0.114705,0.030078,-0.111084,0.0375289,-0.0826881,0.0433051,-0.0295166,0.0474066,0.0484301,0.0498333,0.151152,0.0505852,0.278649,0.0496624,0.430921,0.0470648,0.607969,0.0427925,0.793007,0.0368455,0.954046,0.0292237,1.09031,0.020443,1.2018,0.0130055,1.28851,0.00724273,1.35045,0.00315471,1.38761,0.000741438,1.4,6.93889e-18,0.6,0,0.7,8.57436
-1.9563,0.415823,0.4,2.37675,0,0,1.4,0,0,0,0,0,-0.0207242,0.00438736,-0.082897,0.0175494,-0.186518,0.0394862,-0.314797,0.0674432,-0.40659,0.0913896,-0.456302,0.110408,-0.463936,0.124498,-0.429489,0.13366,-0.352963,0.137894,-0.234358,0.1372,-0.0736729,0.131578,0.129092,0.121028,0.373936,0.10555,0.642568,0.0851432,0.874006,0.0603953,1.06336,0.0384613,1.21064,0.0214553,1.31584,0.00937744,1.37896,0.00222765,1.4,2.77556e-17,0.6,0,0.7,4.07675
-1.9563,0.415823,0.6,3.0124,0,0,1.4,0,0,0,0,0,-0.0332918,0.00704793,-0.133167,0.0281917,-0.299626,0.0634314,-0.532651,0.112764,-0.763118,0.163757,-0.926263,0.204764,-1.02209,0.235785,-1.05059,0.25682,-1.01176,0.267868,-0.905617,0.26893,-0.732148,0.260005,-0.491357,0.241094,-0.183244,0.212197,0.192067,0.173313,0.561696,0.12483,0.864001,0.079891,1.09898,0.0449387,1.26664,0.0199727,1.36698,0.00499319,1.4,0,0.6,0,0.7,3.9124
-1.9563,0.415823,0.8,3.69738,0,0,1.4,0,0,0,0,0,-0.0501532,0.0106175,-0.200613,0.0424701,-0.451379,0.0955577,-0.802451,0.16988,-1.20828,0.25674,-1.52382,0.328441,-1.7383,0.382924,-1.85169,0.420188,-1.86402,0.440234,-1.77527,0.443061,-1.58545,0.428669,-1.29456,0.397059,-0.902588,0.34823,-0.409546,0.282183,0.136583,0.20006,0.591413,0.125666,0.94517,0.0684907,1.19785,0.0285343,1.34946,0.00579646,1.4,0,0.6,0,0.7,4.59738
-1.9563,0.415823,1,3.75533,0,0,1.4,0,0,0,0,0,-0.0517376,0.0109529,-0.20695,0.0438117,-0.465638,0.0985764,-0.827802,0.175247,-1.24947,0.264763,-1.57999,0.336249,-1.80618,0.39036,-1.92801,0.427348,-1.94546,0.447214,-1.85853,0.449957,-1.66724,0.435577,-1.37157,0.404075,-0.971523,0.355451,-0.467106,0.289704,0.0953328,0.207575,0.565013,0.131825,0.93032,0.0731971,1.19125,0.0316921,1.34781,0.00730952,1.4,-5.55112e-17,0.6,0,0.7,4.65533
-1.9563,0.415823,1.2,3.77887,0,0,1.4,0,0,0,0,0,-0.0523885,0.0110907,-0.209554,0.0443629,-0.471496,0.0998165,-0.838215,0.177452,-1.26141,0.267302,-1.59061,0.337383,-1.81481,0.386576,-1.93319,0.41935,-1.94567,0.436085,-1.85226,0.436779,-1.65297,0.421435,-1.34778,0.39005,-0.936695,0.342626,-0.419723,0.279163,0.142837,0.200496,0.605881,0.128317,0.963033,0.0721784,1.21429,0.0320793,1.35966,0.00801983,1.4,5.55112e-17,0.6,0,0.7,4.67887
-1.9563,0.415823,1.4,3.75582,0,0,1.4,0,0,0,0,0,-0.0517512,0.0109558,-0.207005,0.0438233,-0.465761,0.0986023,-0.828019,0.175293,-1.24972,0.264816,-1.58041,0.335209,-1.8076,0.38369,-1.93111,0.411304,-1.95,0.423308,-1.86415,0.420431,-1.67355,0.402674,-1.3782,0.370034,-0.978114,0.322514,-0.473281,0.260113,0.090693,0.18471,0.562044,0.118007,0.928649,0.0661838,1.19051,0.0292421,1.34763,0.00718165,1.4,5.55112e-17,0.6,0,0.7,4.65582
-1.9563,0.415823,1.6,3.76257,0,0,1.4,0,0,0,0,0,-0.0519373,0.0109952,-0.207749,0.0439809,-0.467436,0.098957,-0.830997,0.175923,-1.25315,0.265546,-1.58341,0.335849,-1.8098,0.384161,-1.93232,0.410482,-1.95078,0.415877,-1.86409,0.406846,-1.67206,0.384494,-1.37469,0.348822,-0.97199,0.29983,-0.463948,0.237517,0.100962,0.166505,0.571434,0.106563,0.936567,0.0599419,1.19636,0.0266408,1.35082,0.00666021,1.4,1.11022e-16,0.6,0,0.7,4.66257
-1.9563,-0.415823,0.2,1.81959,0,0,1.4,0,0,0,0,0,-0.0121467,-0.00257147,-0.0485867,-0.0102859,-0.0935513,-0.0209523,-0.114705,-0.030078,-0.111084,-0.0375289,-0.0826881,-0.0433051,-0.0295166,-0.0474066,0.0484301,-0.0498333,0.151152,-0.0505852,0.278649,-0.0496624,0.430921,-0.0470648,0.607969,-0.0427925,0.793007,-0.0368455,0.954046,-0.0292237,1.09031,-0.020443,1.2018,-0.0130055,1.28851,-0.00724273,1.35045,-0.00315471,1.38761,-0.000741438,1.4,-6.93889e-18,0.6,0,0.7,8.57436
-1.9563,-0.415823,0.4,2.37675,0,0,1.4,0,0,0,0,0,-0.0207242,-0.00438736,-0.082897,-0.0175494,-0.186518,-0.0394862,-0.314797,-0.0674432,-0.40659,-0.0913896,-0.456302,-0.110408,-0.463936,-0.124498,-0.429489,-0.13366,-0.352963,-0.137894,-0.234358,-0.1372,-0.0736729,-0.131578,0.129092,-0.121028,0.373936,-0.10555,0.642568,-0.0851432,0.874006,-0.0603953,1.06336,-0.0384613,1.21064,-0.0214553,1.31584,-0.00937744,1.37896,-0.00222765,1.4,-2.77556e-17,0.6,0,0.7,4.07675
-1.9563,-0.415823,0.6,3.0124,0,0,1.4,0,0,0,0,0,-0.0332918,-0.00704793,-0.133167,-0.0281917,-0.299626,-0.0634314,-0.532651,-0.112764,-0.763118,-0.163757,-0.926263,-0.204764,-1.02209,-0.235785,-1.05059,-0.25682,-1.01176,-0.267868,-0.905617,-0.26893,-0.732148,-0.260005,-0.491357,-0.241094,-0.183244,-0.212197,0.192067,-0.173313,0.561696,-0.12483,0.864001,-0.079891,1.09898,-0.0449387,1.26664,-0.0199727,1.36698,-0.00499319,1.4,0,0.6,0,0.7,3.9124
-1.9563,-0.415823,0.8,3.69738,0,0,1.4,0,0,0,0,0,-0.0501532,-0.0106175,-0.200613,-0.0424701,-0.451379,-0.0955577,-0.802451,-0.16988,-1.20828,-0.25674,-1.52382,-0.328441,-1.7383,-0.382924,-1.85169,-0.420188,-1.86402,-0.440234,-1.77527,-0.443061,-1.58545,-0.428669,-1.29456,-0.397059,-0.902588,-0.34823,-0.409546,-0.282183,0.136583,-0.20006,0.591413,-0.125666,0.94517,-0.0684907,1.19785,-0.0285343,1.34946,-0.00579646,1.4,0,0.6,0,0.7,4.59738
-1.9563,-0.415823,1,3.75533,0,0,1.4,0,0,0,0,0,-0.0517376,-0.0109529,-0.20695,-0.0438117,-0.465638,-0.0985764,-0.827802,-0.175247,-1.24947,-0.264763,-1.57999,-0.336249,-1.80618,-0.39036,-1.92801,-0.427348,-1.94546,-0.447214,-1.85853,-0.449957,-1.66724,-0.435577,-1.37157,-0.404075,-0.971523,-0.355451,-0.467106,-0.289704,0.0953328,-0.207575,0.565013,-0.131825,0.93032,-0.0731971,1.19125,-0.0316921,1.34781,-0.00730952,1.4,-8.32667e-17,0.6,0,0.7,4.65533
-1.9563,-0.415823,1.2,3.77887,0,0,1.4,0,0,0,0,0,-0.0523885,-0.0110907,-0.209554,-0.0443629,-0.471496,-0.0998165,-0.838215,-0.177452,-1.26141,-0.267302,-1.59061,-0.337383,-1.81481,-0.386576,-1.93319,-0.41935,-1.94567,-0.436085,-1.85226,-0.436779,-1.65297,-0.421435,-1.34778,-0.39005,-0.936695,-0.342626,-0.419723,-0.279163,0.142837,-0.200496,0.605881,-0.128317,0.963033,-0.0721784,1.21429,-0.0320793,1.35966,-0.00801983,1.4,2.77556e-17,0.6,0,0.7,4.67887
-1.9563,-0.415823,1.4,3.75582,0,0,1.4,0,0,0,0,0,-0.0517512,-0.0109558,-0.207005,-0.0438233,-0.465761,-0.0986023,-0.828019,-0.175293,-1.24972,-0.264816,-1.58041,-0.335209,-1.8076,-0.38369,-1.93111,-0.411304,-1.95,-0.423308,-1.86415,-0.420431,-1.67355,-0.402674,-1.3782,-0.370034,-0.978114,-0.322514,-0.473281,-0.260113,0.090693,-0.18471,0.562044,-0.118007,0.928649,-0.0661838,1.19051,-0.0292421,1.34763,-0.00718165,1.4,-8.32667e-17,0.6,0,0.7,4.65582
-1.9563,-0.415823,1.6,3.76257,0,0,1.4,0,0,0,0,0,-0.0519373,-0.0109952,-0.207749,-0.0439809,-0.467436,-0.098957,-0.830997,-0.175923,-1.25315,-0.265546,-1.58341,-0.335849,-1.8098,-0.384161,-1.93232,-0.410482,-1.95078,-0.415877,-1.86409,-0.406846,-1.67206,-0.384494,-1.37469,-0.348822,-0.97199,-0.29983,-0.463948,-0.237517,0.100962,-0.166505,0.571434,-0.106563,0.936567,-0.0599419,1.19636,-0.0266408,1.35082,-0.00666021,1.4,-5.55112e-17,0.6,0,0.7,4.66257
-1.61803,-1.17557,0.2,1.78793,0,0,1.4,0,0,0,0,0,-0.00971544,-0.00702231,-0.0388618,-0.0280892,-0.0749455,-0.0577543,-0.0887232,-0.0832689,-0.0789863,-0.104106,-0.0457349,-0.120266,0.011031,-0.131749,0.0913115,-0.138554,0.195106,-0.140682,0.322416,-0.138132,0.47324,-0.130905,0.647579,-0.119001,0.823894,-0.10242,0.976739,-0.0811612,1.10607,-0.0566955,1.21188,-0.0360045,1.29418,-0.0199908,1.35297,-0.00865439,1.38824,-0.00199534,1.4,5.55112e-17,0.6,0,0.7,6.43793
-1.61803,-1.17557,0.4,2.33003,0,0,1.4,0,0,0,0,0,-0.0165,-0.0119262,-0.066,-0.0477047,-0.1485,-0.107336,-0.25255,-0.184789,-0.324964,-0.252054,-0.35904,-0.305602,-0.354779,-0.345432,-0.31218,-0.371545,-0.231244,-0.38394,-0.11197,-0.382618,0.0456417,-0.367579,0.241591,-0.338822,0.475877,-0.296348,0.721971,-0.240157,0.930811,-0.171467,1.10131,-0.109739,1.23348,-0.0617283,1.32731,-0.0274348,1.38279,-0.0068587,1.4,-5.55112e-17,0.6,0,0.7,4.03003
-1.61803,-1.17557,0.6,2.95152,0,0,1.4,0,0,0,0,0,-0.026476,-0.0191368,-0.105904,-0.0765474,-0.238284,-0.172232,-0.423616,-0.30619,-0.613011,-0.449524,-0.743584,-0.565067,-0.815094,-0.652675,-0.827541,-0.712348,-0.780925,-0.744086,-0.675246,-0.74789,-0.510504,-0.723759,-0.286699,-0.671693,-0.0038309,-0.591693,0.336865,-0.483758,0.661712,-0.348825,0.927496,-0.223191,1.13422,-0.125491,1.28187,-0.0557259,1.37047,-0.0138956,1.4,0,0.6,0,0.7,3.95152
-1.61803,-1.17557,0.8,3.64129,0,0,1.4,0,0,0,0,0,-0.040297,-0.0291266,-0.161188,-0.116507,-0.362673,-0.26214,-0.644752,-0.466026,-0.976607,-0.708717,-1.23423,-0.91195,-1.40459,-1.0675,-1.48768,-1.17537,-1.4835,-1.23556,-1.39206,-1.24806,-1.21336,-1.21288,-0.947386,-1.13002,-0.59415,-0.999482,-0.153649,-0.821259,0.320137,-0.596026,0.710635,-0.381457,1.01387,-0.21457,1.22983,-0.0953642,1.35854,-0.0238411,1.4,0,0.6,0,0.7,4.54129
-1.61803,-1.17557,1,3.7032,0,0,1.4,0,0,0,0,0,-0.0416789,-0.0301255,-0.166716,-0.120502,-0.37511,-0.271129,-0.666862,-0.482007,-1.01254,-0.732669,-1.2872,-0.935777,-1.47148,-1.08997,-1.56476,-1.19623,-1.56703,-1.25457,-1.47829,-1.26498,-1.29856,-1.22746,-1.02782,-1.14202,-0.66607,-1.00865,-0.213321,-0.827353,0.278523,-0.599087,0.684814,-0.383416,1.0001,-0.215671,1.22439,-0.0958539,1.35767,-0.0239635,1.4,-2.22045e-16,0.6,0,0.7,4.6032
-1.61803,-1.17557,1.2,3.70202,0,0,1.4,0,0,0,0,0,-0.0416524,-0.0301063,-0.166609,-0.120425,-0.374871,-0.270957,-0.666438,-0.481701,-1.01203,-0.732301,-1.28813,-0.933238,-1.47975,-1.07591,-1.5803,-1.17123,-1.58876,-1.2209,-1.50512,-1.22492,-1.32939,-1.1833,-1.06156,-1.09602,-0.701641,-0.96309,-0.249627,-0.784511,0.248825,-0.562567,0.663248,-0.358759,0.985577,-0.200601,1.21581,-0.0880935,1.35395,-0.021236,1.4,-1.11022e-16,0.6,0,0.7,4.60202
-1.61803,-1.17557,1.4,3.7066,0,0,1.4,0,0,0,0,0,-0.0417554,-0.0301808,-0.167022,-0.120723,-0.375799,-0.271627,-0.668087,-0.482893,-1.01399,-0.733729,-1.28987,-0.934504,-1.48223,-1.07492,-1.59004,-1.15676,-1.60551,-1.1935,-1.52704,-1.18791,-1.35463,-1.13999,-1.08827,-1.04973,-0.727965,-0.917135,-0.273718,-0.742208,0.23178,-0.529175,0.65331,-0.338672,0.980896,-0.190503,1.21454,-0.084668,1.35424,-0.021167,1.4,1.11022e-16,0.6,0,0.7,4.6066
-1.61803,-1.17557,1.6,3.71156,0,0,1.4,0,0,0,0,0,-0.0418671,-0.0302615,-0.167469,-0.121046,-0.376804,-0.272354,-0.669874,-0.484185,-1.01611,-0.735271,-1.29174,-0.93587,-1.48363,-1.07595,-1.59179,-1.1555,-1.61534,-1.17611,-1.54532,-1.15408,-1.37937,-1.09369,-1.11749,-0.99493,-0.759672,-0.857809,-0.305927,-0.682324,0.206743,-0.479544,0.637254,-0.306908,0.971835,-0.172636,1.21049,-0.076727,1.3532,-0.0191817,1.4,1.11022e-16,0.6,0,0.7,4.61156
-1,-1.73205,0.2,1.72705,0,0,1.4,0,0,0,0,0,-0.00563215,-0.00966366,-0.0225286,-0.0386546,-0.0430627,-0.0808882,-0.0438796,-0.117731,-0.0233501,-0.147883,0.0185258,-0.171345,0.081748,-0.188116,0.166317,-0.198197,0.272231,-0.201587,0.399493,-0.198287,0.5481,-0.188296,0.716917,-0.171615,0.877014,-0.148243,1.01577,-0.118181,1.13317,-0.083129,1.22923,-0.0531223,1.30394,-0.0298062,1.35731,-0.0131805,1.38933,-0.0032454,1.4,2.77556e-17,0.6,0,0.7,6.22705
-1,-1.73205,0.4,2.22397,0,0,1.4,0,0,0,0,0,-0.00933946,-0.0160247,-0.0373578,-0.0640987,-0.0840552,-0.144222,-0.145363,-0.2522,-0.18415,-0.349743,-0.191476,-0.427634,-0.16734,-0.485871,-0.111744,-0.524454,-0.0246855,-0.543385,0.093834,-0.542662,0.243815,-0.522286,0.425257,-0.482257,0.63743,-0.422574,0.84075,-0.343239,1.01261,-0.245666,1.153,-0.157226,1.26194,-0.0884396,1.33941,-0.0393065,1.38543,-0.00982662,1.4,0,0.6,0,0.7,8.2522
-1,-1.73205,0.6,2.83562,0,0,1.4,0,0,0,0,0,-0.0151831,-0.0260512,-0.0607323,-0.104205,-0.136648,-0.234461,-0.242929,-0.416819,-0.357437,-0.623962,-0.429279,-0.793095,-0.456437,-0.92173,-0.438912,-1.00987,-0.376704,-1.0575,-0.269812,-1.06464,-0.118237,-1.03128,0.0780223,-0.957424,0.318965,-0.843066,0.595698,-0.68821,0.841457,-0.494339,1.04253,-0.314488,1.19892,-0.175135,1.31063,-0.0762818,1.37766,-0.0179269,1.4,3.33067e-16,0.6,0,0.7,3.98562
-1,-1.73205,0.8,3.52395,0,0,1.4,0,0,0,0,0,-0.0234489,-0.0402337,-0.0937956,-0.160935,-0.21104,-0.362103,-0.375182,-0.643739,-0.574706,-0.990012,-0.728025,-1.28877,-0.819221,-1.51814,-0.848296,-1.67812,-0.815248,-1.7687,-0.720079,-1.78989,-0.562787,-1.74169,-0.343374,-1.6241,-0.0618382,-1.43712,0.281804,-1.18074,0.623475,-0.855873,0.903024,-0.545922,1.12045,-0.305363,1.27576,-0.134196,1.36894,-0.0324213,1.4,2.22045e-16,0.6,0,0.7,4.57395
-1,-1.73205,1,3.58652,0,0,1.4,0,0,0,0,0,-0.024289,-0.0416751,-0.0971559,-0.1667,-0.218601,-0.375076,-0.388624,-0.666802,-0.596816,-1.02563,-0.768875,-1.32829,-0.877751,-1.5585,-0.920535,-1.71844,-0.897226,-1.80809,-0.807826,-1.82747,-0.652333,-1.77657,-0.430748,-1.65539,-0.143071,-1.46394,0.210699,-1.20221,0.573847,-0.871253,0.871262,-0.556451,1.10259,-0.311926,1.26782,-0.137678,1.36695,-0.033708,1.4,2.22045e-16,0.6,0,0.7,4.63652
-1,-1.73205,1.2,3.59706,0,0,1.4,0,0,0,0,0,-0.024432,-0.0419205,-0.097728,-0.167682,-0.219888,-0.377285,-0.390912,-0.670728,-0.59972,-1.03067,-0.773072,-1.33169,-0.896431,-1.54976,-0.954665,-1.69675,-0.943029,-1.77641,-0.861522,-1.78872,-0.710146,-1.73368,-0.4889,-1.6113,-0.197784,-1.42158,0.163203,-1.16451,0.542799,-0.841798,0.853964,-0.538751,1.09526,-0.303047,1.26668,-0.134688,1.36824,-0.0336719,1.4,0,0.6,0,0.7,4.64706
-1,-1.73205,1.4,3.60358,0,0,1.4,0,0,0,0,0,-0.0245206,-0.0420726,-0.0980825,-0.16829,-0.220686,-0.378653,-0.39233,-0.673161,-0.60151,-1.03377,-0.774689,-1.3345,-0.898826,-1.55109,-0.973268,-1.68407,-0.981289,-1.74735,-0.915563,-1.74702,-0.776089,-1.68307,-0.562869,-1.5555,-0.275901,-1.36432,0.0848132,-1.10953,0.482923,-0.795183,0.813831,-0.508917,1.07099,-0.286266,1.25441,-0.127229,1.36407,-0.0318073,1.4,0,0.6,0,0.7,4.65358
-1,-1.73205,1.6,3.62002,0,0,1.4,0,0,0,0,0,-0.024745,-0.0424575,-0.0989799,-0.16983,-0.222705,-0.382117,-0.395919,-0.67932,-0.606009,-1.04157,-0.778741,-1.34155,-0.901983,-1.55662,-0.975735,-1.68677,-0.999619,-1.73234,-0.954944,-1.71007,-0.831327,-1.62926,-0.628767,-1.48989,-0.347264,-1.29198,0.0131821,-1.03551,0.428484,-0.731849,0.780661,-0.468383,1.05389,-0.263466,1.24819,-0.117096,1.36353,-0.029274,1.4,-1.11022e-16,0.6,0,0.7,4.67002
-0.209057,-1.98904,0.2,1.64384,0,0,1.4,0,0,0,0,0,-0.00105509,-0.0100782,-0.00422036,-0.0403126,-0.00612838,-0.0862775,0.00885779,-0.127421,0.0427073,-0.161155,0.0954202,-0.187479,0.166996,-0.206393,0.257436,-0.217897,0.366739,-0.221992,0.494905,-0.218678,0.641935,-0.207953,0.799658,-0.189819,0.940722,-0.164275,1.06292,-0.131322,1.16626,-0.0926211,1.25073,-0.0592775,1.31634,-0.0333436,1.36309,-0.0148194,1.39098,-0.00370484,1.4,0,0.6,0,0.7,5.84384
-0.209057,-1.98904,0.4,2.06694,0,0,1.4,0,0,0,0,0,-0.00166812,-0.0159338,-0.0066725,-0.0637353,-0.0150131,-0.143405,-0.0264639,-0.254492,-0.0245138,-0.364197,0.00104531,-0.452238,0.0502133,-0.518616,0.12299,-0.56333,0.219376,-0.586382,0.339371,-0.58777,0.482975,-0.567494,0.650188,-0.525556,0.825751,-0.461954,0.978612,-0.37669,1.10786,-0.270791,1.21351,-0.173306,1.29554,-0.0974846,1.35397,-0.0433265,1.38878,-0.0108316,1.4,-1.66533e-16,0.6,0,0.7,8.81686
-0.209057,-1.98904,0.6,2.65138,0,0,1.4,0,0,0,0,0,-0.00274483,-0.0262185,-0.0109793,-0.104874,-0.0247035,-0.235966,-0.0439173,-0.419496,-0.0648962,-0.644526,-0.0628016,-0.838132,-0.0330488,-0.986851,0.0243622,-1.09068,0.109431,-1.14963,0.222159,-1.16369,0.362545,-1.13286,0.530589,-1.05715,0.723934,-0.936548,0.903489,-0.771062,1.05539,-0.561081,1.17963,-0.359092,1.27621,-0.201989,1.34513,-0.0897729,1.38639,-0.0224432,1.4,2.22045e-16,0.6,0,0.7,4.00138
-0.209057,-1.98904,0.8,3.34734,0,0,1.4,0,0,0,0,0,-0.00437494,-0.0417892,-0.0174998,-0.167157,-0.0393745,-0.376103,-0.0699991,-0.668628,-0.108394,-1.04082,-0.127404,-1.38427,-0.114732,-1.64989,-0.0703784,-1.83767,0.0056574,-1.94762,0.113375,-1.97973,0.252775,-1.93401,0.423856,-1.81045,0.62662,-1.60906,0.832096,-1.32984,1.00595,-0.972929,1.14812,-0.622674,1.25862,-0.350254,1.33742,-0.155669,1.38455,-0.0389171,1.4,-2.22045e-16,0.6,0,0.7,4.69734
-0.209057,-1.98904,1,3.41916,0,0,1.4,0,0,0,0,0,-0.0045647,-0.0436018,-0.0182588,-0.174407,-0.0410823,-0.392416,-0.0730352,-0.697628,-0.113697,-1.08566,-0.150554,-1.43908,-0.16109,-1.70993,-0.135603,-1.90085,-0.0740935,-2.01183,0.023439,-2.04286,0.156994,-1.99396,0.326572,-1.86513,0.532173,-1.65635,0.759821,-1.36764,0.95657,-0.999231,1.1173,-0.639508,1.242,-0.359723,1.33068,-0.159877,1.38334,-0.0399692,1.4,6.66134e-16,0.6,0,0.7,4.76916
-0.209057,-1.98904,1.2,3.43299,0,0,1.4,0,0,0,0,0,-0.0046017,-0.0439552,-0.0184068,-0.175821,-0.0414153,-0.395597,-0.0736272,-0.703283,-0.114539,-1.09367,-0.151648,-1.44649,-0.179552,-1.71139,-0.181973,-1.89332,-0.143207,-1.99704,-0.063252,-2.02256,0.0578908,-1.96986,0.220222,-1.83896,0.423741,-1.62985,0.666155,-1.34253,0.89143,-0.9776,1.07552,-0.625664,1.21841,-0.351936,1.32012,-0.156416,1.38065,-0.039104,1.4,0,0.6,0,0.7,4.78299
-0.209057,-1.98904,1.4,3.45236,0,0,1.4,0,0,0,0,0,-0.00465377,-0.0444525,-0.0186151,-0.17781,-0.0418839,-0.400073,-0.0744603,-0.711241,-0.115712,-1.10483,-0.152743,-1.45689,-0.180466,-1.72005,-0.198882,-1.8943,-0.19275,-1.98494,-0.139028,-1.99997,-0.0374825,-1.93949,0.111887,-1.80348,0.309081,-1.59195,0.554098,-1.30489,0.813554,-0.944028,1.02648,-0.604178,1.19158,-0.33985,1.30886,-0.151045,1.37832,-0.0377611,1.4,2.22045e-16,0.6,0,0.7,4.80236
-0.209057,-1.98904,1.6,3.47592,0,0,1.4,0,0,0,0,0,-0.00471749,-0.0450612,-0.01887,-0.180245,-0.0424574,-0.405551,-0.0754798,-0.72098,-0.117128,-1.11831,-0.15406,-1.46941,-0.181558,-1.73039,-0.19962,-1.90125,-0.208247,-1.98198,-0.192847,-1.97848,-0.122684,-1.90315,0.00322966,-1.75638,0.184892,-1.53818,0.422304,-1.24853,0.707138,-0.89295,0.957207,-0.571488,1.15153,-0.321462,1.2901,-0.142872,1.37292,-0.035718,1.4,3.33067e-16,0.6,0,0.7,4.82592
0.618034,-1.90211,0.2,1.54817,0,0,1.4,0,0,0,0,0,0.002767,-0.00855165,0.011068,-0.0342066,0.0258663,-0.0748954,0.0554209,-0.112875,0.101625,-0.144077,0.16448,-0.168503,0.243984,-0.18615,0.340138,-0.197021,0.452941,-0.201115,0.582395,-0.198431,0.728145,-0.18897,0.869395,-0.172732,0.993994,-0.149717,1.10194,-0.119925,1.19324,-0.084715,1.26789,-0.0542176,1.3259,-0.0304974,1.36725,-0.0135544,1.39195,-0.0033886,1.4,-2.77556e-17,0.6,0,0.7,5.44817
0.618034,-1.90211,0.4,1.86891,0,0,1.4,0,0,0,0,0,0.00403223,-0.0124619,0.0161289,-0.0498477,0.03629,-0.112157,0.0645156,-0.199391,0.103209,-0.30002,0.15889,-0.382778,0.231923,-0.445912,0.32231,-0.489421,0.430048,-0.513306,0.55514,-0.517566,0.697584,-0.502202,0.844714,-0.467214,0.974859,-0.412601,1.08765,-0.338364,1.18309,-0.244906,1.26118,-0.156676,1.32191,-0.0880703,1.36529,-0.0390892,1.39132,-0.00973244,1.4,0,0.6,0,0.7,6.51891
0.618034,-1.90211,0.6,2.41246,0,0,1.4,0,0,0,0,0,0.00671879,-0.020765,0.0268752,-0.08306,0.0604691,-0.186885,0.107501,-0.33224,0.16797,-0.519097,0.242411,-0.704017,0.331304,-0.847748,0.43465,-0.950292,0.552449,-1.01165,0.6847,-1.03182,0.820971,-1.0108,0.943117,-0.948591,1.05081,-0.845197,1.14405,-0.700615,1.22284,-0.514846,1.28717,-0.329502,1.33705,-0.185345,1.37248,-0.0823754,1.39346,-0.0205938,1.4,2.22045e-16,0.6,0,0.7,4.36246
0.618034,-1.90211,0.8,3.14257,0,0,1.4,0,0,0,0,0,0.0114009,-0.0352355,0.0456037,-0.140942,0.102608,-0.31712,0.182415,-0.563768,0.285023,-0.880888,0.395701,-1.20928,0.495581,-1.46533,0.594149,-1.64844,0.692717,-1.75862,0.791285,-1.79585,0.889853,-1.76015,0.988421,-1.65151,1.08428,-1.46993,1.16804,-1.21541,1.23892,-0.888007,1.29691,-0.56456,1.34201,-0.314051,1.37423,-0.136481,1.39356,-0.0318495,1.4,3.33067e-16,0.6,0,0.7,5.09257
0.618034,-1.90211,1,3.20616,0,0,1.4,0,0,0,0,0,0.011867,-0.0366759,0.0474679,-0.146703,0.106803,-0.330083,0.189871,-0.586814,0.296674,-0.916896,0.408112,-1.25989,0.50484,-1.52939,0.601908,-1.72297,0.698976,-1.84054,0.796044,-1.88212,0.893112,-1.84769,0.99018,-1.73726,1.08545,-1.55083,1.16923,-1.2884,1.24006,-0.949969,1.29794,-0.608007,1.34288,-0.342004,1.37486,-0.152002,1.3939,-0.0380005,1.4,2.22045e-16,0.6,0,0.7,5.15616
0.618034,-1.90211,1.2,3.2275,0,0,1.4,0,0,0,0,0,0.0120254,-0.0371657,0.0481018,-0.148663,0.108229,-0.334491,0.192407,-0.59465,0.300636,-0.929141,0.412079,-1.27209,0.499587,-1.54097,0.569103,-1.73511,0.649059,-1.85264,0.74308,-1.89333,0.847341,-1.85716,0.952086,-1.74415,1.05542,-1.55428,1.14684,-1.28757,1.2242,-0.944015,1.28749,-0.601528,1.33671,-0.335891,1.37187,-0.147102,1.39297,-0.0351627,1.4,-2.22045e-16,0.6,0,0.7,5.1775
0.618034,-1.90211,1.4,3.24824,0,0,1.4,0,0,0,0,0,0.0121805,-0.037645,0.0487222,-0.15058,0.109625,-0.338805,0.194889,-0.60232,0.304514,-0.941125,0.4159,-1.28384,0.502959,-1.55132,0.565656,-1.7435,0.607139,-1.8603,0.65947,-1.90061,0.73103,-1.86416,0.821817,-1.75095,0.931832,-1.56097,1.0539,-1.29424,1.15965,-0.950745,1.24618,-0.607077,1.31348,-0.34017,1.36154,-0.150025,1.39039,-0.0366419,1.4,3.33067e-16,0.6,0,0.7,5.19824
0.618034,-1.90211,1.6,3.28205,0,0,1.4,0,0,0,0,0,0.0124354,-0.0384328,0.0497417,-0.153731,0.111919,-0.345895,0.198967,-0.614924,0.31088,-0.960769,0.422051,-1.30275,0.50835,-1.56786,0.569778,-1.75611,0.606336,-1.8675,0.619709,-1.90206,0.646985,-1.86083,0.703336,-1.74422,0.788763,-1.55224,0.903266,-1.28489,1.04505,-0.942195,1.17418,-0.603005,1.27424,-0.33919,1.34522,-0.150751,1.38712,-0.0376878,1.4,3.33067e-16,0.6,0,0.7,5.23205
1.33826,-1.48629,0.2,1.4559,0,0,1.4,0,0,0,0,0,0.00533801,-0.00588958,0.021352,-0.0235583,0.048182,-0.0524686,0.0888504,-0.0810087,0.144583,-0.10447,0.215379,-0.122851,0.30124,-0.136154,0.402165,-0.144377,0.518154,-0.147521,0.649207,-0.145585,0.789904,-0.138571,0.917949,-0.126477,1.03093,-0.109304,1.12885,-0.0870517,1.2117,-0.0609454,1.27949,-0.038603,1.33221,-0.0213399,1.36987,-0.00915604,1.39247,-0.00205142,1.4,-2.77556e-17,0.6,0,0.7,5.0559
1.33826,-1.48629,0.4,1.64781,0,0,1.4,0,0,0,0,0,0.00683799,-0.00754456,0.027352,-0.0301782,0.0615419,-0.067901,0.109408,-0.120713,0.170957,-0.188304,0.246642,-0.252272,0.336727,-0.30184,0.441212,-0.337008,0.560096,-0.357776,0.693381,-0.364144,0.828762,-0.356112,0.949825,-0.333681,1.05649,-0.296849,1.14875,-0.245618,1.22662,-0.179999,1.29008,-0.115199,1.33915,-0.0647995,1.37381,-0.0287998,1.39407,-0.00719995,1.4,0,0.6,0,0.7,5.69781
1.33826,-1.48629,0.6,2.0758,0,0,1.4,0,0,0,0,0,0.0108514,-0.0119727,0.0434058,-0.0478909,0.097663,-0.107754,0.173623,-0.191564,0.271286,-0.299318,0.389903,-0.429711,0.51381,-0.546209,0.637717,-0.632212,0.759448,-0.687721,0.87118,-0.712736,0.972212,-0.707257,1.06254,-0.671283,1.14218,-0.604815,1.21111,-0.507853,1.26934,-0.380396,1.31687,-0.243954,1.3537,-0.137224,1.37982,-0.0609885,1.39525,-0.0152471,1.4,5.55112e-17,0.6,0,0.7,4.9258
1.33826,-1.48629,0.8,2.84972,0,0,1.4,0,0,0,0,0,0.0204512,-0.0225645,0.081805,-0.0902579,0.184061,-0.20308,0.32722,-0.361031,0.511281,-0.564112,0.73121,-0.80491,0.937059,-1.0099,1.11602,-1.16024,1.26811,-1.25592,1.39331,-1.29695,1.49163,-1.28333,1.56306,-1.21505,1.60762,-1.09212,1.62529,-0.91454,1.61608,-0.682305,1.57998,-0.437225,1.51701,-0.245939,1.45119,-0.109306,1.41217,-0.0273266,1.4,0,0.6,0,0.7,5.24972
1.33826,-1.48629,1,2.937,0,0,1.4,0,0,0,0,0,0.0217231,-0.0239678,0.0868926,-0.0958712,0.195508,-0.21571,0.34757,-0.383485,0.543079,-0.599195,0.773236,-0.853907,0.973415,-1.07596,1.14222,-1.24232,1.28553,-1.34923,1.40336,-1.39667,1.4957,-1.38465,1.56254,-1.31317,1.6039,-1.18222,1.61977,-0.99182,1.61015,-0.741953,1.57504,-0.475694,1.51444,-0.267578,1.45087,-0.118924,1.41269,-0.0297309,1.4,2.22045e-16,0.6,0,0.7,5.337
1.33826,-1.48629,1.2,2.96627,0,0,1.4,0,0,0,0,0,0.0221583,-0.0244479,0.0886331,-0.0977915,0.199424,-0.220031,0.354532,-0.391166,0.553957,-0.611197,0.786407,-0.868544,0.98541,-1.08988,1.1401,-1.26232,1.26038,-1.38013,1.36026,-1.43521,1.43981,-1.4275,1.49906,-1.35701,1.53798,-1.22373,1.55659,-1.02767,1.55489,-0.768816,1.53287,-0.490875,1.49054,-0.273994,1.44063,-0.119899,1.41016,-0.0285893,1.4,5.55112e-16,0.6,0,0.7,5.36627
1.33826,-1.48629,1.4,2.99046,0,0,1.4,0,0,0,0,0,0.0225212,-0.0248483,0.0900848,-0.0993933,0.202691,-0.223635,0.360339,-0.397573,0.56303,-0.621208,0.797177,-0.880514,0.995435,-1.10104,1.14865,-1.27188,1.25682,-1.39301,1.32656,-1.46116,1.38167,-1.46448,1.4243,-1.4019,1.45445,-1.27342,1.47212,-1.07904,1.47732,-0.818763,1.47003,-0.527203,1.45027,-0.296551,1.42243,-0.131801,1.40501,-0.0329502,1.4,-1.11022e-16,0.6,0,0.7,5.39046
1.33826,-1.48629,1.6,3.03858,0,0,1.4,0,0,0,0,0,0.0232518,-0.0256544,0.0930072,-0.102618,0.209266,-0.23089,0.372029,-0.41047,0.581295,-0.64136,0.818282,-0.903972,1.01494,-1.12277,1.1651,-1.29026,1.26876,-1.40643,1.32591,-1.4713,1.34183,-1.4829,1.35246,-1.42778,1.36357,-1.30344,1.37323,-1.10987,1.38141,-0.847066,1.3881,-0.54548,1.39331,-0.305271,1.39703,-0.134294,1.39926,-0.0325471,1.4,-3.33067e-16,0.6,0,0.7,5.43858
1.82709,-0.813473,0.2,1.39727,0,0,1.4,0,0,0,0,0,0.00669328,-0.00296693,0.0267731,-0.0118677,0.060249,-0.0266212,0.107745,-0.0419001,0.169636,-0.0544988,0.245923,-0.0644173,0.336605,-0.0716556,0.441682,-0.0762137,0.561155,-0.0780916,0.695023,-0.0772893,0.830261,-0.0738067,0.951139,-0.067644,1.05762,-0.058801,1.14971,-0.0472779,1.2274,-0.0335026,1.29069,-0.0214417,1.33959,-0.0120609,1.3741,-0.00536042,1.39421,-0.0013401,1.4,-1.38778e-17,0.6,0,0.7,4.84727
1.82709,-0.813473,0.4,1.44726,0,0,1.4,0,0,0,0,0,0.00718074,-0.003183,0.028723,-0.012732,0.0646267,-0.028647,0.114892,-0.0509281,0.179519,-0.0795751,0.25844,-0.113033,0.351207,-0.140858,0.457736,-0.161107,0.578028,-0.173782,0.711883,-0.178883,0.842625,-0.176408,0.959605,-0.166359,1.06282,-0.148735,1.15228,-0.123536,1.22797,-0.0907632,1.2899,-0.0574766,1.33807,-0.0317557,1.37248,-0.0136095,1.39312,-0.00303802,1.4,-1.38778e-17,0.6,0,0.7,5.04726
1.82709,-0.813473,0.6,1.62798,0,0,1.4,0,0,0,0,0,0.00908608,-0.00402758,0.0363443,-0.0161103,0.0817747,-0.0362482,0.145377,-0.0644413,0.227152,-0.10069,0.327099,-0.144993,0.445218,-0.197351,0.579807,-0.252958,0.711107,-0.293987,0.830961,-0.318764,0.93937,-0.32729,1.03633,-0.319564,1.12185,-0.295587,1.19592,-0.255359,1.25855,-0.198878,1.30973,-0.130012,1.34946,-0.0731317,1.37775,-0.032503,1.3946,-0.00812575,1.4,-1.11022e-16,0.6,0,0.7,5.37798
1.82709,-0.813473,0.8,2.57953,0,0,1.4,0,0,0,0,0,0.0228118,-0.0101118,0.0912471,-0.0404471,0.205306,-0.0910059,0.364988,-0.161788,0.570294,-0.252794,0.821224,-0.364024,1.09042,-0.479756,1.32094,-0.567269,1.51101,-0.625549,1.66063,-0.654594,1.76981,-0.654405,1.83854,-0.624982,1.86683,-0.566325,1.85467,-0.478434,1.80207,-0.361308,1.70902,-0.231908,1.58201,-0.13008,1.48089,-0.0574875,1.42022,-0.0141287,1.4,1.11022e-16,0.6,0,0.7,5.42953
1.82709,-0.813473,1,2.67491,0,0,1.4,0,0,0,0,0,0.02453,-0.0108734,0.0981198,-0.0434935,0.22077,-0.0978605,0.392479,-0.173974,0.613249,-0.271835,0.883079,-0.391442,1.16246,-0.515805,1.39425,-0.617138,1.58315,-0.686507,1.72995,-0.722601,1.83464,-0.72542,1.89723,-0.694965,1.91772,-0.631235,1.89611,-0.534231,1.83239,-0.403952,1.72657,-0.258467,1.58946,-0.143953,1.4842,-0.0627128,1.42105,-0.0147476,1.4,0,0.6,0,0.7,5.52491
1.82709,-0.813473,1.2,2.68518,0,0,1.4,0,0,0,0,0,0.0247187,-0.010957,0.0988748,-0.0438282,0.222468,-0.0986134,0.395499,-0.175313,0.617967,-0.273926,0.889873,-0.394454,1.16931,-0.518856,1.39961,-0.621532,1.5805,-0.702266,1.71745,-0.752744,1.81479,-0.766418,1.8725,-0.743288,1.89059,-0.683353,1.86906,-0.586613,1.80792,-0.453069,1.70715,-0.294437,1.57766,-0.165621,1.47882,-0.0736092,1.4196,-0.0184023,1.4,2.22045e-16,0.6,0,0.7,5.53518
1.82709,-0.813473,1.4,2.70411,0,0,1.4,0,0,0,0,0,0.0250683,-0.011112,0.100273,-0.044448,0.225615,-0.100008,0.401093,-0.177792,0.626707,-0.2778,0.902459,-0.400032,1.18183,-0.524434,1.41113,-0.626668,1.59029,-0.706677,1.71931,-0.764463,1.80129,-0.795914,1.84703,-0.786643,1.85745,-0.735409,1.83257,-0.642212,1.77238,-0.507052,1.67689,-0.335409,1.55889,-0.188612,1.47062,-0.0837787,1.41765,-0.020908,1.4,-1.11022e-16,0.6,0,0.7,5.55411
1.82709,-0.813473,1.6,2.7365,0,0,1.4,0,0,0,0,0,0.0256725,-0.0113798,0.10269,-0.0455193,0.231052,-0.102418,0.410759,-0.182077,0.641812,-0.284496,0.924147,-0.409663,1.20298,-0.53386,1.43047,-0.635298,1.60661,-0.713976,1.73141,-0.769894,1.80486,-0.803053,1.82808,-0.812228,1.81792,-0.778819,1.78007,-0.696543,1.71455,-0.565401,1.62134,-0.385927,1.52457,-0.216149,1.45537,-0.0952379,1.41384,-0.0231936,1.4,0,0.6,0,0.7,5.5865
3,0,0.2,1.36626,0,0,1.4,0,0,0,0,0,0.007,0,0.028,0,0.063,0,0.112,0,0.175,0,0.252,0,0.343,0,0.448,0,0.567,0,0.7,0,0.833,0,0.952,0,1.057,0,1.148,0,1.225,0,1.288,0,1.337,0,1.372,0,1.393,0,1.4,0,0.6,0,0.7,4.81626
3,0,0.4,1.36626,0,0,1.4,0,0,0,0,0,0.007,0,0.028,0,0.063,0,0.112,0,0.175,0,0.252,0,0.343,0,0.448,0,0.567,0,0.7,0,0.833,0,0.952,0,1.057,0,1.148,0,1.225,0,1.288,0,1.337,0,1.372,0,1.393,0,1.4,0,0.6,0,0.7,4.81626
3,0,0.6,1.36626,0,0,1.4,0,0,0,0,0,0.007,0,0.028,0,0.063,0,0.112,0,0.175,0,0.252,0,0.343,0,0.448,0,0.567,0,0.7,0,0.833,0,0.952,0,1.057,0,1.148,0,1.225,0,1.288,0,1.337,0,1.372,0,1.393,0,1.4,0,0.6,0,0.7,4.81626
3,0,0.8,2.43266,0,0,1.4,0,0,0,0,0,0.0221918,0,0.0887672,0,0.199726,0,0.355069,0,0.554795,0,0.798905,0,1.07946,0,1.33042,0,1.537,0,1.69919,0,1.817,0,1.89042,0,1.91946,0,1.90412,0,1.84439,0,1.74028,0,1.59973,0,1.48877,0,1.42219,0,1.4,0,0.6,0,0.7,5.43266
3,0,1,3.46059,0,0,1.4,0,0,0,0,0,0.0449086,0,0.179634,0,0.404178,0,0.718538,0,1.12272,0,1.61234,0,2.0667,0,2.43124,0,2.70597,0,2.89088,0,2.98597,0,2.99124,0,2.9067,0,2.73234,0,2.46816,0,2.11854,0,1.80418,0,1.57963,0,1.44491,0,1.4,0,0.6,0,0.7,6.31059
3,0,1.2,3.4606,0,0,1.4,0,0,0,0,0,0.0449089,0,0.179636,0,0.40418,0,0.718542,0,1.12272,0,1.61235,0,2.06671,0,2.43125,0,2.70598,0,2.89089,0,2.98598,0,2.99125,0,2.90671,0,2.73235,0,2.46817,0,2.11854,0,1.80418,0,1.57964,0,1.44491,0,1.4,0,0.6,0,0.7,6.3106
3,0,1.4,3.4606,0,0,1.4,0,0,0,0,0,0.0449089,0,0.179636,0,0.40418,0,0.718542,0,1.12272,0,1.61235,0,2.06671,0,2.43125,0,2.70598,0,2.89089,0,2.98598,0,2.99125,0,2.90671,0,2.73235,0,2.46817,0,2.11854,0,1.80418,0,1.57964,0,1.44491,0,1.4,0,0.6,0,0.7,6.3106
3,0,1.6,3.4606,0,0,1.4,0,0,0,0,0,0.0449089,0,0.179636,0,0.40418,0,0.718542,0,1.12272,0,1.61235,0,2.06671,0,2.43125,0,2.70598,0,2.89089,0,2.98598,0,2.99125,0,2.90671,0,2.73235,0,2.46817,0,2.11854,0,1.80418,0,1.57964,0,1.44491,0,1.4,0,0.6,0,0.7,6.3106
3,0,1.8,3.4606,0,0,1.4,0,0,0,0,0,0.0449089,0,0.179636,0,0.40418,0,0.718542,0,1.12272,0,1.61235,0,2.06671,0,2.43125,0,2.70598,0,2.89089,0,2.98598,0,2.99125,0,2.90671,0,2.73235,0,2.46817,0,2.11854,0,1.80418,0,1.57964,0,1.44491,0,1.4,0,0.6,0,0.7,6.3106
3,0,2,3.4606,0,0,1.4,0,0,0,0,0,0.0449089,0,0.179636,0,0.40418,0,0.718542,0,1.12272,0,1.61235,0,2.06671,0,2.43125,0,2.70598,0,2.89089,0,2.98598,0,2.99125,0,2.90671,0,2.73235,0,2.46817,0,2.11854,0,1.80418,0,1.57964,0,1.44491,0,1.4,0,0.6,0,0.7,6.3106
2.74064,1.22021,0.2,1.39727,0,0,1.4,0,0,0,0,0,0.00669328,0.00296693,0.0267731,0.0118677,0.060249,0.0266212,0.107745,0.0419001,0.169636,0.0544988,0.245923,0.0644173,0.336605,0.0716556,0.441682,0.0762137,0.561155,0.0780916,0.695023,0.0772893,0.830261,0.0738067,0.951139,0.067644,1.05762,0.058801,1.14971,0.0472779,1.2274,0.0335026,1.29069,0.0214417,1.33959,0.0120609,1.3741,0.00536042,1.39421,0.0013401,1.4,1.38778e-17,0.6,0,0.7,4.84727
2.74064,1.22021,0.4,1.44726,0,0,1.4,0,0,0,0,0,0.00718074,0.003183,0.028723,0.012732,0.0646267,0.028647,0.114892,0.0509281,0.179519,0.0795751,0.25844,0.113033,0.351207,0.140858,0.457736,0.161107,0.578028,0.173782,0.711883,0.178883,0.842625,0.176408,0.959605,0.166359,1.06282,0.148735,1.15228,0.123536,1.22797,0.0907632,1.2899,0.0574766,1.33807,0.0317557,1.37248,0.0136095,1.39312,0.00303802,1.4,1.38778e-17,0.6,0,0.7,5.04726
2.74064,1.22021,0.6,1.62798,0,0,1.4,0,0,0,0,0,0.00908608,0.00402758,0.0363443,0.0161103,0.0817747,0.0362482,0.145377,0.0644413,0.227152,0.10069,0.327099,0.144993,0.445218,0.197351,0.579807,0.252958,0.711107,0.293987,0.830961,0.318764,0.93937,0.32729,1.03633,0.319564,1.12185,0.295587,1.19592,0.255359,1.25855,0.198878,1.30973,0.130012,1.34946,0.0731317,1.37775,0.032503,1.3946,0.00812575,1.4,1.11022e-16,0.6,0,0.7,5.37798
2.74064,1.22021,0.8,2.57953,0,0,1.4,0,0,0,0,0,0.0228118,0.0101118,0.0912471,0.0404471,0.205306,0.0910059,0.364988,0.161788,0.570294,0.252794,0.821224,0.364024,1.09042,0.479756,1.32094,0.567269,1.51101,0.625549,1.66063,0.654594,1.76981,0.654405,1.83854,0.624982,1.86683,0.566325,1.85467,0.478434,1.80207,0.361308,1.70902,0.231908,1.58201,0.13008,1.48089,0.0574875,1.42022,0.0141287,1.4,-1.11022e-16,0.6,0,0.7,5.42953
2.74064,1.22021,1,3.53088,0,0,1.4,0,0,0,0,0,0.0427409,0.0189457,0.170963,0.0757829,0.384668,0.170512,0.683854,0.303132,1.06852,0.473643,1.52917,0.677286,1.94526,0.852984,2.28028,0.982095,2.53423,1.06462,2.70711,1.10056,2.79891,1.08991,2.80964,1.03268,2.7393,0.928862,2.58789,0.778457,2.35541,0.581467,2.04477,0.372688,1.76197,0.209637,1.56025,0.093172,1.43959,0.023293,1.4,1.11022e-16,0.6,0,0.7,6.23088
2.74064,1.22021,1.2,3.53397,0,0,1.4,0,0,0,0,0,0.0428157,0.0189789,0.171263,0.0759155,0.385341,0.17081,0.685051,0.303662,1.07039,0.474472,1.53131,0.679101,1.94371,0.862567,2.27432,1.00073,2.52489,1.09025,2.69541,1.13113,2.78589,1.12335,2.79632,1.06693,2.72671,0.961865,2.57706,0.808152,2.34736,0.605792,2.04035,0.388442,1.7602,0.218362,1.56009,0.0969282,1.44002,0.024141,1.4,0,0.6,0,0.7,6.23397
2.74064,1.22021,1.4,3.53802,0,0,1.4,0,0,0,0,0,0.0429139,0.0190224,0.171656,0.0760897,0.386225,0.171202,0.686622,0.304359,1.07285,0.475561,1.53444,0.680494,1.94655,0.864121,2.27286,1.00965,2.5175,1.10949,2.68345,1.15812,2.7707,1.15556,2.77926,1.1018,2.70912,0.996848,2.56029,0.840699,2.33276,0.633353,2.02955,0.406216,1.75412,0.227869,1.55739,0.100719,1.43935,0.0247649,1.4,-1.11022e-16,0.6,0,0.7,6.23802
2.74064,1.22021,1.6,3.54469,0,0,1.4,0,0,0,0,0,0.0430759,0.0190942,0.172304,0.076377,0.387683,0.171848,0.689215,0.305508,1.0769,0.477356,1.53958,0.682785,1.95142,0.866291,2.2771,1.01161,2.51664,1.11874,2.67433,1.18008,2.75496,1.18716,2.75855,1.13999,2.6851,1.03855,2.5346,0.882846,2.30705,0.672882,2.00697,0.434097,1.73967,0.244179,1.54941,0.108524,1.4362,0.0271311,1.4,-2.22045e-16,0.6,0,0.7,6.24469
2.74064,1.22021,1.8,3.54715,0,0,1.4,0,0,0,0,0,0.0431355,0.0191207,0.172542,0.0764827,0.38822,0.172086,0.690169,0.305931,1.07839,0.478017,1.54147,0.683625,1.9532,0.867087,2.27867,1.01231,2.51786,1.11928,2.67078,1.18802,2.74186,1.21118,2.73877,1.17605,2.66164,1.0824,2.51048,0.930243,2.28528,0.719572,1.99153,0.468103,1.73259,0.263308,1.54769,0.117026,1.43683,0.0292564,1.4,3.33067e-16,0.6,0,0.7,6.24715
2.74064,1.22021,2,3.55871,0,0,1.4,0,0,0,0,0,0.0434172,0.0192455,0.173669,0.076982,0.390754,0.17321,0.694675,0.307928,1.08543,0.481138,1.55034,0.687579,1.96159,0.870826,2.286,1.01558,2.52357,1.12185,2.67431,1.18962,2.73822,1.2189,2.72031,1.20239,2.63164,1.12282,2.47259,0.979459,2.24316,0.772315,1.95436,0.510293,1.71021,0.28704,1.53644,0.127573,1.43305,0.0318933,1.4,1.11022e-16,0.6,0,0.7,6.25871
2.00739,2.22943,0.2,1.4559,0,0,1.4,0,0,0,0,0,0.00533801,0.00588958,0.021352,0.0235583,0.048182,0.0524686,0.0888504,0.0810087,0.144583,0.10447,0.215379,0.122851,0.30124,0.136154,0.402165,0.144377,0.518154,0.147521,0.649207,0.145585,0.789904,0.138571,0.917949,0.126477,1.03093,0.109304,1.12885,0.0870517,1.2117,0.0609454,1.27949,0.038603,1.33221,0.0213399,1.36987,0.00915604,1.39247,0.00205142,1.4,2.77556e-17,0.6,0,0.7,5.0559
2.00739,2.22943,0.4,1.64781,0,0,1.4,0,0,0,0,0,0.00683799,0.00754456,0.027352,0.0301782,0.0615419,0.067901,0.109408,0.120713,0.170957,0.188304,0.246642,0.252272,0.336727,0.30184,0.441212,0.337008,0.560096,0.357776,0.693381,0.364144,0.828762,0.356112,0.949825,0.333681,1.05649,0.296849,1.14875,0.245618,1.22662,0.179999,1.29008,0.115199,1.33915,0.0647995,1.37381,0.0287998,1.39407,0.00719995,1.4,0,0.6,0,0.7,5.69781
2.00739,2.22943,0.6,2.0758,0,0,1.4,0,0,0,0,0,0.0108514,0.0119727,0.0434058,0.0478909,0.097663,0.107754,0.173623,0.191564,0.271286,0.299318,0.389903,0.429711,0.51381,0.546209,0.637717,0.632212,0.759448,0.687721,0.87118,0.712736,0.972212,0.707257,1.06254,0.671283,1.14218,0.604815,1.21111,0.507853,1.26934,0.380396,1.31687,0.243954,1.3537,0.137224,1.37982,0.0609885,1.39525,0.0152471,1.4,-5.55112e-17,0.6,0,0.7,4.9258
2.00739,2.22943,0.8,2.84972,0,0,1.4,0,0,0,0,0,0.0204512,0.0225645,0.081805,0.0902579,0.184061,0.20308,0.32722,0.361031,0.511281,0.564112,0.73121,0.80491,0.937059,1.0099,1.11602,1.16024,1.26811,1.25592,1.39331,1.29695,1.49163,1.28333,1.56306,1.21505,1.60762,1.09212,1.62529,0.91454,1.61608,0.682305,1.57998,0.437225,1.51701,0.245939,1.45119,0.109306,1.41217,0.0273266,1.4,0,0.6,0,0.7,5.24972
2.00739,2.22943,1,3.70229,0,0,1.4,0,0,0,0,0,0.0345188,0.0380856,0.138075,0.152343,0.310669,0.342771,0.552301,0.60937,0.86297,0.952141,1.21964,1.34197,1.53056,1.65828,1.78621,1.88791,1.9866,2.03085,2.13173,2.08711,2.22158,2.05668,2.25618,1.93957,2.23551,1.73578,2.15957,1.44531,2.02837,1.06815,1.8419,0.681388,1.64869,0.381029,1.51053,0.167353,1.42763,0.0403614,1.4,-2.22045e-16,0.6,0,0.7,6.10229
2.00739,2.22943,1.2,3.70949,0,0,1.4,0,0,0,0,0,0.0346533,0.038234,0.138613,0.152936,0.31188,0.344106,0.554453,0.611745,0.866333,0.955851,1.22103,1.34886,1.51889,1.67586,1.76238,1.91539,1.95336,2.06607,2.09183,2.12791,2.17778,2.10091,2.21122,1.98506,2.19215,1.78037,2.12056,1.48683,1.99647,1.10445,1.81986,0.706476,1.63631,0.396593,1.50503,0.175554,1.42626,0.0433584,1.4,-2.22045e-16,0.6,0,0.7,6.10949
2.00739,2.22943,1.4,3.7157,0,0,1.4,0,0,0,0,0,0.0347694,0.0383621,0.139078,0.153448,0.312925,0.345259,0.55631,0.613794,0.869235,0.959053,1.22434,1.35254,1.51958,1.681,1.74752,1.93116,1.92366,2.09209,2.051,2.16171,2.12952,2.14,2.15923,2.02697,2.14013,1.82261,2.07222,1.52694,1.95549,1.13995,1.78996,0.730571,1.61935,0.410946,1.49742,0.182643,1.42431,0.0456607,1.4,-4.44089e-16,0.6,0,0.7,6.1157
2.00739,2.22943,1.6,3.72665,0,0,1.4,0,0,0,0,0,0.0349746,0.0385885,0.139898,0.154354,0.314771,0.347296,0.559593,0.617416,0.874364,0.964712,1.23017,1.35901,1.52494,1.68696,1.74976,1.93774,1.90685,2.10987,2.01551,2.19054,2.08022,2.17677,2.10097,2.06858,2.07777,1.86596,2.01061,1.5689,1.89949,1.17742,1.74447,0.755443,1.59243,0.424937,1.48434,0.188861,1.42021,0.0472152,1.4,0,0.6,0,0.7,6.12665
2.00739,2.22943,1.8,3.73863,0,0,1.4,0,0,0,0,0,0.0351999,0.0388371,0.140799,0.155348,0.316799,0.349534,0.563198,0.621393,0.879996,0.970926,1.23652,1.36607,1.53077,1.69346,1.75462,1.94317,1.90807,2.11522,1.99344,2.20818,2.03533,2.20704,2.04039,2.10776,2.00863,1.91032,1.94004,1.61474,1.83462,1.22101,1.69364,0.785192,1.56499,0.44167,1.47317,0.196298,1.41817,0.0490745,1.4,-2.22045e-16,0.6,0,0.7,6.13863
2.00739,2.22943,2,3.7622,0,0,1.4,0,0,0,0,0,0.035645,0.0393282,0.14258,0.157313,0.320805,0.353954,0.57032,0.629252,0.891126,0.983206,1.24893,1.37986,1.54213,1.70611,1.76405,1.95371,1.91467,2.12265,1.994,2.21293,2.00552,2.22294,1.98149,2.13523,1.92978,1.94504,1.85038,1.65237,1.7433,1.25721,1.62148,0.808604,1.52458,0.452739,1.45537,0.199357,1.41384,0.0484565,1.4,-4.44089e-16,0.6,0,0.7,6.1622
0.927051,2.85317,0.2,1.54817,0,0,1.4,0,0,0,0,0,0.002767,0.00855165,0.011068,0.0342066,0.0258663,0.0748954,0.0554209,0.112875,0.101625,0.144077,0.16448,0.168503,0.243984,0.18615,0.340138,0.197021,0.452941,0.201115,0.582395,0.198431,0.728145,0.18897,0.869395,0.172732,0.993994,0.149717,1.10194,0.119925,1.19324,0.084715,1.26789,0.0542176,1.3259,0.0304974,1.36725,0.0135544,1.39195,0.0033886,1.4,2.77556e-17,0.6,0,0.7,5.44817
0.927051,2.85317,0.4,1.86891,0,0,1.4,0,0,0,0,0,0.00403223,0.0124619,0.0161289,0.0498477,0.03629,0.112157,0.0645156,0.199391,0.103209,0.30002,0.15889,0.382778,0.231923,0.445912,0.32231,0.489421,0.430048,0.513306,0.55514,0.517566,0.697584,0.502202,0.844714,0.467214,0.974859,0.412601,1.08765,0.338364,1.18309,0.244906,1.26118,0.156676,1.32191,0.0880703,1.36529,0.0390892,1.39132,0.00973244,1.4,0,0.6,0,0.7,6.51891
0.927051,2.85317,0.6,2.41246,0,0,1.4,0,0,0,0,0,0.00671879,0.020765,0.0268752,0.08306,0.0604691,0.186885,0.107501,0.33224,0.16797,0.519097,0.242411,0.704017,0.331304,0.847748,0.43465,0.950292,0.552449,1.01165,0.6847,1.03182,0.820971,1.0108,0.943117,0.948591,1.05081,0.845197,1.14405,0.700615,1.22284,0.514846,1.28717,0.329502,1.33705,0.185345,1.37248,0.0823754,1.39346,0.0205938,1.4,-2.22045e-16,0.6,0,0.7,4.36246
0.927051,2.85317,0.8,3.14257,0,0,1.4,0,0,0,0,0,0.0114009,0.0352355,0.0456037,0.140942,0.102608,0.31712,0.182415,0.563768,0.285023,0.880888,0.395701,1.20928,0.495581,1.46533,0.594149,1.64844,0.692717,1.75862,0.791285,1.79585,0.889853,1.76015,0.988421,1.65151,1.08428,1.46993,1.16804,1.21541,1.23892,0.888007,1.29691,0.56456,1.34201,0.314051,1.37423,0.136481,1.39356,0.0318495,1.4,-3.33067e-16,0.6,0,0.7,5.09257
0.927051,2.85317,1,3.90267,0,0,1.4,0,0,0,0,0,0.0175831,0.0543419,0.0703323,0.217368,0.158248,0.489077,0.281329,0.869471,0.439577,1.35855,0.613231,1.87117,0.770871,2.27245,0.912097,2.56068,1.03691,2.73587,1.14531,2.798,1.23729,2.7471,1.31286,2.58314,1.37201,2.30614,1.41475,1.9161,1.44107,1.41301,1.45098,0.904368,1.44448,0.508707,1.42185,0.226092,1.40327,0.056523,1.4,-4.44089e-16,0.6,0,0.7,5.85267
0.927051,2.85317,1.2,4.06683,0,0,1.4,0,0,0,0,0,0.0190934,0.0590096,0.0763734,0.236038,0.17184,0.531086,0.305494,0.944154,0.477131,1.47442,0.643525,1.98586,0.786062,2.37617,0.914549,2.64324,1.02899,2.78707,1.12937,2.80764,1.21571,2.70498,1.28799,2.47907,1.34623,2.12991,1.39041,1.65751,1.42054,1.09973,1.43663,0.640703,1.43866,0.304925,1.42664,0.0923925,1.40703,0.00310499,1.4,4.44089e-16,0.6,0,0.7,6.01683
0.927051,2.85317,1.4,3.91827,0,0,1.4,0,0,0,0,0,0.0177238,0.054777,0.0708954,0.219108,0.159515,0.492993,0.283582,0.876433,0.443096,1.36943,0.61023,1.88388,0.742377,2.28995,0.848527,2.58457,0.944874,2.76449,1.03169,2.82967,1.10899,2.78009,1.17675,2.61576,1.23595,2.33668,1.2871,1.94284,1.32871,1.43426,1.36081,0.918011,1.38337,0.516381,1.39641,0.229503,1.4,0.0573757,1.4,0,0.6,0,0.7,5.86827
0.927051,2.85317,1.6,3.93252,0,0,1.4,0,0,0,0,0,0.017853,0.0551762,0.071412,0.220705,0.160677,0.496586,0.285648,0.882819,0.446325,1.37941,0.613492,1.89391,0.745278,2.29886,0.841358,2.59345,0.911185,2.77577,0.974278,2.84261,1.03727,2.79392,1.10026,2.6297,1.16325,2.34996,1.22579,1.9547,1.28056,1.4439,1.32502,0.924212,1.35918,0.519869,1.38303,0.231053,1.39658,0.0577632,1.4,-2.22045e-16,0.6,0,0.7,5.88252
0.927051,2.85317,1.8,3.96009,0,0,1.4,0,0,0,0,0,0.0181042,0.0559526,0.0724168,0.22381,0.162938,0.503573,0.289667,0.895241,0.452605,1.39881,0.619755,1.91317,0.750827,2.31589,0.84569,2.60671,0.904344,2.78562,0.946377,2.85048,0.999384,2.79828,1.06339,2.629,1.13118,2.34263,1.19895,1.93917,1.26038,1.41864,1.31065,0.900812,1.34974,0.500068,1.37766,0.21641,1.39442,0.0498372,1.4,-4.44089e-16,0.6,0,0.7,5.91009
0.927051,2.85317,2,3.96649,0,0,1.4,0,0,0,0,0,0.0181628,0.0561337,0.0726512,0.224535,0.163465,0.505203,0.290605,0.898139,0.45407,1.40334,0.621201,1.91761,0.752103,2.31981,0.84668,2.60974,0.904931,2.7874,0.926856,2.85279,0.935685,2.80437,0.963419,2.63954,1.01025,2.35828,1.07619,1.96057,1.16123,1.44642,1.24718,0.924367,1.31404,0.518617,1.3618,0.229308,1.39045,0.05644,1.4,0,0.6,0,0.7,5.91649
-0.313585,2.98357,0.2,1.64384,0,0,1.4,0,0,0,0,0,-0.00105509,0.0100782,-0.00422036,0.0403126,-0.00612838,0.0862775,0.00885779,0.127421,0.0427073,0.161155,0.0954202,0.187479,0.166996,0.206393,0.257436,0.217897,0.366739,0.221992,0.494905,0.218678,0.641935,0.207953,0.799658,0.189819,0.940722,0.164275,1.06292,0.131322,1.16626,0.0926211,1.25073,0.0592775,1.31634,0.0333436,1.36309,0.0148194,1.39098,0.00370484,1.4,0,0.6,0,0.7,5.84384
-0.313585,2.98357,0.4,2.06694,0,0,1.4,0,0,0,0,0,-0.00166812,0.0159338,-0.0066725,0.0637353,-0.0150131,0.143405,-0.0264639,0.254492,-0.0245138,0.364197,0.00104531,0.452238,0.0502133,0.518616,0.12299,0.56333,0.219376,0.586382,0.339371,0.58777,0.482975,0.567494,0.650188,0.525556,0.825751,0.461954,0.978612,0.37669,1.10786,0.270791,1.21351,0.173306,1.29554,0.0974846,1.35397,0.0433265,1.38878,0.0108316,1.4,1.66533e-16,0.6,0,0.7,8.81686
-0.313585,2.98357,0.6,2.65138,0,0,1.4,0,0,0,0,0,-0.00274483,0.0262185,-0.0109793,0.104874,-0.0247035,0.235966,-0.0439173,0.419496,-0.0648962,0.644526,-0.0628016,0.838132,-0.0330488,0.986851,0.0243622,1.09068,0.109431,1.14963,0.222159,1.16369,0.362545,1.13286,0.530589,1.05715,0.723934,0.936548,0.903489,0.771062,1.05539,0.561081,1.17963,0.359092,1.27621,0.201989,1.34513,0.0897729,1.38639,0.0224432,1.4,-2.22045e-16,0.6,0,0.7,4.00138
-0.313585,2.98357,0.8,3.34734,0,0,1.4,0,0,0,0,0,-0.00437494,0.0417892,-0.0174998,0.167157,-0.0393745,0.376103,-0.0699991,0.668628,-0.108394,1.04082,-0.127404,1.38427,-0.114732,1.64989,-0.0703784,1.83767,0.0056574,1.94762,0.113375,1.97973,0.252775,1.93401,0.423856,1.81045,0.62662,1.60906,0.832096,1.32984,1.00595,0.972929,1.14812,0.622674,1.25862,0.350254,1.33742,0.155669,1.38455,0.0389171,1.4,2.22045e-16,0.6,0,0.7,4.69734
-0.313585,2.98357,1,4.1009,0,0,1.4,0,0,0,0,0,-0.00656646,0.0627225,-0.0262659,0.25089,-0.0590982,0.564503,-0.105063,1.00356,-0.163785,1.5662,-0.205023,2.10276,-0.209646,2.51863,-0.177656,2.8138,-0.109053,2.98827,-0.0038349,3.04204,0.137997,2.97511,0.316442,2.78748,0.526696,2.47915,0.741303,2.05012,0.942328,1.50053,1.10709,0.959026,1.23524,0.538223,1.32677,0.23812,1.38169,0.0587156,1.4,-6.66134e-16,0.6,0,0.7,5.4509
-0.313585,2.98357,1.2,4.10807,0,0,1.4,0,0,0,0,0,-0.00658945,0.0629421,-0.0263578,0.251768,-0.059305,0.566479,-0.105431,1.00707,-0.16454,1.57137,-0.220293,2.10478,-0.245511,2.51606,-0.230657,2.80728,-0.175732,2.97844,-0.0807339,3.02953,0.0543357,2.96057,0.229477,2.77154,0.444683,2.46246,0.67915,2.03331,0.899101,1.48441,1.07942,0.947412,1.21968,0.530478,1.31986,0.233606,1.37996,0.0567946,1.4,0,0.6,0,0.7,5.45807
-0.313585,2.98357,1.4,4.11459,0,0,1.4,0,0,0,0,0,-0.00661035,0.0631418,-0.0264414,0.252567,-0.0594932,0.568276,-0.105766,1.01027,-0.165036,1.57609,-0.221098,2.10917,-0.263351,2.51611,-0.271415,2.80167,-0.235239,2.96822,-0.154823,3.01575,-0.030167,2.94426,0.138729,2.75375,0.351865,2.44423,0.604233,2.01569,0.847,1.46865,1.04608,0.9369,1.20092,0.524164,1.31152,0.230446,1.37788,0.0557449,1.4,4.44089e-16,0.6,0,0.7,5.46459
-0.313585,2.98357,1.6,4.12064,0,0,1.4,0,0,0,0,0,-0.00662982,0.0633277,-0.0265193,0.253311,-0.0596684,0.56995,-0.106077,1.01324,-0.165497,1.58048,-0.221535,2.11332,-0.264312,2.5195,-0.292838,2.79929,-0.282521,2.959,-0.22275,3.00135,-0.113524,2.92635,0.0451576,2.734,0.253294,2.42429,0.510884,1.99723,0.781815,1.45359,1.00436,0.928174,1.17745,0.520109,1.30109,0.229397,1.37527,0.0560372,1.4,-4.44089e-16,0.6,0,0.7,5.47064
-0.313585,2.98357,1.8,4.12749,0,0,1.4,0,0,0,0,0,-0.00665187,0.0635384,-0.0266075,0.254153,-0.0598669,0.571845,-0.10643,1.01661,-0.166017,1.58542,-0.222026,2.11799,-0.264732,2.52348,-0.294134,2.8019,-0.30858,2.95371,-0.278124,2.9875,-0.191626,2.90647,-0.0490849,2.71061,0.149499,2.39993,0.404125,1.97443,0.699532,1.43531,0.951711,0.918598,1.14785,0.516711,1.28794,0.229649,1.37199,0.0574124,1.4,-4.44089e-16,0.6,0,0.7,5.47749
-0.313585,2.98357,2,4.14227,0,0,1.4,0,0,0,0,0,-0.00669959,0.0639942,-0.0267984,0.255977,-0.0602963,0.575947,-0.107193,1.02391,-0.167137,1.59608,-0.223084,2.12804,-0.265631,2.53201,-0.29478,2.808,-0.310529,2.956,-0.309888,2.97698,-0.256062,2.88287,-0.13812,2.67719,0.0439372,2.35992,0.290111,1.93107,0.598552,1.39397,0.887073,0.892016,1.11148,0.501644,1.27177,0.222851,1.36794,0.0556366,1.4,-8.88178e-16,0.6,0,0.7,5.49227
-1.5,2.59808,0.2,1.72705,0,0,1.4,0,0,0,0,0,-0.00563215,0.00966366,-0.0225286,0.0386546,-0.0430627,0.0808882,-0.0438796,0.117731,-0.0233501,0.147883,0.0185258,0.171345,0.081748,0.188116,0.166317,0.198197,0.272231,0.201587,0.399493,0.198287,0.5481,0.188296,0.716917,0.171615,0.877014,0.148243,1.01577,0.118181,1.13317,0.083129,1.22923,0.0531223,1.30394,0.0298062,1.35731,0.0131805,1.38933,0.0032454,1.4,-2.77556e-17,0.6,0,0.7,6.22705
-1.5,2.59808,0.4,2.22397,0,0,1.4,0,0,0,0,0,-0.00933946,0.0160247,-0.0373578,0.0640987,-0.0840552,0.144222,-0.145363,0.2522,-0.18415,0.349743,-0.191476,0.427634,-0.16734,0.485871,-0.111744,0.524454,-0.0246855,0.543385,0.093834,0.542662,0.243815,0.522286,0.425257,0.482257,0.63743,0.422574,0.84075,0.343239,1.01261,0.245666,1.153,0.157226,1.26194,0.0884396,1.33941,0.0393065,1.38543,0.00982662,1.4,0,0.6,0,0.7,8.2522
-1.5,2.59808,0.6,2.83562,0,0,1.4,0,0,0,0,0,-0.0151831,0.0260512,-0.0607323,0.104205,-0.136648,0.234461,-0.242929,0.416819,-0.357437,0.623962,-0.429279,0.793095,-0.456437,0.92173,-0.438912,1.00987,-0.376704,1.0575,-0.269812,1.06464,-0.118237,1.03128,0.0780223,0.957424,0.318965,0.843066,0.595698,0.68821,0.841457,0.494339,1.04253,0.314488,1.19892,0.175135,1.31063,0.0762818,1.37766,0.0179269,1.4,-3.33067e-16,0.6,0,0.7,3.98562
-1.5,2.59808,0.8,3.52395,0,0,1.4,0,0,0,0,0,-0.0234489,0.0402337,-0.0937956,0.160935,-0.21104,0.362103,-0.375182,0.643739,-0.574706,0.990012,-0.728025,1.28877,-0.819221,1.51814,-0.848296,1.67812,-0.815248,1.7687,-0.720079,1.78989,-0.562787,1.74169,-0.343374,1.6241,-0.0618382,1.43712,0.281804,1.18074,0.623475,0.855873,0.903024,0.545922,1.12045,0.305363,1.27576,0.134196,1.36894,0.0324213,1.4,-2.22045e-16,0.6,0,0.7,4.57395
-1.5,2.59808,1,4.25247,0,0,1.4,0,0,0,0,0,-0.0341464,0.0585886,-0.136586,0.234354,-0.307318,0.527297,-0.546343,0.937417,-0.846257,1.45486,-1.09818,1.92118,-1.266,2.28108,-1.34973,2.53458,-1.34936,2.68168,-1.2649,2.72237,-1.09634,2.65665,-0.84368,2.48452,-0.506929,2.20599,-0.0860811,1.82105,0.36786,1.33008,0.742462,0.85125,1.03297,0.478828,1.23938,0.212813,1.36169,0.0532031,1.4,0,0.6,0,0.7,5.30247
-1.5,2.59808,1.2,4.25627,0,0,1.4,0,0,0,0,0,-0.0342076,0.0586935,-0.13683,0.234774,-0.307868,0.528241,-0.547321,0.939096,-0.848289,1.45709,-1.11154,1.91677,-1.29223,2.2689,-1.38672,2.516,-1.39501,2.65807,-1.31711,2.69512,-1.15302,2.62713,-0.902736,2.45412,-0.566255,2.17609,-0.14358,1.79302,0.322572,1.30561,0.710446,0.834431,1.01213,0.468284,1.22761,0.207164,1.3569,0.0510732,1.4,0,0.6,0,0.7,5.30627
-1.5,2.59808,1.4,4.2586,0,0,1.4,0,0,0,0,0,-0.034245,0.0587577,-0.13698,0.235031,-0.308205,0.528819,-0.54792,0.940122,-0.849105,1.4585,-1.11346,1.91727,-1.30745,2.25986,-1.4157,2.49729,-1.43479,2.63199,-1.36473,2.66398,-1.20551,2.59324,-0.957123,2.41979,-0.619582,2.14361,-0.192883,1.76471,0.286052,1.28401,0.687158,0.821764,0.999106,0.462242,1.2219,0.205441,1.35553,0.0513602,1.4,4.44089e-16,0.6,0,0.7,5.3086
-1.5,2.59808,1.6,4.26461,0,0,1.4,0,0,0,0,0,-0.0343417,0.0589236,-0.137367,0.235695,-0.309075,0.530313,-0.549467,0.942778,-0.85121,1.46215,-1.1154,1.92066,-1.31091,2.26131,-1.43476,2.48633,-1.46884,2.60914,-1.41008,2.63201,-1.25849,2.55495,-1.01406,2.37795,-0.676796,2.10102,-0.246698,1.72416,0.245741,1.24919,0.662261,0.799482,0.985947,0.449708,1.2168,0.19987,1.35481,0.0499676,1.4,2.22045e-16,0.6,0,0.7,5.31461
-1.5,2.59808,1.8,4.27258,0,0,1.4,0,0,0,0,0,-0.0344702,0.0591442,-0.137881,0.236577,-0.310232,0.532298,-0.551524,0.946307,-0.853998,1.46698,-1.11798,1.92513,-1.31301,2.26499,-1.43911,2.48656,-1.49167,2.59338,-1.44995,2.60145,-1.31142,2.5127,-1.07607,2.32714,-0.743915,2.04477,-0.314947,1.66559,0.189857,1.19447,0.625508,0.761967,0.964348,0.426271,1.20638,0.187386,1.35159,0.0453128,1.4,4.44089e-16,0.6,0,0.7,5.32258
-1.5,2.59808,2,4.28201,0,0,1.4,0,0,0,0,0,-0.0346226,0.0594056,-0.138491,0.237622,-0.311604,0.534651,-0.553962,0.95049,-0.857288,1.47269,-1.12101,1.93041,-1.31549,2.26931,-1.44072,2.48941,-1.4967,2.5907,-1.47778,2.57904,-1.35907,2.47409,-1.1379,2.27741,-0.814279,1.98901,-0.388195,1.60888,0.128611,1.14655,0.587802,0.733792,0.944535,0.412758,1.19881,0.183448,1.35063,0.045862,1.4,0,0.6,0,0.7,5.33201
-2.42705,1.76336,0.2,1.78793,0,0,1.4,0,0,0,0,0,-0.00971544,0.00702231,-0.0388618,0.0280892,-0.0749455,0.0577543,-0.0887232,0.0832689,-0.0789863,0.104106,-0.0457349,0.120266,0.011031,0.131749,0.0913115,0.138554,0.195106,0.140682,0.322416,0.138132,0.47324,0.130905,0.647579,0.119001,0.823894,0.10242,0.976739,0.0811612,1.10607,0.0566955,1.21188,0.0360045,1.29418,0.0199908,1.35297,0.00865439,1.38824,0.00199534,1.4,-5.55112e-17,0.6,0,0.7,6.43793
-2.42705,1.76336,0.4,2.33003,0,0,1.4,0,0,0,0,0,-0.0165,0.0119262,-0.066,0.0477047,-0.1485,0.107336,-0.25255,0.184789,-0.324964,0.252054,-0.35904,0.305602,-0.354779,0.345432,-0.31218,0.371545,-0.231244,0.38394,-0.11197,0.382618,0.0456417,0.367579,0.241591,0.338822,0.475877,0.296348,0.721971,0.240157,0.930811,0.171467,1.10131,0.109739,1.23348,0.0617283,1.32731,0.0274348,1.38279,0.0068587,1.4,5.55112e-17,0.6,0,0.7,4.03003
-2.42705,1.76336,0.6,2.95152,0,0,1.4,0,0,0,0,0,-0.026476,0.0191368,-0.105904,0.0765474,-0.238284,0.172232,-0.423616,0.30619,-0.613011,0.449524,-0.743584,0.565067,-0.815094,0.652675,-0.827541,0.712348,-0.780925,0.744086,-0.675246,0.74789,-0.510504,0.723759,-0.286699,0.671693,-0.0038309,0.591693,0.336865,0.483758,0.661712,0.348825,0.927496,0.223191,1.13422,0.125491,1.28187,0.0557259,1.37047,0.0138956,1.4,0,0.6,0,0.7,3.95152
-2.42705,1.76336,0.8,3.64129,0,0,1.4,0,0,0,0,0,-0.040297,0.0291266,-0.161188,0.116507,-0.362673,0.26214,-0.644752,0.466026,-0.976607,0.708717,-1.23423,0.91195,-1.40459,1.0675,-1.48768,1.17537,-1.4835,1.23556,-1.39206,1.24806,-1.21336,1.21288,-0.947386,1.13002,-0.59415,0.999482,-0.153649,0.821259,0.320137,0.596026,0.710635,0.381457,1.01387,0.21457,1.22983,0.0953642,1.35854,0.0238411,1.4,0,0.6,0,0.7,4.54129
-2.42705,1.76336,1,4.36212,0,0,1.4,0,0,0,0,0,-0.0578305,0.0417998,-0.231322,0.167199,-0.520474,0.376198,-0.925288,0.668797,-1.42484,1.03151,-1.84198,1.34801,-2.13648,1.59152,-2.30836,1.76204,-2.3576,1.85957,-2.28421,1.88411,-2.08819,1.83565,-1.76954,1.71421,-1.32825,1.51977,-0.764337,1.25234,-0.11667,0.912401,0.431918,0.583937,0.857875,0.328464,1.1612,0.145984,1.34189,0.0364961,1.4,-2.22045e-16,0.6,0,0.7,5.26212
-2.42705,1.76336,1.2,4.36442,0,0,1.4,0,0,0,0,0,-0.0578915,0.0418439,-0.231566,0.167376,-0.521023,0.376595,-0.926264,0.669503,-1.42671,1.03205,-1.84913,1.34159,-2.14887,1.57806,-2.32497,1.74298,-2.37742,1.83633,-2.30623,1.85814,-2.11138,1.80838,-1.79288,1.68707,-1.35074,1.49419,-0.784948,1.22977,-0.132735,0.894464,0.421103,0.572457,0.851293,0.322007,1.15784,0.143114,1.34073,0.0357786,1.4,2.22045e-16,0.6,0,0.7,5.26442
-2.42705,1.76336,1.4,4.36295,0,0,1.4,0,0,0,0,0,-0.0578525,0.0418158,-0.23141,0.167263,-0.520673,0.376342,-0.925641,0.669052,-1.4259,1.03146,-1.84938,1.33953,-2.15563,1.56634,-2.33802,1.72233,-2.39575,1.80871,-2.32885,1.82549,-2.13729,1.77266,-1.82109,1.65023,-1.38023,1.45819,-0.814735,1.19654,-0.158095,0.866552,0.402819,0.554032,0.839086,0.311117,1.1507,0.137807,1.33768,0.0341029,1.4,-3.33067e-16,0.6,0,0.7,5.26295
-2.42705,1.76336,1.6,4.36643,0,0,1.4,0,0,0,0,0,-0.0579449,0.0418825,-0.23178,0.16753,-0.521504,0.376943,-0.927119,0.670121,-1.42782,1.03286,-1.85113,1.3408,-2.15854,1.56498,-2.34776,1.70909,-2.41143,1.7849,-2.34898,1.79331,-2.16043,1.73431,-1.84577,1.6079,-1.405,1.41409,-0.838123,1.15287,-0.176359,0.827235,0.39113,0.526989,0.832511,0.29415,1.14778,0.128717,1.33695,0.0306904,1.4,0,0.6,0,0.7,5.26643
-2.42705,1.76336,1.8,4.3686,0,0,1.4,0,0,0,0,0,-0.0580024,0.0419241,-0.23201,0.167696,-0.522022,0.377317,-0.928039,0.670786,-1.42901,1.03372,-1.85221,1.34159,-2.15941,1.56562,-2.35059,1.70579,-2.42236,1.76774,-2.36662,1.76477,-2.18303,1.69744,-1.87159,1.56576,-1.43229,1.36972,-0.865144,1.10933,-0.198146,0.79019,0.377186,0.503455,0.824667,0.281074,1.1443,0.123049,1.33607,0.0293787,1.4,-5.55112e-16,0.6,0,0.7,5.2686
-2.42705,1.76336,2,4.37244,0,0,1.4,0,0,0,0,0,-0.0581043,0.0419978,-0.232417,0.167991,-0.522939,0.37798,-0.929669,0.671964,-1.43113,1.03526,-1.85413,1.34299,-2.16094,1.56674,-2.35153,1.70648,-2.42591,1.76223,-2.37989,1.7425,-2.20417,1.66201,-1.89845,1.52101,-1.46274,1.3195,-0.897039,1.05748,-0.22492,0.746237,0.360051,0.475978,0.815029,0.266228,1.14001,0.116988,1.335,0.0282563,1.4,-2.22045e-16,0.6,0,0.7,5.27244
-2.93444,0.623735,0.2,1.81959,0,0,1.4,0,0,0,0,0,-0.0121467,0.00257147,-0.0485867,0.0102859,-0.0935513,0.0209523,-0.114705,0.030078,-0.111084,0.0375289,-0.0826881,0.0433051,-0.0295166,0.0474066,0.0484301,0.0498333,0.151152,0.0505852,0.278649,0.0496624,0.430921,0.0470648,0.607969,0.0427925,0.793007,0.0368455,0.954046,0.0292237,1.09031,0.020443,1.2018,0.0130055,1.28851,0.00724273,1.35045,0.00315471,1.38761,0.000741438,1.4,6.93889e-18,0.6,0,0.7,8.57436
-2.93444,0.623735,0.4,2.37675,0,0,1.4,0,0,0,0,0,-0.0207242,0.00438736,-0.082897,0.0175494,-0.186518,0.0394862,-0.314797,0.0674432,-0.40659,0.0913896,-0.456302,0.110408,-0.463936,0.124498,-0.429489,0.13366,-0.352963,0.137894,-0.234358,0.1372,-0.0736729,0.131578,0.129092,0.121028,0.373936,0.10555,0.642568,0.0851432,0.874006,0.0603953,1.06336,0.0384613,1.21064,0.0214553,1.31584,0.00937744,1.37896,0.00222765,1.4,2.77556e-17,0.6,0,0.7,4.07675
-2.93444,0.623735,0.6,3.0124,0,0,1.4,0,0,0,0,0,-0.0332918,0.00704793,-0.133167,0.0281917,-0.299626,0.0634314,-0.532651,0.112764,-0.763118,0.163757,-0.926263,0.204764,-1.02209,0.235785,-1.05059,0.25682,-1.01176,0.267868,-0.905617,0.26893,-0.732148,0.260005,-0.491357,0.241094,-0.183244,0.212197,0.192067,0.173313,0.561696,0.12483,0.864001,0.079891,1.09898,0.0449387,1.26664,0.0199727,1.36698,0.00499319,1.4,0,0.6,0,0.7,3.9124
-2.93444,0.623735,0.8,3.69738,0,0,1.4,0,0,0,0,0,-0.0501532,0.0106175,-0.200613,0.0424701,-0.451379,0.0955577,-0.802451,0.16988,-1.20828,0.25674,-1.52382,0.328441,-1.7383,0.382924,-1.85169,0.420188,-1.86402,0.440234,-1.77527,0.443061,-1.58545,0.428669,-1.29456,0.397059,-0.902588,0.34823,-0.409546,0.282183,0.136583,0.20006,0.591413,0.125666,0.94517,0.0684907,1.19785,0.0285343,1.34946,0.00579646,1.4,0,0.6,0,0.7,4.59738
-2.93444,0.623735,1,4.42363,0,0,1.4,0,0,0,0,0,-0.0717907,0.0151982,-0.287163,0.0607928,-0.646116,0.136784,-1.14865,0.243171,-1.7617,0.373493,-2.26935,0.485493,-2.63256,0.571515,-2.85133,0.631559,-2.92564,0.665625,-2.85552,0.673714,-2.64094,0.655825,-2.28192,0.611958,-1.77845,0.542114,-1.13054,0.446291,-0.376414,0.324722,0.267737,0.207822,0.767443,0.1169,1.1227,0.0519556,1.33351,0.0129889,1.4,-5.55112e-17,0.6,0,0.7,5.32363
-2.93444,0.623735,1.2,4.4155,0,0,1.4,0,0,0,0,0,-0.0715272,0.0151424,-0.286109,0.0605697,-0.643745,0.136282,-1.14444,0.242279,-1.75646,0.372103,-2.26533,0.481189,-2.63029,0.564374,-2.85125,0.622118,-2.92823,0.654422,-2.8612,0.661285,-2.65018,0.642707,-2.29517,0.598688,-1.79616,0.529229,-1.15316,0.434328,-0.399936,0.314412,0.248041,0.20065,0.752023,0.112329,1.11201,0.0494487,1.328,0.0120091,1.4,0,0.6,0,0.7,5.3155
-2.93444,0.623735,1.4,4.4167,0,0,1.4,0,0,0,0,0,-0.0715659,0.0151506,-0.286264,0.0606025,-0.644093,0.136356,-1.14505,0.24241,-1.75724,0.37227,-2.26619,0.480567,-2.63176,0.559813,-2.85317,0.614159,-2.93035,0.643934,-2.8633,0.64914,-2.65203,0.629775,-2.29654,0.58584,-1.79682,0.517335,-1.15287,0.424261,-0.398845,0.307126,0.249376,0.19656,0.75337,0.110565,1.11314,0.0491401,1.32868,0.012285,1.4,1.11022e-16,0.6,0,0.7,5.3167
-2.93444,0.623735,1.6,4.4159,0,0,1.4,0,0,0,0,0,-0.07154,0.0151451,-0.28616,0.0605805,-0.64386,0.136306,-1.14464,0.242322,-1.75672,0.372158,-2.26571,0.480466,-2.63162,0.558484,-2.8541,0.608089,-2.9323,0.633816,-2.86617,0.635868,-2.65572,0.614244,-2.30095,0.568943,-1.80186,0.499967,-1.15845,0.407314,-0.404024,0.29216,0.245425,0.186379,0.750551,0.104273,1.11136,0.0458433,1.32784,0.0110897,1.4,2.22045e-16,0.6,0,0.7,5.3159
-2.93444,0.623735,1.8,4.41788,0,0,1.4,0,0,0,0,0,-0.0716042,0.0151587,-0.286417,0.0606349,-0.644438,0.136428,-1.14567,0.24254,-1.75802,0.372435,-2.26689,0.480717,-2.63255,0.558681,-2.855,0.606328,-2.93371,0.626538,-2.86778,0.624294,-2.65718,0.599683,-2.30193,0.552705,-1.802,0.48336,-1.15742,0.391648,-0.401967,0.279585,0.247752,0.178934,0.752808,0.100651,1.1132,0.0447336,1.32893,0.0111834,1.4,0,0.6,0,0.7,5.31788
-2.93444,0.623735,2,4.41662,0,0,1.4,0,0,0,0,0,-0.0715633,0.0151501,-0.286253,0.0606002,-0.644069,0.136351,-1.14501,0.242401,-1.75719,0.372259,-2.26614,0.480557,-2.63196,0.558555,-2.85465,0.606254,-2.93422,0.623652,-2.87003,0.614877,-2.66107,0.585066,-2.30733,0.534231,-1.80881,0.462375,-1.16551,0.369496,-0.409755,0.26026,0.241757,0.166164,0.748488,0.0930912,1.11044,0.0410404,1.32761,0.0100121,1.4,0,0.6,0,0.7,5.31662
-2.93444,-0.623735,0.2,1.81959,0,0,1.4,0,0,0,0,0,-0.0121467,-0.00257147,-0.0485867,-0.0102859,-0.0935513,-0.0209523,-0.114705,-0.030078,-0.111084,-0.0375289,-0.0826881,-0.0433051,-0.0295166,-0.0474066,0.0484301,-0.0498333,0.151152,-0.0505852,0.278649,-0.0496624,0.430921,-0.0470648,0.607969,-0.0427925,0.793007,-0.0368455,0.954046,-0.0292237,1.09031,-0.020443,1.2018,-0.0130055,1.28851,-0.00724273,1.35045,-0.00315471,1.38761,-0.000741438,1.4,-6.93889e-18,0.6,0,0.7,8.57436
-2.93444,-0.623735,0.4,2.37675,0,0,1.4,0,0,0,0,0,-0.0207242,-0.00438736,-0.082897,-0.0175494,-0.186518,-0.0394862,-0.314797,-0.0674432,-0.40659,-0.0913896,-0.456302,-0.110408,-0.463936,-0.124498,-0.429489,-0.13366,-0.352963,-0.137894,-0.234358,-0.1372,-0.0736729,-0.131578,0.129092,-0.121028,0.373936,-0.10555,0.642568,-0.0851432,0.874006,-0.0603953,1.06336,-0.0384613,1.21064,-0.0214553,1.31584,-0.00937744,1.37896,-0.00222765,1.4,-2.77556e-17,0.6,0,0.7,4.07675
-2.93444,-0.623735,0.6,3.0124,0,0,1.4,0,0,0,0,0,-0.0332918,-0.00704793,-0.133167,-0.0281917,-0.299626,-0.0634314,-0.532651,-0.112764,-0.763118,-0.163757,-0.926263,-0.204764,-1.02209,-0.235785,-1.05059,-0.25682,-1.01176,-0.267868,-0.905617,-0.26893,-0.732148,-0.260005,-0.491357,-0.241094,-0.183244,-0.212197,0.192067,-0.173313,0.561696,-0.12483,0.864001,-0.079891,1.09898,-0.0449387,1.26664,-0.0199727,1.36698,-0.00499319,1.4,0,0.6,0,0.7,3.9124
-2.93444,-0.623735,0.8,3.69738,0,0,1.4,0,0,0,0,0,-0.0501532,-0.0106175,-0.200613,-0.0424701,-0.451379,-0.0955577,-0.802451,-0.16988,-1.20828,-0.25674,-1.52382,-0.328441,-1.7383,-0.382924,-1.85169,-0.420188,-1.86402,-0.440234,-1.77527,-0.443061,-1.58545,-0.428669,-1.29456,-0.397059,-0.902588,-0.34823,-0.409546,-0.282183,0.136583,-0.20006,0.591413,-0.125666,0.94517,-0.0684907,1.19785,-0.0285343,1.34946,-0.00579646,1.4,0,0.6,0,0.7,4.59738
-2.93444,-0.623735,1,4.42363,0,0,1.4,0,0,0,0,0,-0.0717907,-0.0151982,-0.287163,-0.0607928,-0.646116,-0.136784,-1.14865,-0.243171,-1.7617,-0.373493,-2.26935,-0.485493,-2.63256,-0.571515,-2.85133,-0.631559,-2.92564,-0.665625,-2.85552,-0.673714,-2.64094,-0.655825,-2.28192,-0.611958,-1.77845,-0.542114,-1.13054,-0.446291,-0.376414,-0.324722,0.267737,-0.207822,0.767443,-0.1169,1.1227,-0.0519556,1.33351,-0.0129889,1.4,5.55112e-17,0.6,0,0.7,5.32363
-2.93444,-0.623735,1.2,4.4155,0,0,1.4,0,0,0,0,0,-0.0715272,-0.0151424,-0.286109,-0.0605697,-0.643745,-0.136282,-1.14444,-0.242279,-1.75646,-0.372103,-2.26533,-0.481189,-2.63029,-0.564374,-2.85125,-0.622118,-2.92823,-0.654422,-2.8612,-0.661285,-2.65018,-0.642707,-2.29517,-0.598688,-1.79616,-0.529229,-1.15316,-0.434328,-0.399936,-0.314412,0.248041,-0.20065,0.752023,-0.112329,1.11201,-0.0494487,1.328,-0.0120091,1.4,0,0.6,0,0.7,5.3155
-2.93444,-0.623735,1.4,4.4167,0,0,1.4,0,0,0,0,0,-0.0715659,-0.0151506,-0.286264,-0.0606025,-0.644093,-0.136356,-1.14505,-0.24241,-1.75724,-0.37227,-2.26619,-0.480567,-2.63176,-0.559813,-2.85317,-0.614159,-2.93035,-0.643934,-2.8633,-0.64914,-2.65203,-0.629775,-2.29654,-0.58584,-1.79682,-0.517335,-1.15287,-0.424261,-0.398845,-0.307126,0.249376,-0.19656,0.75337,-0.110565,1.11314,-0.0491401,1.32868,-0.012285,1.4,0,0.6,0,0.7,5.3167
-2.93444,-0.623735,1.6,4.4159,0,0,1.4,0,0,0,0,0,-0.07154,-0.0151451,-0.28616,-0.0605805,-0.64386,-0.136306,-1.14464,-0.242322,-1.75672,-0.372158,-2.26571,-0.480466,-2.63162,-0.558484,-2.8541,-0.608089,-2.9323,-0.633816,-2.86617,-0.635868,-2.65572,-0.614244,-2.30095,-0.568943,-1.80186,-0.499967,-1.15845,-0.407314,-0.404024,-0.29216,0.245425,-0.186379,0.750551,-0.104273,1.11136,-0.0458433,1.32784,-0.0110897,1.4,0,0.6,0,0.7,5.3159
-2.93444,-0.623735,1.8,4.41788,0,0,1.4,0,0,0,0,0,-0.0716042,-0.0151587,-0.286417,-0.0606349,-0.644438,-0.136428,-1.14567,-0.24254,-1.75802,-0.372435,-2.26689,-0.480717,-2.63255,-0.558681,-2.855,-0.606328,-2.93371,-0.626538,-2.86778,-0.624294,-2.65718,-0.599683,-2.30193,-0.552705,-1.802,-0.48336,-1.15742,-0.391648,-0.401967,-0.279585,0.247752,-0.178934,0.752808,-0.100651,1.1132,-0.0447336,1.32893,-0.0111834,1.4,-1.11022e-16,0.6,0,0.7,5.31788
-2.93444,-0.623735,2,4.41662,0,0,1.4,0,0,0,0,0,-0.0715633,-0.0151501,-0.286253,-0.0606002,-0.644069,-0.136351,-1.14501,-0.242401,-1.75719,-0.372259,-2.26614,-0.480557,-2.63196,-0.558555,-2.85465,-0.606254,-2.93422,-0.623652,-2.87003,-0.614877,-2.66107,-0.585066,-2.30733,-0.534231,-1.80881,-0.462375,-1.16551,-0.369496,-0.409755,-0.26026,0.241757,-0.166164,0.748488,-0.0930912,1.11044,-0.0410404,1.32761,-0.0100121,1.4,0,0.6,0,0.7,5.31662
-2.42705,-1.76336,0.2,1.78793,0,0,1.4,0,0,0,0,0,-0.00971544,-0.00702231,-0.0388618,-0.0280892,-0.0749455,-0.0577543,-0.0887232,-0.0832689,-0.0789863,-0.104106,-0.0457349,-0.120266,0.011031,-0.131749,0.0913115,-0.138554,0.195106,-0.140682,0.322416,-0.138132,0.47324,-0.130905,0.647579,-0.119001,0.823894,-0.10242,0.976739,-0.0811612,1.10607,-0.0566955,1.21188,-0.0360045,1.29418,-0.0199908,1.35297,-0.00865439,1.38824,-0.00199534,1.4,5.55112e-17,0.6,0,0.7,6.43793
-2.42705,-1.76336,0.4,2.33003,0,0,1.4,0,0,0,0,0,-0.0165,-0.0119262,-0.066,-0.0477047,-0.1485,-0.107336,-0.25255,-0.184789,-0.324964,-0.252054,-0.35904,-0.305602,-0.354779,-0.345432,-0.31218,-0.371545,-0.231244,-0.38394,-0.11197,-0.382618,0.0456417,-0.367579,0.241591,-0.338822,0.475877,-0.296348,0.721971,-0.240157,0.930811,-0.171467,1.10131,-0.109739,1.23348,-0.0617283,1.32731,-0.0274348,1.38279,-0.0068587,1.4,-5.55112e-17,0.6,0,0.7,4.03003
-2.42705,-1.76336,0.6,2.95152,0,0,1.4,0,0,0,0,0,-0.026476,-0.0191368,-0.105904,-0.0765474,-0.238284,-0.172232,-0.423616,-0.30619,-0.613011,-0.449524,-0.743584,-0.565067,-0.815094,-0.652675,-0.827541,-0.712348,-0.780925,-0.744086,-0.675246,-0.74789,-0.510504,-0.723759,-0.286699,-0.671693,-0.0038309,-0.591693,0.336865,-0.483758,0.661712,-0.348825,0.927496,-0.223191,1.13422,-0.125491,1.28187,-0.0557259,1.37047,-0.0138956,1.4,0,0.6,0,0.7,3.95152
-2.42705,-1.76336,0.8,3.64129,0,0,1.4,0,0,0,0,0,-0.040297,-0.0291266,-0.161188,-0.116507,-0.362673,-0.26214,-0.644752,-0.466026,-0.976607,-0.708717,-1.23423,-0.91195,-1.40459,-1.0675,-1.48768,-1.17537,-1.4835,-1.23556,-1.39206,-1.24806,-1.21336,-1.21288,-0.947386,-1.13002,-0.59415,-0.999482,-0.153649,-0.821259,0.320137,-0.596026,0.710635,-0.381457,1.01387,-0.21457,1.22983,-0.0953642,1.35854,-0.0238411,1.4,0,0.6,0,0.7,4.54129
-2.42705,-1.76336,1,4.36212,0,0,1.4,0,0,0,0,0,-0.0578305,-0.0417998,-0.231322,-0.167199,-0.520474,-0.376198,-0.925288,-0.668797,-1.42484,-1.03151,-1.84198,-1.34801,-2.13648,-1.59152,-2.30836,-1.76204,-2.3576,-1.85957,-2.28421,-1.88411,-2.08819,-1.83565,-1.76954,-1.71421,-1.32825,-1.51977,-0.764337,-1.25234,-0.11667,-0.912401,0.431918,-0.583937,0.857875,-0.328464,1.1612,-0.145984,1.34189,-0.0364961,1.4,2.22045e-16,0.6,0,0.7,5.26212
-2.42705,-1.76336,1.2,4.36442,0,0,1.4,0,0,0,0,0,-0.0578915,-0.0418439,-0.231566,-0.167376,-0.521023,-0.376595,-0.926264,-0.669503,-1.42671,-1.03205,-1.84913,-1.34159,-2.14887,-1.57806,-2.32497,-1.74298,-2.37742,-1.83633,-2.30623,-1.85814,-2.11138,-1.80838,-1.79288,-1.68707,-1.35074,-1.49419,-0.784948,-1.22977,-0.132735,-0.894464,0.421103,-0.572457,0.851293,-0.322007,1.15784,-0.143114,1.34073,-0.0357786,1.4,1.11022e-16,0.6,0,0.7,5.26442
-2.42705,-1.76336,1.4,4.36295,0,0,1.4,0,0,0,0,0,-0.0578525,-0.0418158,-0.23141,-0.167263,-0.520673,-0.376342,-0.925641,-0.669052,-1.4259,-1.03146,-1.84938,-1.33953,-2.15563,-1.56634,-2.33802,-1.72233,-2.39575,-1.80871,-2.32885,-1.82549,-2.13729,-1.77266,-1.82109,-1.65023,-1.38023,-1.45819,-0.814735,-1.19654,-0.158095,-0.866552,0.402819,-0.554032,0.839086,-0.311117,1.1507,-0.137807,1.33768,-0.0341029,1.4,0,0.6,0,0.7,5.26295
-2.42705,-1.76336,1.6,4.36643,0,0,1.4,0,0,0,0,0,-0.0579449,-0.0418825,-0.23178,-0.16753,-0.521504,-0.376943,-0.927119,-0.670121,-1.42782,-1.03286,-1.85113,-1.3408,-2.15854,-1.56498,-2.34776,-1.70909,-2.41143,-1.7849,-2.34898,-1.79331,-2.16043,-1.73431,-1.84577,-1.6079,-1.405,-1.41409,-0.838123,-1.15287,-0.176359,-0.827235,0.39113,-0.526989,0.832511,-0.29415,1.14778,-0.128717,1.33695,-0.0306904,1.4,-2.22045e-16,0.6,0,0.7,5.26643
-2.42705,-1.76336,1.8,4.3686,0,0,1.4,0,0,0,0,0,-0.0580024,-0.0419241,-0.23201,-0.167696,-0.522022,-0.377317,-0.928039,-0.670786,-1.42901,-1.03372,-1.85221,-1.34159,-2.15941,-1.56562,-2.35059,-1.70579,-2.42236,-1.76774,-2.36662,-1.76477,-2.18303,-1.69744,-1.87159,-1.56576,-1.43229,-1.36972,-0.865144,-1.10933,-0.198146,-0.79019,0.377186,-0.503455,0.824667,-0.281074,1.1443,-0.123049,1.33607,-0.0293787,1.4,2.22045e-16,0.6,0,0.7,5.2686
-2.42705,-1.76336,2,4.37244,0,0,1.4,0,0,0,0,0,-0.0581043,-0.0419978,-0.232417,-0.167991,-0.522939,-0.37798,-0.929669,-0.671964,-1.43113,-1.03526,-1.85413,-1.34299,-2.16094,-1.56674,-2.35153,-1.70648,-2.42591,-1.76223,-2.37989,-1.7425,-2.20417,-1.66201,-1.89845,-1.52101,-1.46274,-1.3195,-0.897039,-1.05748,-0.22492,-0.746237,0.360051,-0.475978,0.815029,-0.266228,1.14001,-0.116988,1.335,-0.0282563,1.4,-1.11022e-16,0.6,0,0.7,5.27244
-1.5,-2.59808,0.2,1.72705,0,0,1.4,0,0,0,0,0,-0.00563215,-0.00966366,-0.0225286,-0.0386546,-0.0430627,-0.0808882,-0.0438796,-0.117731,-0.0233501,-0.147883,0.0185258,-0.171345,0.081748,-0.188116,0.166317,-0.198197,0.272231,-0.201587,0.399493,-0.198287,0.5481,-0.188296,0.716917,-0.171615,0.877014,-0.148243,1.01577,-0.118181,1.13317,-0.083129,1.22923,-0.0531223,1.30394,-0.0298062,1.35731,-0.0131805,1.38933,-0.0032454,1.4,2.77556e-17,0.6,0,0.7,6.22705
-1.5,-2.59808,0.4,2.22397,0,0,1.4,0,0,0,0,0,-0.00933946,-0.0160247,-0.0373578,-0.0640987,-0.0840552,-0.144222,-0.145363,-0.2522,-0.18415,-0.349743,-0.191476,-0.427634,-0.16734,-0.485871,-0.111744,-0.524454,-0.0246855,-0.543385,0.093834,-0.542662,0.243815,-0.522286,0.425257,-0.482257,0.63743,-0.422574,0.84075,-0.343239,1.01261,-0.245666,1.153,-0.157226,1.26194,-0.0884396,1.33941,-0.0393065,1.38543,-0.00982662,1.4,0,0.6,0,0.7,8.2522
-1.5,-2.59808,0.6,2.83562,0,0,1.4,0,0,0,0,0,-0.0151831,-0.0260512,-0.0607323,-0.104205,-0.136648,-0.234461,-0.242929,-0.416819,-0.357437,-0.623962,-0.429279,-0.793095,-0.456437,-0.92173,-0.438912,-1.00987,-0.376704,-1.0575,-0.269812,-1.06464,-0.118237,-1.03128,0.0780223,-0.957424,0.318965,-0.843066,0.595698,-0.68821,0.841457,-0.494339,1.04253,-0.314488,1.19892,-0.175135,1.31063,-0.0762818,1.37766,-0.0179269,1.4,3.33067e-16,0.6,0,0.7,3.98562
-1.5,-2.59808,0.8,3.52395,0,0,1.4,0,0,0,0,0,-0.0234489,-0.0402337,-0.0937956,-0.160935,-0.21104,-0.362103,-0.375182,-0.643739,-0.574706,-0.990012,-0.728025,-1.28877,-0.819221,-1.51814,-0.848296,-1.67812,-0.815248,-1.7687,-0.720079,-1.78989,-0.562787,-1.74169,-0.343374,-1.6241,-0.0618382,-1.43712,0.281804,-1.18074,0.623475,-0.855873,0.903024,-0.545922,1.12045,-0.305363,1.27576,-0.134196,1.36894,-0.0324213,1.4,2.22045e-16,0.6,0,0.7,4.57395
-1.5,-2.59808,1,4.25247,0,0,1.4,0,0,0,0,0,-0.0341464,-0.0585886,-0.136586,-0.234354,-0.307318,-0.527297,-0.546343,-0.937417,-0.846257,-1.45486,-1.09818,-1.92118,-1.266,-2.28108,-1.34973,-2.53458,-1.34936,-2.68168,-1.2649,-2.72237,-1.09634,-2.65665,-0.84368,-2.48452,-0.506929,-2.20599,-0.0860811,-1.82105,0.36786,-1.33008,0.742462,-0.85125,1.03297,-0.478828,1.23938,-0.212813,1.36169,-0.0532031,1.4,0,0.6,0,0.7,5.30247
-1.5,-2.59808,1.2,4.25627,0,0,1.4,0,0,0,0,0,-0.0342076,-0.0586935,-0.13683,-0.234774,-0.307868,-0.528241,-0.547321,-0.939096,-0.848289,-1.45709,-1.11154,-1.91677,-1.29223,-2.2689,-1.38672,-2.516,-1.39501,-2.65807,-1.31711,-2.69512,-1.15302,-2.62713,-0.902736,-2.45412,-0.566255,-2.17609,-0.14358,-1.79302,0.322572,-1.30561,0.710446,-0.834431,1.01213,-0.468284,1.22761,-0.207164,1.3569,-0.0510732,1.4,-2.22045e-16,0.6,0,0.7,5.30627
-1.5,-2.59808,1.4,4.2586,0,0,1.4,0,0,0,0,0,-0.034245,-0.0587577,-0.13698,-0.235031,-0.308205,-0.528819,-0.54792,-0.940122,-0.849105,-1.4585,-1.11346,-1.91727,-1.30745,-2.25986,-1.4157,-2.49729,-1.43479,-2.63199,-1.36473,-2.66398,-1.20551,-2.59324,-0.957123,-2.41979,-0.619582,-2.14361,-0.192883,-1.76471,0.286052,-1.28401,0.687158,-0.821764,0.999106,-0.462242,1.2219,-0.205441,1.35553,-0.0513602,1.4,0,0.6,0,0.7,5.3086
-1.5,-2.59808,1.6,4.26461,0,0,1.4,0,0,0,0,0,-0.0343417,-0.0589236,-0.137367,-0.235695,-0.309075,-0.530313,-0.549467,-0.942778,-0.85121,-1.46215,-1.1154,-1.92066,-1.31091,-2.26131,-1.43476,-2.48633,-1.46884,-2.60914,-1.41008,-2.63201,-1.25849,-2.55495,-1.01406,-2.37795,-0.676796,-2.10102,-0.246698,-1.72416,0.245741,-1.24919,0.662261,-0.799482,0.985947,-0.449708,1.2168,-0.19987,1.35481,-0.0499676,1.4,-4.44089e-16,0.6,0,0.7,5.31461
-1.5,-2.59808,1.8,4.27258,0,0,1.4,0,0,0,0,0,-0.0344702,-0.0591442,-0.137881,-0.236577,-0.310232,-0.532298,-0.551524,-0.946307,-0.853998,-1.46698,-1.11798,-1.92513,-1.31301,-2.26499,-1.43911,-2.48656,-1.49167,-2.59338,-1.44995,-2.60145,-1.31142,-2.5127,-1.07607,-2.32714,-0.743915,-2.04477,-0.314947,-1.66559,0.189857,-1.19447,0.625508,-0.761967,0.964348,-0.426271,1.20638,-0.187386,1.35159,-0.0453128,1.4,-4.44089e-16,0.6,0,0.7,5.32258
-1.5,-2.59808,2,4.28201,0,0,1.4,0,0,0,0,0,-0.0346226,-0.0594056,-0.138491,-0.237622,-0.311604,-0.534651,-0.553962,-0.95049,-0.857288,-1.47269,-1.12101,-1.93041,-1.31549,-2.26931,-1.44072,-2.48941,-1.4967,-2.5907,-1.47778,-2.57904,-1.35907,-2.47409,-1.1379,-2.27741,-0.814279,-1.98901,-0.388195,-1.60888,0.128611,-1.14655,0.587802,-0.733792,0.944535,-0.412758,1.19881,-0.183448,1.35063,-0.045862,1.4,4.44089e-16,0.6,0,0.7,5.33201
-0.313585,-2.98357,0.2,1.64384,0,0,1.4,0,0,0,0,0,-0.00105509,-0.0100782,-0.00422036,-0.0403126,-0.00612838,-0.0862775,0.00885779,-0.127421,0.0427073,-0.161155,0.0954202,-0.187479,0.166996,-0.206393,0.257436,-0.217897,0.366739,-0.221992,0.494905,-0.218678,0.641935,-0.207953,0.799658,-0.189819,0.940722,-0.164275,1.06292,-0.131322,1.16626,-0.0926211,1.25073,-0.0592775,1.31634,-0.0333436,1.36309,-0.0148194,1.39098,-0.00370484,1.4,0,0.6,0,0.7,5.84384
-0.313585,-2.98357,0.4,2.06694,0,0,1.4,0,0,0,0,0,-0.00166812,-0.0159338,-0.0066725,-0.0637353,-0.0150131,-0.143405,-0.0264639,-0.254492,-0.0245138,-0.364197,0.00104531,-0.452238,0.0502133,-0.518616,0.12299,-0.56333,0.219376,-0.586382,0.339371,-0.58777,0.482975,-0.567494,0.650188,-0.525556,0.825751,-0.461954,0.978612,-0.37669,1.10786,-0.270791,1.21351,-0.173306,1.29554,-0.0974846,1.35397,-0.0433265,1.38878,-0.0108316,1.4,-1.66533e-16,0.6,0,0.7,8.81686
-0.313585,-2.98357,0.6,2.65138,0,0,1.4,0,0,0,0,0,-0.00274483,-0.0262185,-0.0109793,-0.104874,-0.0247035,-0.235966,-0.0439173,-0.419496,-0.0648962,-0.644526,-0.0628016,-0.838132,-0.0330488,-0.986851,0.0243622,-1.09068,0.109431,-1.14963,0.222159,-1.16369,0.362545,-1.13286,0.530589,-1.05715,0.723934,-0.936548,0.903489,-0.771062,1.05539,-0.561081,1.17963,-0.359092,1.27621,-0.201989,1.34513,-0.0897729,1.38639,-0.0224432,1.4,2.22045e-16,0.6,0,0.7,4.00138
-0.313585,-2.98357,0.8,3.34734,0,0,1.4,0,0,0,0,0,-0.00437494,-0.0417892,-0.0174998,-0.167157,-0.0393745,-0.376103,-0.0699991,-0.668628,-0.108394,-1.04082,-0.127404,-1.38427,-0.114732,-1.64989,-0.0703784,-1.83767,0.0056574,-1.94762,0.113375,-1.97973,0.252775,-1.93401,0.423856,-1.81045,0.62662,-1.60906,0.832096,-1.32984,1.00595,-0.972929,1.14812,-0.622674,1.25862,-0.350254,1.33742,-0.155669,1.38455,-0.0389171,1.4,-2.22045e-16,0.6,0,0.7,4.69734
-0.313585,-2.98357,1,4.1009,0,0,1.4,0,0,0,0,0,-0.00656646,-0.0627225,-0.0262659,-0.25089,-0.0590982,-0.564503,-0.105063,-1.00356,-0.163785,-1.5662,-0.205023,-2.10276,-0.209646,-2.51863,-0.177656,-2.8138,-0.109053,-2.98827,-0.0038349,-3.04204,0.137997,-2.97511,0.316442,-2.78748,0.526696,-2.47915,0.741303,-2.05012,0.942328,-1.50053,1.10709,-0.959026,1.23524,-0.538223,1.32677,-0.23812,1.38169,-0.0587156,1.4,6.66134e-16,0.6,0,0.7,5.4509
-0.313585,-2.98357,1.2,4.10807,0,0,1.4,0,0,0,0,0,-0.00658945,-0.0629421,-0.0263578,-0.251768,-0.059305,-0.566479,-0.105431,-1.00707,-0.16454,-1.57137,-0.220293,-2.10478,-0.245511,-2.51606,-0.230657,-2.80728,-0.175732,-2.97844,-0.0807339,-3.02953,0.0543357,-2.96057,0.229477,-2.77154,0.444683,-2.46246,0.67915,-2.03331,0.899101,-1.48441,1.07942,-0.947412,1.21968,-0.530478,1.31986,-0.233606,1.37996,-0.0567946,1.4,0,0.6,0,0.7,5.45807
-0.313585,-2.98357,1.4,4.11459,0,0,1.4,0,0,0,0,0,-0.00661035,-0.0631418,-0.0264414,-0.252567,-0.0594932,-0.568276,-0.105766,-1.01027,-0.165036,-1.57609,-0.221098,-2.10917,-0.263351,-2.51611,-0.271415,-2.80167,-0.235239,-2.96822,-0.154823,-3.01575,-0.030167,-2.94426,0.138729,-2.75375,0.351865,-2.44423,0.604233,-2.01569,0.847,-1.46865,1.04608,-0.9369,1.20092,-0.524164,1.31152,-0.230446,1.37788,-0.0557449,1.4,-4.44089e-16,0.6,0,0.7,5.46459
-0.313585,-2.98357,1.6,4.12064,0,0,1.4,0,0,0,0,0,-0.00662982,-0.0633277,-0.0265193,-0.253311,-0.0596684,-0.56995,-0.106077,-1.01324,-0.165497,-1.58048,-0.221535,-2.11332,-0.264312,-2.5195,-0.292838,-2.79929,-0.282521,-2.959,-0.22275,-3.00135,-0.113524,-2.92635,0.0451576,-2.734,0.253294,-2.42429,0.510884,-1.99723,0.781815,-1.45359,1.00436,-0.928174,1.17745,-0.520109,1.30109,-0.229397,1.37527,-0.0560372,1.4,4.44089e-16,0.6,0,0.7,5.47064
-0.313585,-2.98357,1.8,4.12749,0,0,1.4,0,0,0,0,0,-0.00665187,-0.0635384,-0.0266075,-0.254153,-0.0598669,-0.571845,-0.10643,-1.01661,-0.166017,-1.58542,-0.222026,-2.11799,-0.264732,-2.52348,-0.294134,-2.8019,-0.30858,-2.95371,-0.278124,-2.9875,-0.191626,-2.90647,-0.0490849,-2.71061,0.149499,-2.39993,0.404125,-1.97443,0.699532,-1.43531,0.951711,-0.918598,1.14785,-0.516711,1.28794,-0.229649,1.37199,-0.0574124,1.4,4.44089e-16,0.6,0,0.7,5.47749
-0.313585,-2.98357,2,4.14227,0,0,1.4,0,0,0,0,0,-0.00669959,-0.0639942,-0.0267984,-0.255977,-0.0602963,-0.575947,-0.107193,-1.02391,-0.167137,-1.59608,-0.223084,-2.12804,-0.265631,-2.53201,-0.29478,-2.808,-0.310529,-2.956,-0.309888,-2.97698,-0.256062,-2.88287,-0.13812,-2.67719,0.0439372,-2.35992,0.290111,-1.93107,0.598552,-1.39397,0.887073,-0.892016,1.11148,-0.501644,1.27177,-0.222851,1.36794,-0.0556366,1.4,8.88178e-16,0.6,0,0.7,5.49227
0.927051,-2.85317,0.2,1.54817,0,0,1.4,0,0,0,0,0,0.002767,-0.00855165,0.011068,-0.0342066,0.0258663,-0.0748954,0.0554209,-0.112875,0.101625,-0.144077,0.16448,-0.168503,0.243984,-0.18615,0.340138,-0.197021,0.452941,-0.201115,0.582395,-0.198431,0.728145,-0.18897,0.869395,-0.172732,0.993994,-0.149717,1.10194,-0.119925,1.19324,-0.084715,1.26789,-0.0542176,1.3259,-0.0304974,1.36725,-0.0135544,1.39195,-0.0033886,1.4,-2.77556e-17,0.6,0,0.7,5.44817
0.927051,-2.85317,0.4,1.86891,0,0,1.4,0,0,0,0,0,0.00403223,-0.0124619,0.0161289,-0.0498477,0.03629,-0.112157,0.0645156,-0.199391,0.103209,-0.30002,0.15889,-0.382778,0.231923,-0.445912,0.32231,-0.489421,0.430048,-0.513306,0.55514,-0.517566,0.697584,-0.502202,0.844714,-0.467214,0.974859,-0.412601,1.08765,-0.338364,1.18309,-0.244906,1.26118,-0.156676,1.32191,-0.0880703,1.36529,-0.0390892,1.39132,-0.00973244,1.4,0,0.6,0,0.7,6.51891
0.927051,-2.85317,0.6,2.41246,0,0,1.4,0,0,0,0,0,0.00671879,-0.020765,0.0268752,-0.08306,0.0604691,-0.186885,0.107501,-0.33224,0.16797,-0.519097,0.242411,-0.704017,0.331304,-0.847748,0.43465,-0.950292,0.552449,-1.01165,0.6847,-1.03182,0.820971,-1.0108,0.943117,-0.948591,1.05081,-0.845197,1.14405,-0.700615,1.22284,-0.514846,1.28717,-0.329502,1.33705,-0.185345,1.37248,-0.0823754,1.39346,-0.0205938,1.4,2.22045e-16,0.6,0,0.7,4.36246
0.927051,-2.85317,0.8,3.14257,0,0,1.4,0,0,0,0,0,0.0114009,-0.0352355,0.0456037,-0.140942,0.102608,-0.31712,0.182415,-0.563768,0.285023,-0.880888,0.395701,-1.20928,0.495581,-1.46533,0.594149,-1.64844,0.692717,-1.75862,0.791285,-1.79585,0.889853,-1.76015,0.988421,-1.65151,1.08428,-1.46993,1.16804,-1.21541,1.23892,-0.888007,1.29691,-0.56456,1.34201,-0.314051,1.37423,-0.136481,1.39356,-0.0318495,1.4,3.33067e-16,0.6,0,0.7,5.09257
0.927051,-2.85317,1,3.90267,0,0,1.4,0,0,0,0,0,0.0175831,-0.0543419,0.0703323,-0.217368,0.158248,-0.489077,0.281329,-0.869471,0.439577,-1.35855,0.613231,-1.87117,0.770871,-2.27245,0.912097,-2.56068,1.03691,-2.73587,1.14531,-2.798,1.23729,-2.7471,1.31286,-2.58314,1.37201,-2.30614,1.41475,-1.9161,1.44107,-1.41301,1.45098,-0.904368,1.44448,-0.508707,1.42185,-0.226092,1.40327,-0.056523,1.4,4.44089e-16,0.6,0,0.7,5.85267
0.927051,-2.85317,1.2,4.06683,0,0,1.4,0,0,0,0,0,0.0190934,-0.0590096,0.0763734,-0.236038,0.17184,-0.531086,0.305494,-0.944154,0.477131,-1.47442,0.643525,-1.98586,0.786062,-2.37617,0.914549,-2.64324,1.02899,-2.78707,1.12937,-2.80764,1.21571,-2.70498,1.28799,-2.47907,1.34623,-2.12991,1.39041,-1.65751,1.42054,-1.09973,1.43663,-0.640703,1.43866,-0.304925,1.42664,-0.0923925,1.40703,-0.00310499,1.4,-4.44089e-16,0.6,0,0.7,6.01683
0.927051,-2.85317,1.4,3.91827,0,0,1.4,0,0,0,0,0,0.0177238,-0.054777,0.0708954,-0.219108,0.159515,-0.492993,0.283582,-0.876433,0.443096,-1.36943,0.61023,-1.88388,0.742377,-2.28995,0.848527,-2.58457,0.944874,-2.76449,1.03169,-2.82967,1.10899,-2.78009,1.17675,-2.61576,1.23595,-2.33668,1.2871,-1.94284,1.32871,-1.43426,1.36081,-0.918011,1.38337,-0.516381,1.39641,-0.229503,1.4,-0.0573757,1.4,0,0.6,0,0.7,5.86827
0.927051,-2.85317,1.6,3.93252,0,0,1.4,0,0,0,0,0,0.017853,-0.0551762,0.071412,-0.220705,0.160677,-0.496586,0.285648,-0.882819,0.446325,-1.37941,0.613492,-1.89391,0.745278,-2.29886,0.841358,-2.59345,0.911185,-2.77577,0.974278,-2.84261,1.03727,-2.79392,1.10026,-2.6297,1.16325,-2.34996,1.22579,-1.9547,1.28056,-1.4439,1.32502,-0.924212,1.35918,-0.519869,1.38303,-0.231053,1.39658,-0.0577632,1.4,2.22045e-16,0.6,0,0.7,5.88252
0.927051,-2.85317,1.8,3.96009,0,0,1.4,0,0,0,0,0,0.0181042,-0.0559526,0.0724168,-0.22381,0.162938,-0.503573,0.289667,-0.895241,0.452605,-1.39881,0.619755,-1.91317,0.750827,-2.31589,0.84569,-2.60671,0.904344,-2.78562,0.946377,-2.85048,0.999384,-2.79828,1.06339,-2.629,1.13118,-2.34263,1.19895,-1.93917,1.26038,-1.41864,1.31065,-0.900812,1.34974,-0.500068,1.37766,-0.21641,1.39442,-0.0498372,1.4,4.44089e-16,0.6,0,0.7,5.91009
0.927051,-2.85317,2,3.96649,0,0,1.4,0,0,0,0,0,0.0181628,-0.0561337,0.0726512,-0.224535,0.163465,-0.505203,0.290605,-0.898139,0.45407,-1.40334,0.621201,-1.91761,0.752103,-2.31981,0.84668,-2.60974,0.904931,-2.7874,0.926856,-2.85279,0.935685,-2.80437,0.963419,-2.63954,1.01025,-2.35828,1.07619,-1.96057,1.16123,-1.44642,1.24718,-0.924367,1.31404,-0.518617,1.3618,-0.229308,1.39045,-0.05644,1.4,0,0.6,0,0.7,5.91649
2.00739,-2.22943,0.2,1.4559,0,0,1.4,0,0,0,0,0,0.00533801,-0.00588958,0.021352,-0.0235583,0.048182,-0.0524686,0.0888504,-0.0810087,0.144583,-0.10447,0.215379,-0.122851,0.30124,-0.136154,0.402165,-0.144377,0.518154,-0.147521,0.649207,-0.145585,0.789904,-0.138571,0.917949,-0.126477,1.03093,-0.109304,1.12885,-0.0870517,1.2117,-0.0609454,1.27949,-0.038603,1.33221,-0.0213399,1.36987,-0.00915604,1.39247,-0.00205142,1.4,-2.77556e-17,0.6,0,0.7,5.0559
2.00739,-2.22943,0.4,1.64781,0,0,1.4,0,0,0,0,0,0.00683799,-0.00754456,0.027352,-0.0301782,0.0615419,-0.067901,0.109408,-0.120713,0.170957,-0.188304,0.246642,-0.252272,0.336727,-0.30184,0.441212,-0.337008,0.560096,-0.357776,0.693381,-0.364144,0.828762,-0.356112,0.949825,-0.333681,1.05649,-0.296849,1.14875,-0.245618,1.22662,-0.179999,1.29008,-0.115199,1.33915,-0.0647995,1.37381,-0.0287998,1.39407,-0.00719995,1.4,0,0.6,0,0.7,5.69781
2.00739,-2.22943,0.6,2.0758,0,0,1.4,0,0,0,0,0,0.0108514,-0.0119727,0.0434058,-0.0478909,0.097663,-0.107754,0.173623,-0.191564,0.271286,-0.299318,0.389903,-0.429711,0.51381,-0.546209,0.637717,-0.632212,0.759448,-0.687721,0.87118,-0.712736,0.972212,-0.707257,1.06254,-0.671283,1.14218,-0.604815,1.21111,-0.507853,1.26934,-0.380396,1.31687,-0.243954,1.3537,-0.137224,1.37982,-0.0609885,1.39525,-0.0152471,1.4,5.55112e-17,0.6,0,0.7,4.9258
2.00739,-2.22943,0.8,2.84972,0,0,1.4,0,0,0,0,0,0.0204512,-0.0225645,0.081805,-0.0902579,0.184061,-0.20308,0.32722,-0.361031,0.511281,-0.564112,0.73121,-0.80491,0.937059,-1.0099,1.11602,-1.16024,1.26811,-1.25592,1.39331,-1.29695,1.49163,-1.28333,1.56306,-1.21505,1.60762,-1.09212,1.62529,-0.91454,1.61608,-0.682305,1.57998,-0.437225,1.51701,-0.245939,1.45119,-0.109306,1.41217,-0.0273266,1.4,0,0.6,0,0.7,5.24972
2.00739,-2.22943,1,3.70229,0,0,1.4,0,0,0,0,0,0.0345188,-0.0380856,0.138075,-0.152343,0.310669,-0.342771,0.552301,-0.60937,0.86297,-0.952141,1.21964,-1.34197,1.53056,-1.65828,1.78621,-1.88791,1.9866,-2.03085,2.13173,-2.08711,2.22158,-2.05668,2.25618,-1.93957,2.23551,-1.73578,2.15957,-1.44531,2.02837,-1.06815,1.8419,-0.681388,1.64869,-0.381029,1.51053,-0.167353,1.42763,-0.0403614,1.4,2.22045e-16,0.6,0,0.7,6.10229
2.00739,-2.22943,1.2,3.70949,0,0,1.4,0,0,0,0,0,0.0346533,-0.038234,0.138613,-0.152936,0.31188,-0.344106,0.554453,-0.611745,0.866333,-0.955851,1.22103,-1.34886,1.51889,-1.67586,1.76238,-1.91539,1.95336,-2.06607,2.09183,-2.12791,2.17778,-2.10091,2.21122,-1.98506,2.19215,-1.78037,2.12056,-1.48683,1.99647,-1.10445,1.81986,-0.706476,1.63631,-0.396593,1.50503,-0.175554,1.42626,-0.0433584,1.4,0,0.6,0,0.7,6.10949
2.00739,-2.22943,1.4,3.7157,0,0,1.4,0,0,0,0,0,0.0347694,-0.0383621,0.139078,-0.153448,0.312925,-0.345259,0.55631,-0.613794,0.869235,-0.959053,1.22434,-1.35254,1.51958,-1.681,1.74752,-1.93116,1.92366,-2.09209,2.051,-2.16171,2.12952,-2.14,2.15923,-2.02697,2.14013,-1.82261,2.07222,-1.52694,1.95549,-1.13995,1.78996,-0.730571,1.61935,-0.410946,1.49742,-0.182643,1.42431,-0.0456607,1.4,0,0.6,0,0.7,6.1157
2.00739,-2.22943,1.6,3.72665,0,0,1.4,0,0,0,0,0,0.0349746,-0.0385885,0.139898,-0.154354,0.314771,-0.347296,0.559593,-0.617416,0.874364,-0.964712,1.23017,-1.35901,1.52494,-1.68696,1.74976,-1.93774,1.90685,-2.10987,2.01551,-2.19054,2.08022,-2.17677,2.10097,-2.06858,2.07777,-1.86596,2.01061,-1.5689,1.89949,-1.17742,1.74447,-0.755443,1.59243,-0.424937,1.48434,-0.188861,1.42021,-0.0472152,1.4,2.22045e-16,0.6,0,0.7,6.12665
2.00739,-2.22943,1.8,3.73863,0,0,1.4,0,0,0,0,0,0.0351999,-0.0388371,0.140799,-0.155348,0.316799,-0.349534,0.563198,-0.621393,0.879996,-0.970926,1.23652,-1.36607,1.53077,-1.69346,1.75462,-1.94317,1.90807,-2.11522,1.99344,-2.20818,2.03533,-2.20704,2.04039,-2.10776,2.00863,-1.91032,1.94004,-1.61474,1.83462,-1.22101,1.69364,-0.785192,1.56499,-0.44167,1.47317,-0.196298,1.41817,-0.0490745,1.4,-6.66134e-16,0.6,0,0.7,6.13863
2.00739,-2.22943,2,3.7622,0,0,1.4,0,0,0,0,0,0.035645,-0.0393282,0.14258,-0.157313,0.320805,-0.353954,0.57032,-0.629252,0.891126,-0.983206,1.24893,-1.37986,1.54213,-1.70611,1.76405,-1.95371,1.91467,-2.12265,1.994,-2.21293,2.00552,-2.22294,1.98149,-2.13523,1.92978,-1.94504,1.85038,-1.65237,1.7433,-1.25721,1.62148,-0.808604,1.52458,-0.452739,1.45537,-0.199357,1.41384,-0.0484565,1.4,6.66134e-16,0.6,0,0.7,6.1622
2.74064,-1.22021,0.2,1.39727,0,0,1.4,0,0,0,0,0,0.00669328,-0.00296693,0.0267731,-0.0118677,0.060249,-0.0266212,0.107745,-0.0419001,0.169636,-0.0544988,0.245923,-0.0644173,0.336605,-0.0716556,0.441682,-0.0762137,0.561155,-0.0780916,0.695023,-0.0772893,0.830261,-0.0738067,0.951139,-0.067644,1.05762,-0.058801,1.14971,-0.0472779,1.2274,-0.0335026,1.29069,-0.0214417,1.33959,-0.0120609,1.3741,-0.00536042,1.39421,-0.0013401,1.4,-1.38778e-17,0.6,0,0.7,4.84727
2.74064,-1.22021,0.4,1.44726,0,0,1.4,0,0,0,0,0,0.00718074,-0.003183,0.028723,-0.012732,0.0646267,-0.028647,0.114892,-0.0509281,0.179519,-0.0795751,0.25844,-0.113033,0.351207,-0.140858,0.457736,-0.161107,0.578028,-0.173782,0.711883,-0.178883,0.842625,-0.176408,0.959605,-0.166359,1.06282,-0.148735,1.15228,-0.123536,1.22797,-0.0907632,1.2899,-0.0574766,1.33807,-0.0317557,1.37248,-0.0136095,1.39312,-0.00303802,1.4,-1.38778e-17,0.6,0,0.7,5.04726
2.74064,-1.22021,0.6,1.62798,0,0,1.4,0,0,0,0,0,0.00908608,-0.00402758,0.0363443,-0.0161103,0.0817747,-0.0362482,0.145377,-0.0644413,0.227152,-0.10069,0.327099,-0.144993,0.445218,-0.197351,0.579807,-0.252958,0.711107,-0.293987,0.830961,-0.318764,0.93937,-0.32729,1.03633,-0.319564,1.12185,-0.295587,1.19592,-0.255359,1.25855,-0.198878,1.30973,-0.130012,1.34946,-0.0731317,1.37775,-0.032503,1.3946,-0.00812575,1.4,-1.11022e-16,0.6,0,0.7,5.37798
2.74064,-1.22021,0.8,2.57953,0,0,1.4,0,0,0,0,0,0.0228118,-0.0101118,0.0912471,-0.0404471,0.205306,-0.0910059,0.364988,-0.161788,0.570294,-0.252794,0.821224,-0.364024,1.09042,-0.479756,1.32094,-0.567269,1.51101,-0.625549,1.66063,-0.654594,1.76981,-0.654405,1.83854,-0.624982,1.86683,-0.566325,1.85467,-0.478434,1.80207,-0.361308,1.70902,-0.231908,1.58201,-0.13008,1.48089,-0.0574875,1.42022,-0.0141287,1.4,1.11022e-16,0.6,0,0.7,5.42953
2.74064,-1.22021,1,3.53088,0,0,1.4,0,0,0,0,0,0.0427409,-0.0189457,0.170963,-0.0757829,0.384668,-0.170512,0.683854,-0.303132,1.06852,-0.473643,1.52917,-0.677286,1.94526,-0.852984,2.28028,-0.982095,2.53423,-1.06462,2.70711,-1.10056,2.79891,-1.08991,2.80964,-1.03268,2.7393,-0.928862,2.58789,-0.778457,2.35541,-0.581467,2.04477,-0.372688,1.76197,-0.209637,1.56025,-0.093172,1.43959,-0.023293,1.4,-1.11022e-16,0.6,0,0.7,6.23088
2.74064,-1.22021,1.2,3.53397,0,0,1.4,0,0,0,0,0,0.0428157,-0.0189789,0.171263,-0.0759155,0.385341,-0.17081,0.685051,-0.303662,1.07039,-0.474472,1.53131,-0.679101,1.94371,-0.862567,2.27432,-1.00073,2.52489,-1.09025,2.69541,-1.13113,2.78589,-1.12335,2.79632,-1.06693,2.72671,-0.961865,2.57706,-0.808152,2.34736,-0.605792,2.04035,-0.388442,1.7602,-0.218362,1.56009,-0.0969282,1.44002,-0.024141,1.4,1.11022e-16,0.6,0,0.7,6.23397
2.74064,-1.22021,1.4,3.53802,0,0,1.4,0,0,0,0,0,0.0429139,-0.0190224,0.171656,-0.0760897,0.386225,-0.171202,0.686622,-0.304359,1.07285,-0.475561,1.53444,-0.680494,1.94655,-0.864121,2.27286,-1.00965,2.5175,-1.10949,2.68345,-1.15812,2.7707,-1.15556,2.77926,-1.1018,2.70912,-0.996848,2.56029,-0.840699,2.33276,-0.633353,2.02955,-0.406216,1.75412,-0.227869,1.55739,-0.100719,1.43935,-0.0247649,1.4,-1.11022e-16,0.6,0,0.7,6.23802
2.74064,-1.22021,1.6,3.54469,0,0,1.4,0,0,0,0,0,0.0430759,-0.0190942,0.172304,-0.076377,0.387683,-0.171848,0.689215,-0.305508,1.0769,-0.477356,1.53958,-0.682785,1.95142,-0.866291,2.2771,-1.01161,2.51664,-1.11874,2.67433,-1.18008,2.75496,-1.18716,2.75855,-1.13999,2.6851,-1.03855,2.5346,-0.882846,2.30705,-0.672882,2.00697,-0.434097,1.73967,-0.244179,1.54941,-0.108524,1.4362,-0.0271311,1.4,0,0.6,0,0.7,6.24469
2.74064,-1.22021,1.8,3.54715,0,0,1.4,0,0,0,0,0,0.0431355,-0.0191207,0.172542,-0.0764827,0.38822,-0.172086,0.690169,-0.305931,1.07839,-0.478017,1.54147,-0.683625,1.9532,-0.867087,2.27867,-1.01231,2.51786,-1.11928,2.67078,-1.18802,2.74186,-1.21118,2.73877,-1.17605,2.66164,-1.0824,2.51048,-0.930243,2.28528,-0.719572,1.99153,-0.468103,1.73259,-0.263308,1.54769,-0.117026,1.43683,-0.0292564,1.4,0,0.6,0,0.7,6.24715
2.74064,-1.22021,2,3.55871,0,0,1.4,0,0,0,0,0,0.0434172,-0.0192455,0.173669,-0.076982,0.390754,-0.17321,0.694675,-0.307928,1.08543,-0.481138,1.55034,-0.687579,1.96159,-0.870826,2.286,-1.01558,2.52357,-1.12185,2.67431,-1.18962,2.73822,-1.2189,2.72031,-1.20239,2.63164,-1.12282,2.47259,-0.979459,2.24316,-0.772315,1.95436,-0.510293,1.71021,-0.28704,1.53644,-0.127573,1.43305,-0.0318933,1.4,1.11022e-16,0.6,0,0.7,6.25871
